{
"type": "FeatureCollection",
"name": "landuse",
"crs": { "type": "name", "properties": { "name": "urn:ogc:def:crs:OGC:1.3:CRS84" } },
"features": [
{ "type": "Feature", "properties": { "osm_id": "node/11299998980", "landuse": null, "leisure": "playground", "amenity": null, "name": null }, "geometry": { "type": "Point", "coordinates": [ 77.6407425, 12.9079855 ] } },
{ "type": "Feature", "properties": { "osm_id": "node/11300006182", "landuse": null, "leisure": "playground", "amenity": null, "name": null }, "geometry": { "type": "Point", "coordinates": [ 77.6405437, 12.9074348 ] } },
{ "type": "Feature", "properties": { "osm_id": "way/24491477", "landuse": "recreation_ground", "leisure": null, "amenity": null, "name": null }, "geometry": { "type": "Polygon", "coordinates": [ [ [ 77.6476343, 12.9183127 ], [ 77.6471277, 12.9183725 ], [ 77.6471594, 12.9173075 ], [ 77.6476343, 12.9173177 ], [ 77.6476343, 12.9183127 ] ] ] } },
{ "type": "Feature", "properties": { "osm_id": "way/38533563", "landuse": "military", "leisure": null, "amenity": null, "name": "Iblur Military Area" }, "geometry": { "type": "Polygon", "coordinates": [ [ [ 77.6620862, 12.9212035 ], [ 77.6619802, 12.9208348 ], [ 77.6637715, 12.9203458 ], [ 77.6638774, 12.9207145 ], [ 77.665088, 12.920362 ], [ 77.6649185, 12.9196968 ], [ 77.664747, 12.9190368 ], [ 77.6645376, 12.9182219 ], [ 77.664385, 12.917895 ], [ 77.6638849, 12.9166274 ], [ 77.6636193, 12.9165647 ], [ 77.6635418, 12.9163315 ], [ 77.6635097, 12.916138 ], [ 77.6634184, 12.9159329 ], [ 77.6628882, 12.914563 ], [ 77.6621398, 12.9142419 ], [ 77.6616586, 12.9125698 ], [ 77.6623164, 12.9122936 ], [ 77.6624848, 12.9119194 ], [ 77.6631984, 12.9120648 ], [ 77.663413, 12.9117511 ], [ 77.6632842, 12.9115733 ], [ 77.6634344, 12.9113642 ], [ 77.6630813, 12.9109332 ], [ 77.663409, 12.9105611 ], [ 77.6627993, 12.9099674 ], [ 77.661422, 12.9086157 ], [ 77.6635351, 12.9075299 ], [ 77.663283, 12.9064898 ], [ 77.6621672, 12.9045153 ], [ 77.6619355, 12.9037038 ], [ 77.6612971, 12.9030873 ], [ 77.6600763, 12.9030738 ], [ 77.6600066, 12.9025457 ], [ 77.6594861, 12.9026564 ], [ 77.6589149, 12.9018894 ], [ 77.6587683, 12.9013947 ], [ 77.6586678, 12.9013204 ], [ 77.6546818, 12.9017984 ], [ 77.6534576, 12.9020025 ], [ 77.653242, 12.902007 ], [ 77.6523616, 12.90172 ], [ 77.6521357, 12.9016464 ], [ 77.6518929, 12.9013421 ], [ 77.6510078, 12.9020071 ], [ 77.6507717, 12.9020332 ], [ 77.6505893, 12.90333 ], [ 77.650778, 12.9038818 ], [ 77.6507878, 12.9039104 ], [ 77.6511043, 12.9046216 ], [ 77.6516714, 12.9072732 ], [ 77.6518867, 12.9072315 ], [ 77.652056, 12.9072063 ], [ 77.6531589, 12.9070425 ], [ 77.6532286, 12.9074713 ], [ 77.6535927, 12.9074435 ], [ 77.6537973, 12.9092282 ], [ 77.6540561, 12.9114661 ], [ 77.6540761, 12.9116671 ], [ 77.6540293, 12.9121028 ], [ 77.6536967, 12.9121158 ], [ 77.6539777, 12.9142145 ], [ 77.653999, 12.9143043 ], [ 77.6541956, 12.9151328 ], [ 77.6544853, 12.9162766 ], [ 77.6541513, 12.9164073 ], [ 77.6543525, 12.9176517 ], [ 77.6543994, 12.9180661 ], [ 77.6545376, 12.9181288 ], [ 77.6546288, 12.919053 ], [ 77.6547529, 12.9199859 ], [ 77.6548205, 12.9205472 ], [ 77.6545992, 12.9205978 ], [ 77.6537189, 12.9207563 ], [ 77.653761, 12.921253 ], [ 77.652466, 12.9213938 ], [ 77.6524169, 12.92115 ], [ 77.6516926, 12.9212269 ], [ 77.6516808, 12.9215288 ], [ 77.6518916, 12.9215091 ], [ 77.6518956, 12.9230803 ], [ 77.6516749, 12.9230857 ], [ 77.6517249, 12.9233288 ], [ 77.6518684, 12.9239973 ], [ 77.6547106, 12.9234691 ], [ 77.6562457, 12.9230411 ], [ 77.6597412, 12.9218181 ], [ 77.6602754, 12.9216632 ], [ 77.6620862, 12.9212035 ] ] ] } },
{ "type": "Feature", "properties": { "osm_id": "way/41184090", "landuse": "residential", "leisure": null, "amenity": null, "name": "Karnataka State Reserve Police Quarters" }, "geometry": { "type": "Polygon", "coordinates": [ [ [ 77.6260606, 12.9187132 ], [ 77.6271536, 12.9184 ], [ 77.6285543, 12.918014 ], [ 77.6288758, 12.9193957 ], [ 77.6289184, 12.919567 ], [ 77.6318159, 12.9187056 ], [ 77.6320843, 12.9186258 ], [ 77.6323062, 12.919423 ], [ 77.6322737, 12.9194314 ], [ 77.6323339, 12.9196097 ], [ 77.6323693, 12.9195993 ], [ 77.6324736, 12.9198591 ], [ 77.6325876, 12.9201902 ], [ 77.6326597, 12.9201714 ], [ 77.6330314, 12.9209302 ], [ 77.6330558, 12.9210392 ], [ 77.6331508, 12.9210183 ], [ 77.6335876, 12.9220841 ], [ 77.6336341, 12.9221898 ], [ 77.6339092, 12.9240817 ], [ 77.6339557, 12.9247021 ], [ 77.6313997, 12.9243087 ], [ 77.6298407, 12.924053 ], [ 77.629535, 12.9240089 ], [ 77.62988, 12.9235836 ], [ 77.628831, 12.9237941 ], [ 77.6283921, 12.9238795 ], [ 77.6269321, 12.9235503 ], [ 77.6267562, 12.9235076 ], [ 77.6234322, 12.9227518 ], [ 77.6229548, 12.9225005 ], [ 77.6220664, 12.9219428 ], [ 77.6212238, 12.9214336 ], [ 77.62149, 12.9207408 ], [ 77.6218882, 12.9208693 ], [ 77.6219573, 12.9208065 ], [ 77.6220753, 12.9207878 ], [ 77.621968, 12.9199794 ], [ 77.6219521, 12.9198923 ], [ 77.6225179, 12.9198168 ], [ 77.6224764, 12.9193639 ], [ 77.6227648, 12.9193302 ], [ 77.6234213, 12.9192595 ], [ 77.6239752, 12.9189039 ], [ 77.624031, 12.919115 ], [ 77.6251312, 12.9189732 ], [ 77.6253494, 12.9188839 ], [ 77.6260606, 12.9187132 ] ] ] } },
{ "type": "Feature", "properties": { "osm_id": "way/90843336", "landuse": null, "leisure": "park", "amenity": null, "name": null }, "geometry": { "type": "Polygon", "coordinates": [ [ [ 77.6532223, 12.9188963 ], [ 77.6532388, 12.9181244 ], [ 77.6539268, 12.9181534 ], [ 77.65401, 12.918913 ], [ 77.6532223, 12.9188963 ] ] ] } },
{ "type": "Feature", "properties": { "osm_id": "way/90843342", "landuse": null, "leisure": "park", "amenity": null, "name": "Nethravathi Park" }, "geometry": { "type": "Polygon", "coordinates": [ [ [ 77.6526038, 12.9173829 ], [ 77.6526113, 12.9167299 ], [ 77.6535859, 12.9167815 ], [ 77.6536955, 12.9173942 ], [ 77.6526038, 12.9173829 ] ] ] } },
{ "type": "Feature", "properties": { "osm_id": "way/90843344", "landuse": null, "leisure": "park", "amenity": null, "name": "Kaveri Park" }, "geometry": { "type": "Polygon", "coordinates": [ [ [ 77.6490467, 12.9125367 ], [ 77.6490461, 12.9127618 ], [ 77.6490479, 12.9131525 ], [ 77.6505219, 12.9131462 ], [ 77.6505192, 12.9125497 ], [ 77.6504369, 12.91255 ], [ 77.6493936, 12.9125544 ], [ 77.6490467, 12.9125367 ] ] ] } },
{ "type": "Feature", "properties": { "osm_id": "way/112462013", "landuse": "residential", "leisure": null, "amenity": null, "name": "Police Quarters, Jakkasandra" }, "geometry": { "type": "Polygon", "coordinates": [ [ [ 77.6340898, 12.924723 ], [ 77.6340264, 12.9239268 ], [ 77.6347738, 12.9238542 ], [ 77.6347376, 12.9235182 ], [ 77.6350848, 12.9234515 ], [ 77.6350835, 12.9233548 ], [ 77.6349691, 12.9233811 ], [ 77.6348949, 12.9230017 ], [ 77.6355767, 12.9228738 ], [ 77.6357134, 12.9238006 ], [ 77.6361447, 12.9238349 ], [ 77.6364068, 12.9238437 ], [ 77.6364228, 12.9246908 ], [ 77.63655, 12.9247515 ], [ 77.6366576, 12.9247561 ], [ 77.6366421, 12.9251382 ], [ 77.6340898, 12.924723 ] ] ] } },
{ "type": "Feature", "properties": { "osm_id": "way/112579232", "landuse": "residential", "leisure": null, "amenity": null, "name": "CPWD Quarters" }, "geometry": { "type": "Polygon", "coordinates": [ [ [ 77.651861, 12.9158146 ], [ 77.6525895, 12.9158245 ], [ 77.6540484, 12.9158566 ], [ 77.6536487, 12.9141745 ], [ 77.6535111, 12.9131096 ], [ 77.6519359, 12.91304 ], [ 77.6519189, 12.9137365 ], [ 77.6519126, 12.9143206 ], [ 77.6519085, 12.9145454 ], [ 77.6519082, 12.9147345 ], [ 77.651861, 12.9158146 ] ] ] } },
{ "type": "Feature", "properties": { "osm_id": "way/128220279", "landuse": null, "leisure": "park", "amenity": null, "name": null }, "geometry": { "type": "Polygon", "coordinates": [ [ [ 77.6298486, 12.9146014 ], [ 77.6305579, 12.914543 ], [ 77.6305351, 12.9151793 ], [ 77.629917, 12.9152416 ], [ 77.6298486, 12.9146014 ] ] ] } },
{ "type": "Feature", "properties": { "osm_id": "way/129438439", "landuse": "residential", "leisure": null, "amenity": null, "name": "Nagarjuna Greenridge Apartments" }, "geometry": { "type": "Polygon", "coordinates": [ [ [ 77.6450675, 12.9044673 ], [ 77.6458255, 12.9043087 ], [ 77.6457442, 12.9027609 ], [ 77.6455364, 12.902687 ], [ 77.6455199, 12.902261 ], [ 77.6448684, 12.9023279 ], [ 77.6450675, 12.9044673 ] ] ] } },
{ "type": "Feature", "properties": { "osm_id": "way/133524189", "landuse": "residential", "leisure": null, "amenity": null, "name": "Purva Fairmont" }, "geometry": { "type": "Polygon", "coordinates": [ [ [ 77.6476885, 12.9061968 ], [ 77.6484514, 12.9061344 ], [ 77.6489376, 12.9060012 ], [ 77.6489262, 12.9057215 ], [ 77.6488948, 12.9054614 ], [ 77.6480472, 12.9055431 ], [ 77.6472974, 12.9056299 ], [ 77.6466298, 12.9057415 ], [ 77.646235, 12.9059035 ], [ 77.6457747, 12.906102 ], [ 77.6454409, 12.9062667 ], [ 77.6455964, 12.9067085 ], [ 77.6463865, 12.9066152 ], [ 77.6468156, 12.9064846 ], [ 77.6476997, 12.9062877 ], [ 77.6476885, 12.9061968 ] ] ] } },
{ "type": "Feature", "properties": { "osm_id": "way/133524190", "landuse": "residential", "leisure": null, "amenity": null, "name": "Purva Vantage" }, "geometry": { "type": "Polygon", "coordinates": [ [ [ 77.6454321, 12.9068781 ], [ 77.6454067, 12.9067852 ], [ 77.6452807, 12.9063235 ], [ 77.6450823, 12.9063939 ], [ 77.6447926, 12.9064966 ], [ 77.6445588, 12.9069535 ], [ 77.644572, 12.9070255 ], [ 77.6445875, 12.9071131 ], [ 77.6446955, 12.9071032 ], [ 77.6450104, 12.9070628 ], [ 77.645001, 12.9069772 ], [ 77.6454321, 12.9068781 ] ] ] } },
{ "type": "Feature", "properties": { "osm_id": "way/137776371", "landuse": "residential", "leisure": null, "amenity": null, "name": "Sraddha Fairmount Apartments" }, "geometry": { "type": "Polygon", "coordinates": [ [ [ 77.6518687, 12.9013117 ], [ 77.6518929, 12.9013421 ], [ 77.6521357, 12.9016464 ], [ 77.6523616, 12.90172 ], [ 77.652381, 12.9012281 ], [ 77.6522228, 12.901215 ], [ 77.6518687, 12.9013117 ] ] ] } },
{ "type": "Feature", "properties": { "osm_id": "way/156547661", "landuse": "residential", "leisure": null, "amenity": null, "name": "Meenakshi Classic Apartments" }, "geometry": { "type": "Polygon", "coordinates": [ [ [ 77.6516961, 12.921104 ], [ 77.6517266, 12.9205324 ], [ 77.6521307, 12.9205378 ], [ 77.6523434, 12.9204595 ], [ 77.6528157, 12.9204485 ], [ 77.6528292, 12.9209797 ], [ 77.6526883, 12.9209915 ], [ 77.6517887, 12.9210966 ], [ 77.6516961, 12.921104 ] ] ] } },
{ "type": "Feature", "properties": { "osm_id": "way/156681495", "landuse": null, "leisure": "playground", "amenity": null, "name": "Kids play area" }, "geometry": { "type": "Polygon", "coordinates": [ [ [ 77.6533225, 12.9169581 ], [ 77.6533292, 12.9168259 ], [ 77.6534412, 12.9168313 ], [ 77.6534345, 12.9169636 ], [ 77.6533225, 12.9169581 ] ] ] } },
{ "type": "Feature", "properties": { "osm_id": "way/232235456", "landuse": "residential", "leisure": null, "amenity": null, "name": "Fernhill Apartments" }, "geometry": { "type": "Polygon", "coordinates": [ [ [ 77.6288844, 12.9155565 ], [ 77.6299812, 12.9153622 ], [ 77.6300827, 12.9162601 ], [ 77.62896, 12.916323 ], [ 77.6288844, 12.9155565 ] ] ] } },
{ "type": "Feature", "properties": { "osm_id": "way/232238371", "landuse": "religious", "leisure": null, "amenity": "place_of_worship", "name": "Agara Shri Ayyappaswamy Temple" }, "geometry": { "type": "Polygon", "coordinates": [ [ [ 77.6487443, 12.9251183 ], [ 77.6487715, 12.9247651 ], [ 77.6483677, 12.9247242 ], [ 77.6483613, 12.9247683 ], [ 77.6483193, 12.9250567 ], [ 77.6487443, 12.9251183 ] ] ] } },
{ "type": "Feature", "properties": { "osm_id": "way/232239393", "landuse": "industrial", "leisure": null, "amenity": null, "name": "BMTC Depot 25 (HSR Layout)" }, "geometry": { "type": "Polygon", "coordinates": [ [ [ 77.6437132, 12.9199676 ], [ 77.6437052, 12.9197891 ], [ 77.6445972, 12.9197416 ], [ 77.6448685, 12.9197233 ], [ 77.6449394, 12.9212409 ], [ 77.6444912, 12.9212477 ], [ 77.6444779, 12.9209444 ], [ 77.6437132, 12.9199676 ] ] ] } },
{ "type": "Feature", "properties": { "osm_id": "way/232239478", "landuse": "residential", "leisure": null, "amenity": null, "name": "Mantri Sarovar" }, "geometry": { "type": "Polygon", "coordinates": [ [ [ 77.6430752, 12.9184874 ], [ 77.6429971, 12.9185114 ], [ 77.6428829, 12.9185465 ], [ 77.6425524, 12.9186913 ], [ 77.6425313, 12.9187005 ], [ 77.6426204, 12.9188409 ], [ 77.6428992, 12.9192417 ], [ 77.6429264, 12.9192807 ], [ 77.6429655, 12.9193368 ], [ 77.6443163, 12.918797 ], [ 77.6443117, 12.9187462 ], [ 77.6442722, 12.9183087 ], [ 77.644235, 12.918313 ], [ 77.6438831, 12.9183542 ], [ 77.6437965, 12.9183643 ], [ 77.6435077, 12.9183981 ], [ 77.6434592, 12.9184081 ], [ 77.6430899, 12.9184844 ], [ 77.6430752, 12.9184874 ] ] ] } },
{ "type": "Feature", "properties": { "osm_id": "way/233127585", "landuse": null, "leisure": "park", "amenity": null, "name": null }, "geometry": { "type": "Polygon", "coordinates": [ [ [ 77.6422011, 12.9133141 ], [ 77.6430762, 12.9132772 ], [ 77.6430818, 12.9137343 ], [ 77.6422352, 12.9138794 ], [ 77.6422011, 12.9133141 ] ] ] } },
{ "type": "Feature", "properties": { "osm_id": "way/233128987", "landuse": null, "leisure": "park", "amenity": null, "name": "Independence Park" }, "geometry": { "type": "Polygon", "coordinates": [ [ [ 77.6470959, 12.9077844 ], [ 77.6470478, 12.9075419 ], [ 77.6470041, 12.907322 ], [ 77.6469526, 12.9070304 ], [ 77.6475099, 12.9069836 ], [ 77.6475509, 12.907212 ], [ 77.6475989, 12.9074797 ], [ 77.6476456, 12.9077401 ], [ 77.6473878, 12.9077608 ], [ 77.6473557, 12.9077634 ], [ 77.6470959, 12.9077844 ] ] ] } },
{ "type": "Feature", "properties": { "osm_id": "way/236814188", "landuse": "residential", "leisure": null, "amenity": null, "name": "Salarpuria Serenity" }, "geometry": { "type": "Polygon", "coordinates": [ [ [ 77.6326851, 12.9067937 ], [ 77.6331891, 12.9067981 ], [ 77.6335935, 12.9069376 ], [ 77.6335459, 12.907071 ], [ 77.6339119, 12.9072107 ], [ 77.6339573, 12.9076485 ], [ 77.6331359, 12.9076948 ], [ 77.6326698, 12.9076587 ], [ 77.6326851, 12.9067937 ] ] ] } },
{ "type": "Feature", "properties": { "osm_id": "way/237089963", "landuse": null, "leisure": "park", "amenity": null, "name": null }, "geometry": { "type": "Polygon", "coordinates": [ [ [ 77.6293547, 12.9125773 ], [ 77.6295671, 12.9121568 ], [ 77.6296524, 12.9119769 ], [ 77.6296989, 12.9118787 ], [ 77.6308743, 12.9122168 ], [ 77.6308496, 12.9125437 ], [ 77.6304002, 12.9125094 ], [ 77.6293547, 12.9125773 ] ] ] } },
{ "type": "Feature", "properties": { "osm_id": "way/237089969", "landuse": null, "leisure": "park", "amenity": null, "name": null }, "geometry": { "type": "Polygon", "coordinates": [ [ [ 77.6310623, 12.9107968 ], [ 77.6311601, 12.9104438 ], [ 77.6318605, 12.9104623 ], [ 77.6318461, 12.9110338 ], [ 77.6310623, 12.9107968 ] ] ] } },
{ "type": "Feature", "properties": { "osm_id": "way/237548188", "landuse": null, "leisure": "park", "amenity": null, "name": null }, "geometry": { "type": "Polygon", "coordinates": [ [ [ 77.6330153, 12.9113634 ], [ 77.6330474, 12.9108113 ], [ 77.633945, 12.9107348 ], [ 77.6339413, 12.9113344 ], [ 77.6330153, 12.9113634 ] ] ] } },
{ "type": "Feature", "properties": { "osm_id": "way/286439576", "landuse": null, "leisure": "park", "amenity": null, "name": "Hemavati Park" }, "geometry": { "type": "Polygon", "coordinates": [ [ [ 77.6475837, 12.9167734 ], [ 77.6476198, 12.9158042 ], [ 77.6486256, 12.9158424 ], [ 77.6487439, 12.9167542 ], [ 77.6475837, 12.9167734 ] ] ] } },
{ "type": "Feature", "properties": { "osm_id": "way/286440341", "landuse": null, "leisure": "playground", "amenity": null, "name": "Lawerence School Grounds" }, "geometry": { "type": "Polygon", "coordinates": [ [ [ 77.6334983, 12.9140204 ], [ 77.6347779, 12.9139881 ], [ 77.6347601, 12.9135194 ], [ 77.6334852, 12.9135558 ], [ 77.6334983, 12.9140204 ] ] ] } },
{ "type": "Feature", "properties": { "osm_id": "way/310456338", "landuse": "residential", "leisure": null, "amenity": null, "name": null }, "geometry": { "type": "Polygon", "coordinates": [ [ [ 77.6382363, 12.9190429 ], [ 77.6382256, 12.9173128 ], [ 77.6379266, 12.9173229 ], [ 77.6379199, 12.9171743 ], [ 77.6382137, 12.9171607 ], [ 77.6381204, 12.916185 ], [ 77.6379011, 12.9161807 ], [ 77.6376542, 12.9161948 ], [ 77.6353516, 12.9164938 ], [ 77.6349186, 12.9165248 ], [ 77.6345272, 12.9165529 ], [ 77.6337114, 12.9166114 ], [ 77.6331087, 12.9166752 ], [ 77.6323958, 12.9167506 ], [ 77.632197, 12.9167716 ], [ 77.6317496, 12.9168189 ], [ 77.6316814, 12.9168261 ], [ 77.6316377, 12.9168292 ], [ 77.6316449, 12.9168739 ], [ 77.630395, 12.9172295 ], [ 77.6303137, 12.9169236 ], [ 77.6287374, 12.917036 ], [ 77.6283493, 12.9171087 ], [ 77.6284126, 12.9173995 ], [ 77.6285543, 12.918014 ], [ 77.6288758, 12.9193957 ], [ 77.6289184, 12.919567 ], [ 77.6318159, 12.9187056 ], [ 77.6320843, 12.9186258 ], [ 77.6323062, 12.919423 ], [ 77.6322737, 12.9194314 ], [ 77.6323339, 12.9196097 ], [ 77.6323693, 12.9195993 ], [ 77.6324736, 12.9198591 ], [ 77.6325876, 12.9201902 ], [ 77.6326597, 12.9201714 ], [ 77.6330314, 12.9209302 ], [ 77.6330558, 12.9210392 ], [ 77.6331508, 12.9210183 ], [ 77.6335876, 12.9220841 ], [ 77.6336341, 12.9221898 ], [ 77.6339092, 12.9240817 ], [ 77.6339557, 12.9247021 ], [ 77.6362879, 12.925123 ], [ 77.6367156, 12.9251897 ], [ 77.6369644, 12.9251668 ], [ 77.6374405, 12.9250185 ], [ 77.6380706, 12.9246483 ], [ 77.6385729, 12.9242901 ], [ 77.6391984, 12.9240468 ], [ 77.6391739, 12.92396 ], [ 77.6392368, 12.9236201 ], [ 77.6396095, 12.9233591 ], [ 77.6396624, 12.9233221 ], [ 77.6393368, 12.9224817 ], [ 77.6388813, 12.9216463 ], [ 77.6387587, 12.9212622 ], [ 77.6386917, 12.9212807 ], [ 77.6384269, 12.9213536 ], [ 77.6383284, 12.9211851 ], [ 77.6382988, 12.9211343 ], [ 77.6380237, 12.9206636 ], [ 77.6375905, 12.9199184 ], [ 77.6373008, 12.919606 ], [ 77.6372206, 12.9195357 ], [ 77.6370314, 12.9191316 ], [ 77.6373505, 12.9190624 ], [ 77.6373292, 12.9188411 ], [ 77.6374881, 12.9188346 ], [ 77.6375014, 12.9190441 ], [ 77.6377098, 12.9190155 ], [ 77.6379975, 12.9190513 ], [ 77.6382363, 12.9190429 ] ] ] } },
{ "type": "Feature", "properties": { "osm_id": "way/313826758", "landuse": null, "leisure": "park", "amenity": null, "name": null }, "geometry": { "type": "Polygon", "coordinates": [ [ [ 77.646613, 12.9148896 ], [ 77.6474147, 12.9149142 ], [ 77.64743, 12.9145805 ], [ 77.6466294, 12.9146328 ], [ 77.646613, 12.9148896 ] ] ] } },
{ "type": "Feature", "properties": { "osm_id": "way/313830633", "landuse": "residential", "leisure": null, "amenity": null, "name": "Vandana Apartments" }, "geometry": { "type": "Polygon", "coordinates": [ [ [ 77.6384056, 12.922993 ], [ 77.6386405, 12.9229257 ], [ 77.6386207, 12.9228591 ], [ 77.6389764, 12.9227623 ], [ 77.6390025, 12.9228391 ], [ 77.6393567, 12.9227522 ], [ 77.6392635, 12.9225512 ], [ 77.6383527, 12.9228217 ], [ 77.6384056, 12.922993 ] ] ] } },
{ "type": "Feature", "properties": { "osm_id": "way/316018414", "landuse": "commercial", "leisure": null, "amenity": null, "name": "HSR Layout BDA Complex" }, "geometry": { "type": "Polygon", "coordinates": [ [ [ 77.6380363, 12.9144823 ], [ 77.6369353, 12.9145039 ], [ 77.6368922, 12.9130007 ], [ 77.637985, 12.9129704 ], [ 77.6380363, 12.9144823 ] ] ] } },
{ "type": "Feature", "properties": { "osm_id": "way/316018421", "landuse": null, "leisure": "park", "amenity": null, "name": null }, "geometry": { "type": "Polygon", "coordinates": [ [ [ 77.6309737, 12.9126536 ], [ 77.6309792, 12.9129527 ], [ 77.6317196, 12.9128592 ], [ 77.6309737, 12.9126536 ] ] ] } },
{ "type": "Feature", "properties": { "osm_id": "way/323089966", "landuse": "education", "leisure": null, "amenity": "school", "name": "Cambridge Public School, BBMP Agara" }, "geometry": { "type": "Polygon", "coordinates": [ [ [ 77.6471374, 12.918719 ], [ 77.6476427, 12.9186425 ], [ 77.6476343, 12.9183127 ], [ 77.6471277, 12.9183725 ], [ 77.6471374, 12.918719 ] ] ] } },
{ "type": "Feature", "properties": { "osm_id": "way/323094309", "landuse": null, "leisure": "park", "amenity": null, "name": null }, "geometry": { "type": "Polygon", "coordinates": [ [ [ 77.6519126, 12.9143206 ], [ 77.6522521, 12.9143266 ], [ 77.6522399, 12.9147391 ], [ 77.6519082, 12.9147345 ], [ 77.6519085, 12.9145454 ], [ 77.6519126, 12.9143206 ] ] ] } },
{ "type": "Feature", "properties": { "osm_id": "way/323094310", "landuse": null, "leisure": "park", "amenity": null, "name": "Sector 2 Park" }, "geometry": { "type": "Polygon", "coordinates": [ [ [ 77.6467538, 12.9100453 ], [ 77.6467742, 12.9094131 ], [ 77.645935, 12.909477 ], [ 77.6459813, 12.9101231 ], [ 77.6467538, 12.9100453 ] ] ] } },
{ "type": "Feature", "properties": { "osm_id": "way/323094325", "landuse": "residential", "leisure": null, "amenity": null, "name": "Brundavan Presidency" }, "geometry": { "type": "Polygon", "coordinates": [ [ [ 77.6452118, 12.9053199 ], [ 77.6451485, 12.9059156 ], [ 77.6459237, 12.9055646 ], [ 77.6455941, 12.9045946 ], [ 77.6453965, 12.9046417 ], [ 77.6454339, 12.9049404 ], [ 77.6452118, 12.9053199 ] ] ] } },
{ "type": "Feature", "properties": { "osm_id": "way/323642593", "landuse": null, "leisure": "park", "amenity": null, "name": "Twin park 1" }, "geometry": { "type": "Polygon", "coordinates": [ [ [ 77.6402368, 12.9079044 ], [ 77.6402548, 12.9082407 ], [ 77.6408492, 12.9082105 ], [ 77.6408312, 12.9078741 ], [ 77.6402368, 12.9079044 ] ] ] } },
{ "type": "Feature", "properties": { "osm_id": "way/323642594", "landuse": null, "leisure": "park", "amenity": null, "name": "Twin park 2" }, "geometry": { "type": "Polygon", "coordinates": [ [ [ 77.6402255, 12.907814 ], [ 77.6405463, 12.9077974 ], [ 77.640842, 12.9077826 ], [ 77.6408316, 12.907538 ], [ 77.6408197, 12.9072612 ], [ 77.6402004, 12.9073553 ], [ 77.6402255, 12.907814 ] ] ] } },
{ "type": "Feature", "properties": { "osm_id": "way/323642599", "landuse": "residential", "leisure": null, "amenity": null, "name": "DSR Rainbow Heights" }, "geometry": { "type": "Polygon", "coordinates": [ [ [ 77.6468414, 12.9022775 ], [ 77.6484392, 12.9024548 ], [ 77.6484841, 12.9028528 ], [ 77.6485354, 12.9030584 ], [ 77.6479378, 12.9030283 ], [ 77.6469053, 12.9029632 ], [ 77.6465817, 12.902947 ], [ 77.6467714, 12.902624 ], [ 77.6468414, 12.9022775 ] ] ] } },
{ "type": "Feature", "properties": { "osm_id": "way/335080002", "landuse": null, "leisure": "park", "amenity": null, "name": null }, "geometry": { "type": "Polygon", "coordinates": [ [ [ 77.6497487, 12.9041138 ], [ 77.6497727, 12.9046654 ], [ 77.6504287, 12.9046003 ], [ 77.6502218, 12.9042936 ], [ 77.650043, 12.9041792 ], [ 77.6497487, 12.9041138 ] ] ] } },
{ "type": "Feature", "properties": { "osm_id": "way/335085870", "landuse": "industrial", "leisure": null, "amenity": null, "name": "BWSSB" }, "geometry": { "type": "Polygon", "coordinates": [ [ [ 77.6465094, 12.9112428 ], [ 77.6464042, 12.9119189 ], [ 77.6469923, 12.9118573 ], [ 77.6470704, 12.9110455 ], [ 77.6465094, 12.9112428 ] ] ] } },
{ "type": "Feature", "properties": { "osm_id": "way/343665784", "landuse": null, "leisure": "park", "amenity": null, "name": null }, "geometry": { "type": "Polygon", "coordinates": [ [ [ 77.6366578, 12.9099453 ], [ 77.6371967, 12.9099519 ], [ 77.6371683, 12.9095318 ], [ 77.6365813, 12.9096724 ], [ 77.6366578, 12.9099453 ] ] ] } },
{ "type": "Feature", "properties": { "osm_id": "way/362919672", "landuse": null, "leisure": "park", "amenity": null, "name": "BBMP Park" }, "geometry": { "type": "Polygon", "coordinates": [ [ [ 77.6366303, 12.9186065 ], [ 77.6362563, 12.9182551 ], [ 77.6368745, 12.9181152 ], [ 77.6368639, 12.9184092 ], [ 77.6367123, 12.9184288 ], [ 77.6367163, 12.9184594 ], [ 77.6366167, 12.9184773 ], [ 77.6366303, 12.9186065 ] ] ] } },
{ "type": "Feature", "properties": { "osm_id": "way/413271591", "landuse": null, "leisure": "playground", "amenity": null, "name": null }, "geometry": { "type": "Polygon", "coordinates": [ [ [ 77.6503285, 12.9233672 ], [ 77.6503741, 12.9226588 ], [ 77.6502078, 12.9226823 ], [ 77.6502078, 12.9228078 ], [ 77.6500227, 12.9228261 ], [ 77.6500361, 12.9229202 ], [ 77.6499282, 12.9229398 ], [ 77.6499711, 12.9231045 ], [ 77.650014, 12.9233228 ], [ 77.6501521, 12.9233332 ], [ 77.6503285, 12.9233672 ] ] ] } },
{ "type": "Feature", "properties": { "osm_id": "way/413271616", "landuse": "residential", "leisure": null, "amenity": null, "name": null }, "geometry": { "type": "Polygon", "coordinates": [ [ [ 77.6484937, 12.9017335 ], [ 77.6469516, 12.901511 ], [ 77.6469194, 12.9016992 ], [ 77.6484723, 12.9019136 ], [ 77.6484937, 12.9017335 ] ] ] } },
{ "type": "Feature", "properties": { "osm_id": "way/413271619", "landuse": "residential", "leisure": null, "amenity": null, "name": null }, "geometry": { "type": "Polygon", "coordinates": [ [ [ 77.6477427, 12.903036 ], [ 77.6477375, 12.9033725 ], [ 77.6485958, 12.9033803 ], [ 77.6485352, 12.9030781 ], [ 77.6477427, 12.903036 ] ] ] } },
{ "type": "Feature", "properties": { "osm_id": "way/431814847", "landuse": "residential", "leisure": null, "amenity": null, "name": null }, "geometry": { "type": "Polygon", "coordinates": [ [ [ 77.6405356, 12.9047766 ], [ 77.6397074, 12.9048111 ], [ 77.639703, 12.9046761 ], [ 77.6396508, 12.9030724 ], [ 77.6396943, 12.9030473 ], [ 77.6398284, 12.9029701 ], [ 77.6405578, 12.902742 ], [ 77.6404524, 12.9018988 ], [ 77.640444, 12.9018313 ], [ 77.6403653, 12.9011919 ], [ 77.6392383, 12.9012776 ], [ 77.6390418, 12.9002244 ], [ 77.6390029, 12.8996357 ], [ 77.6390937, 12.899586 ], [ 77.6391545, 12.8994588 ], [ 77.6393056, 12.899439 ], [ 77.6426803, 12.8990687 ], [ 77.6431333, 12.8991119 ], [ 77.6450544, 12.8989656 ], [ 77.6454751, 12.900146 ], [ 77.6455995, 12.9013122 ], [ 77.6442627, 12.9021619 ], [ 77.6442375, 12.9021765 ], [ 77.6436369, 12.9025545 ], [ 77.6437205, 12.9032726 ], [ 77.6432039, 12.9033816 ], [ 77.6435872, 12.9049308 ], [ 77.6426519, 12.9051985 ], [ 77.6416858, 12.9054078 ], [ 77.6416378, 12.9046688 ], [ 77.6409178, 12.9047421 ], [ 77.6405356, 12.9047766 ] ] ] } },
{ "type": "Feature", "properties": { "osm_id": "way/440070555", "landuse": "cemetery", "leisure": null, "amenity": "grave_yard", "name": null }, "geometry": { "type": "Polygon", "coordinates": [ [ [ 77.6417511, 12.9061086 ], [ 77.6417423, 12.9056537 ], [ 77.641739, 12.9054817 ], [ 77.641966, 12.9054306 ], [ 77.6425736, 12.9053007 ], [ 77.6426031, 12.9061478 ], [ 77.6417511, 12.9061086 ] ] ] } },
{ "type": "Feature", "properties": { "osm_id": "way/440070556", "landuse": "cemetery", "leisure": null, "amenity": "grave_yard", "name": null }, "geometry": { "type": "Polygon", "coordinates": [ [ [ 77.642422, 12.9051392 ], [ 77.642366, 12.9049658 ], [ 77.6423295, 12.9048529 ], [ 77.6418306, 12.9048412 ], [ 77.6418574, 12.9052529 ], [ 77.642422, 12.9051392 ] ] ] } },
{ "type": "Feature", "properties": { "osm_id": "way/472322380", "landuse": "residential", "leisure": null, "amenity": null, "name": "Akruthi Silverline" }, "geometry": { "type": "Polygon", "coordinates": [ [ [ 77.6500857, 12.901714 ], [ 77.6503083, 12.9017689 ], [ 77.6503283, 12.9016166 ], [ 77.6502702, 12.9011763 ], [ 77.6501307, 12.9001769 ], [ 77.6500314, 12.8994773 ], [ 77.649838, 12.8995514 ], [ 77.6500151, 12.9010973 ], [ 77.6500857, 12.901714 ] ] ] } },
{ "type": "Feature", "properties": { "osm_id": "way/547743214", "landuse": null, "leisure": "park", "amenity": null, "name": null }, "geometry": { "type": "Polygon", "coordinates": [ [ [ 77.650128, 12.9179524 ], [ 77.6501379, 12.9173412 ], [ 77.6511522, 12.9173568 ], [ 77.6511423, 12.917968 ], [ 77.650128, 12.9179524 ] ] ] } },
{ "type": "Feature", "properties": { "osm_id": "way/583395809", "landuse": null, "leisure": "park", "amenity": null, "name": null }, "geometry": { "type": "Polygon", "coordinates": [ [ [ 77.6443827, 12.9102928 ], [ 77.6444808, 12.9102896 ], [ 77.6445295, 12.9116107 ], [ 77.6444141, 12.9116144 ], [ 77.6443827, 12.9102928 ] ] ] } },
{ "type": "Feature", "properties": { "osm_id": "way/609645200", "landuse": null, "leisure": "pitch", "amenity": null, "name": null }, "geometry": { "type": "Polygon", "coordinates": [ [ [ 77.643192, 12.9165228 ], [ 77.6433224, 12.9165182 ], [ 77.643314, 12.9162953 ], [ 77.6431837, 12.9162999 ], [ 77.643192, 12.9165228 ] ] ] } },
{ "type": "Feature", "properties": { "osm_id": "way/610111576", "landuse": null, "leisure": "park", "amenity": null, "name": "Agara Lake Park" }, "geometry": { "type": "Polygon", "coordinates": [ [ [ 77.6453476, 12.9226735 ], [ 77.6460292, 12.9233043 ], [ 77.6462964, 12.9235428 ], [ 77.6464204, 12.9236512 ], [ 77.6465519, 12.9237428 ], [ 77.6469294, 12.9239898 ], [ 77.647101, 12.9240904 ], [ 77.6472627, 12.9241897 ], [ 77.6474397, 12.9242858 ], [ 77.647773, 12.9244296 ], [ 77.6478628, 12.9244532 ], [ 77.6479305, 12.9244773 ], [ 77.6479369, 12.9244967 ], [ 77.6479118, 12.9245153 ], [ 77.6475859, 12.9245139 ], [ 77.6474504, 12.9245166 ], [ 77.6471487, 12.9244904 ], [ 77.6467638, 12.9244264 ], [ 77.6462099, 12.9243976 ], [ 77.6455877, 12.924416 ], [ 77.6451692, 12.9243858 ], [ 77.6447762, 12.9242577 ], [ 77.6445436, 12.9241643 ], [ 77.6443236, 12.9240911 ], [ 77.6435753, 12.9238924 ], [ 77.6429678, 12.9237068 ], [ 77.6414402, 12.9233133 ], [ 77.6413853, 12.9233107 ], [ 77.6413276, 12.923299 ], [ 77.6412619, 12.9233094 ], [ 77.6409843, 12.9233604 ], [ 77.6403133, 12.9236239 ], [ 77.6401142, 12.9237021 ], [ 77.6400619, 12.9236864 ], [ 77.6400244, 12.9236668 ], [ 77.6400123, 12.9236524 ], [ 77.6399815, 12.9235923 ], [ 77.6399491, 12.9235152 ], [ 77.6398364, 12.9232784 ], [ 77.6397213, 12.923042 ], [ 77.6395215, 12.9226094 ], [ 77.6393941, 12.9223545 ], [ 77.6392318, 12.9220329 ], [ 77.6391138, 12.9218015 ], [ 77.6389535, 12.9215022 ], [ 77.6389066, 12.9213597 ], [ 77.6388569, 12.9211976 ], [ 77.6387309, 12.920795 ], [ 77.6386518, 12.9205088 ], [ 77.6386155, 12.9203676 ], [ 77.6385592, 12.9201702 ], [ 77.6385069, 12.9198206 ], [ 77.6384761, 12.9193787 ], [ 77.638464, 12.9191356 ], [ 77.6383748, 12.916188 ], [ 77.6384311, 12.9161853 ], [ 77.6385559, 12.9162036 ], [ 77.6385894, 12.9162128 ], [ 77.6387886, 12.9162795 ], [ 77.6388113, 12.916286 ], [ 77.6389407, 12.9163411 ], [ 77.6389882, 12.9163599 ], [ 77.6390863, 12.9163906 ], [ 77.6397008, 12.9166438 ], [ 77.6399432, 12.9167762 ], [ 77.6401162, 12.9169174 ], [ 77.6403326, 12.9171076 ], [ 77.6405283, 12.9172659 ], [ 77.6409623, 12.9176766 ], [ 77.6411543, 12.917835 ], [ 77.6413447, 12.9180481 ], [ 77.6418446, 12.9185906 ], [ 77.6422282, 12.91909 ], [ 77.6426385, 12.9196207 ], [ 77.6428102, 12.9198625 ], [ 77.6429822, 12.9200909 ], [ 77.6430456, 12.9201749 ], [ 77.643356, 12.9205272 ], [ 77.6436779, 12.9209049 ], [ 77.6436161, 12.9209407 ], [ 77.6438511, 12.9212221 ], [ 77.6439217, 12.9211878 ], [ 77.6440516, 12.921336 ], [ 77.6441392, 12.9214369 ], [ 77.6445241, 12.9218853 ], [ 77.644681, 12.9220801 ], [ 77.6446877, 12.9221428 ], [ 77.6447065, 12.9221938 ], [ 77.6447642, 12.9222552 ], [ 77.6448379, 12.9222957 ], [ 77.6449131, 12.9222918 ], [ 77.6453476, 12.9226735 ] ] ] } },
{ "type": "Feature", "properties": { "osm_id": "way/628245635", "landuse": null, "leisure": "pitch", "amenity": null, "name": null }, "geometry": { "type": "Polygon", "coordinates": [ [ [ 77.6426769, 12.918755 ], [ 77.6428736, 12.9186781 ], [ 77.6428414, 12.9185998 ], [ 77.6426447, 12.9186767 ], [ 77.6426769, 12.918755 ] ] ] } },
{ "type": "Feature", "properties": { "osm_id": "way/631319094", "landuse": null, "leisure": "garden", "amenity": null, "name": null }, "geometry": { "type": "Polygon", "coordinates": [ [ [ 77.6374987, 12.9137797 ], [ 77.6376207, 12.9137777 ], [ 77.6376214, 12.9138196 ], [ 77.6374994, 12.9138215 ], [ 77.6374987, 12.9137797 ] ] ] } },
{ "type": "Feature", "properties": { "osm_id": "way/631319096", "landuse": null, "leisure": "garden", "amenity": null, "name": null }, "geometry": { "type": "Polygon", "coordinates": [ [ [ 77.6373565, 12.9134694 ], [ 77.6375697, 12.9134645 ], [ 77.6375657, 12.9132965 ], [ 77.6373525, 12.9133014 ], [ 77.6373565, 12.9134694 ] ] ] } },
{ "type": "Feature", "properties": { "osm_id": "way/655022860", "landuse": "retail", "leisure": null, "amenity": "fuel", "name": "Samahita Fuelling Station" }, "geometry": { "type": "Polygon", "coordinates": [ [ [ 77.6514929, 12.9200956 ], [ 77.6511576, 12.9201087 ], [ 77.6511576, 12.9197884 ], [ 77.6514982, 12.9197767 ], [ 77.6514929, 12.9200956 ] ] ] } },
{ "type": "Feature", "properties": { "osm_id": "way/662821287", "landuse": null, "leisure": "pitch", "amenity": null, "name": null }, "geometry": { "type": "Polygon", "coordinates": [ [ [ 77.6429077, 12.9096262 ], [ 77.6426638, 12.9096361 ], [ 77.6426506, 12.9093266 ], [ 77.6428944, 12.9093167 ], [ 77.6429077, 12.9096262 ] ] ] } },
{ "type": "Feature", "properties": { "osm_id": "way/741212145", "landuse": null, "leisure": "park", "amenity": null, "name": "HSR Friends Park" }, "geometry": { "type": "Polygon", "coordinates": [ [ [ 77.6430513, 12.9082749 ], [ 77.6430621, 12.9079116 ], [ 77.6430566, 12.9074253 ], [ 77.6422231, 12.9073974 ], [ 77.642264, 12.908303 ], [ 77.6430513, 12.9082749 ] ] ] } },
{ "type": "Feature", "properties": { "osm_id": "way/741214123", "landuse": null, "leisure": "park", "amenity": null, "name": "Swabhiman Park" }, "geometry": { "type": "Polygon", "coordinates": [ [ [ 77.6396101, 12.9116592 ], [ 77.6416335, 12.9116078 ], [ 77.6416102, 12.9114157 ], [ 77.641602, 12.9112757 ], [ 77.6415691, 12.9103429 ], [ 77.6409053, 12.910366 ], [ 77.640115, 12.9103736 ], [ 77.6393209, 12.9103809 ], [ 77.6393237, 12.9108855 ], [ 77.6393239, 12.9109224 ], [ 77.6395877, 12.9113794 ], [ 77.6396101, 12.9116592 ] ] ] } },
{ "type": "Feature", "properties": { "osm_id": "way/779344648", "landuse": "residential", "leisure": null, "amenity": null, "name": "Sobha Infinia" }, "geometry": { "type": "Polygon", "coordinates": [ [ [ 77.6505005, 12.9261141 ], [ 77.6504173, 12.9253361 ], [ 77.6497747, 12.9250838 ], [ 77.6497769, 12.9250109 ], [ 77.6495772, 12.9249256 ], [ 77.6495761, 12.9247482 ], [ 77.6493004, 12.9247747 ], [ 77.6491054, 12.9247913 ], [ 77.6491141, 12.9248195 ], [ 77.649261, 12.924822 ], [ 77.6493931, 12.9250149 ], [ 77.6494353, 12.9250227 ], [ 77.6494628, 12.925092 ], [ 77.6494474, 12.9252162 ], [ 77.6493783, 12.9258782 ], [ 77.6493515, 12.9260181 ], [ 77.6492945, 12.9264311 ], [ 77.648978, 12.9264174 ], [ 77.6487044, 12.9264011 ], [ 77.6487105, 12.9265069 ], [ 77.6487279, 12.9266592 ], [ 77.6487581, 12.9268651 ], [ 77.6487865, 12.9270157 ], [ 77.649862, 12.926431 ], [ 77.6505005, 12.9261141 ] ] ] } },
{ "type": "Feature", "properties": { "osm_id": "way/781287753", "landuse": "construction", "leisure": null, "amenity": null, "name": "Sobha (u/c)" }, "geometry": { "type": "Polygon", "coordinates": [ [ [ 77.6470704, 12.9279437 ], [ 77.647576, 12.9276402 ], [ 77.6487865, 12.9270157 ], [ 77.6487581, 12.9268651 ], [ 77.6487279, 12.9266592 ], [ 77.6487105, 12.9265069 ], [ 77.6487044, 12.9264011 ], [ 77.648978, 12.9264174 ], [ 77.6492945, 12.9264311 ], [ 77.6493515, 12.9260181 ], [ 77.6493783, 12.9258782 ], [ 77.6494474, 12.9252162 ], [ 77.6494628, 12.925092 ], [ 77.6494353, 12.9250227 ], [ 77.6493931, 12.9250149 ], [ 77.649261, 12.924822 ], [ 77.6491141, 12.9248195 ], [ 77.6491054, 12.9247913 ], [ 77.6487715, 12.9247651 ], [ 77.6487443, 12.9251183 ], [ 77.6487011, 12.9254737 ], [ 77.6474351, 12.9256096 ], [ 77.6474726, 12.9265141 ], [ 77.6466519, 12.9270422 ], [ 77.6470704, 12.9279437 ] ] ] } },
{ "type": "Feature", "properties": { "osm_id": "way/781287757", "landuse": null, "leisure": "park", "amenity": null, "name": null }, "geometry": { "type": "Polygon", "coordinates": [ [ [ 77.6418561, 12.9180099 ], [ 77.6411922, 12.9173707 ], [ 77.6416006, 12.9173622 ], [ 77.6417857, 12.9175713 ], [ 77.6419044, 12.9179249 ], [ 77.6418561, 12.9180099 ] ] ] } },
{ "type": "Feature", "properties": { "osm_id": "way/781287760", "landuse": "industrial", "leisure": null, "amenity": null, "name": "Agaram 35MLD Sewage Treatment Plant" }, "geometry": { "type": "Polygon", "coordinates": [ [ [ 77.6388212, 12.9158416 ], [ 77.6398028, 12.9161942 ], [ 77.6404265, 12.9165877 ], [ 77.6411426, 12.9172399 ], [ 77.641553, 12.9172517 ], [ 77.6411077, 12.9164517 ], [ 77.6405912, 12.9158108 ], [ 77.6416619, 12.9157411 ], [ 77.6415929, 12.9156317 ], [ 77.6388512, 12.9157691 ], [ 77.6388212, 12.9158416 ] ] ] } },
{ "type": "Feature", "properties": { "osm_id": "way/781287761", "landuse": null, "leisure": "park", "amenity": null, "name": "Swachagraha Kalika Kendra" }, "geometry": { "type": "Polygon", "coordinates": [ [ [ 77.6396593, 12.9156388 ], [ 77.6386592, 12.9156596 ], [ 77.638655, 12.9154686 ], [ 77.6386493, 12.9152043 ], [ 77.63969, 12.9151827 ], [ 77.6396593, 12.9156388 ] ] ] } },
{ "type": "Feature", "properties": { "osm_id": "way/781287764", "landuse": "construction", "leisure": null, "amenity": null, "name": "Yashoda Hospital (u/c)" }, "geometry": { "type": "Polygon", "coordinates": [ [ [ 77.6271536, 12.9184 ], [ 77.6269271, 12.9175868 ], [ 77.6271482, 12.9174595 ], [ 77.6272179, 12.9177236 ], [ 77.6284126, 12.9173995 ], [ 77.6285543, 12.918014 ], [ 77.6271536, 12.9184 ] ] ] } },
{ "type": "Feature", "properties": { "osm_id": "way/886187375", "landuse": null, "leisure": "park", "amenity": null, "name": null }, "geometry": { "type": "Polygon", "coordinates": [ [ [ 77.6387514, 12.9138936 ], [ 77.6392818, 12.9138936 ], [ 77.6392818, 12.9134066 ], [ 77.6387514, 12.9134066 ], [ 77.6387514, 12.9138936 ] ] ] } },
{ "type": "Feature", "properties": { "osm_id": "way/886187376", "landuse": null, "leisure": "park", "amenity": null, "name": null }, "geometry": { "type": "Polygon", "coordinates": [ [ [ 77.6402682, 12.9143119 ], [ 77.6406207, 12.9142286 ], [ 77.6406987, 12.9142102 ], [ 77.6407494, 12.9141982 ], [ 77.6407102, 12.9138437 ], [ 77.6406831, 12.9136341 ], [ 77.6402963, 12.9136569 ], [ 77.6402682, 12.9143119 ] ] ] } },
{ "type": "Feature", "properties": { "osm_id": "way/886187377", "landuse": null, "leisure": "park", "amenity": null, "name": null }, "geometry": { "type": "Polygon", "coordinates": [ [ [ 77.6339698, 12.9149441 ], [ 77.6352491, 12.9148803 ], [ 77.6352362, 12.9145319 ], [ 77.6339516, 12.9145957 ], [ 77.6339698, 12.9149441 ] ] ] } },
{ "type": "Feature", "properties": { "osm_id": "way/895115934", "landuse": "commercial", "leisure": null, "amenity": null, "name": null }, "geometry": { "type": "Polygon", "coordinates": [ [ [ 77.6253739, 12.9132465 ], [ 77.6244128, 12.9149242 ], [ 77.6256435, 12.9149419 ], [ 77.6259144, 12.9145785 ], [ 77.625677, 12.9145119 ], [ 77.6255616, 12.914018 ], [ 77.625534, 12.9139147 ], [ 77.6253739, 12.9132465 ] ] ] } },
{ "type": "Feature", "properties": { "osm_id": "way/1050019882", "landuse": "commercial", "leisure": null, "amenity": null, "name": null }, "geometry": { "type": "Polygon", "coordinates": [ [ [ 77.6515784, 12.9238221 ], [ 77.6513162, 12.9238551 ], [ 77.651214, 12.9226639 ], [ 77.6514226, 12.9227243 ], [ 77.6514892, 12.9232598 ], [ 77.6515784, 12.9238221 ] ] ] } },
{ "type": "Feature", "properties": { "osm_id": "way/1050019883", "landuse": "commercial", "leisure": null, "amenity": null, "name": null }, "geometry": { "type": "Polygon", "coordinates": [ [ [ 77.6519468, 12.9196228 ], [ 77.6517475, 12.9196114 ], [ 77.6517935, 12.9180932 ], [ 77.6519802, 12.9181003 ], [ 77.6519581, 12.9190506 ], [ 77.6519468, 12.9196228 ] ] ] } },
{ "type": "Feature", "properties": { "osm_id": "way/1050019884", "landuse": "commercial", "leisure": null, "amenity": null, "name": null }, "geometry": { "type": "Polygon", "coordinates": [ [ [ 77.6520632, 12.9163909 ], [ 77.6518306, 12.9163884 ], [ 77.6518117, 12.9180321 ], [ 77.6520444, 12.9180347 ], [ 77.6520632, 12.9163909 ] ] ] } },
{ "type": "Feature", "properties": { "osm_id": "way/1050019885", "landuse": "commercial", "leisure": null, "amenity": null, "name": null }, "geometry": { "type": "Polygon", "coordinates": [ [ [ 77.6520294, 12.9163132 ], [ 77.6520326, 12.915936 ], [ 77.6518476, 12.9159367 ], [ 77.6518296, 12.9163105 ], [ 77.6520294, 12.9163132 ] ] ] } },
{ "type": "Feature", "properties": { "osm_id": "way/1050019886", "landuse": null, "leisure": "park", "amenity": null, "name": null }, "geometry": { "type": "Polygon", "coordinates": [ [ [ 77.6466844, 12.9140583 ], [ 77.6462736, 12.9140634 ], [ 77.6462204, 12.9140641 ], [ 77.6462103, 12.9132991 ], [ 77.6466743, 12.9132933 ], [ 77.6466844, 12.9140583 ] ] ] } },
{ "type": "Feature", "properties": { "osm_id": "way/1050019887", "landuse": "commercial", "leisure": null, "amenity": null, "name": null }, "geometry": { "type": "Polygon", "coordinates": [ [ [ 77.6396101, 12.9116592 ], [ 77.6386575, 12.9117165 ], [ 77.6381938, 12.9117272 ], [ 77.6381924, 12.9119625 ], [ 77.6416744, 12.9118897 ], [ 77.641678, 12.9115598 ], [ 77.6416335, 12.9116078 ], [ 77.6396101, 12.9116592 ] ] ] } },
{ "type": "Feature", "properties": { "osm_id": "way/1050019888", "landuse": "commercial", "leisure": null, "amenity": null, "name": null }, "geometry": { "type": "Polygon", "coordinates": [ [ [ 77.6353029, 12.9120523 ], [ 77.6377247, 12.9119748 ], [ 77.6378113, 12.911972 ], [ 77.6378142, 12.9117686 ], [ 77.6379852, 12.9117683 ], [ 77.6379988, 12.9122024 ], [ 77.6353107, 12.912287 ], [ 77.6353029, 12.9120523 ] ] ] } },
{ "type": "Feature", "properties": { "osm_id": "way/1050019889", "landuse": "retail", "leisure": null, "amenity": null, "name": null }, "geometry": { "type": "Polygon", "coordinates": [ [ [ 77.6384776, 12.9143935 ], [ 77.6382657, 12.9143919 ], [ 77.6382312, 12.9128986 ], [ 77.6384393, 12.9128966 ], [ 77.6384554, 12.913646 ], [ 77.6384776, 12.9143935 ] ] ] } },
{ "type": "Feature", "properties": { "osm_id": "way/1050019890", "landuse": "commercial", "leisure": null, "amenity": null, "name": null }, "geometry": { "type": "Polygon", "coordinates": [ [ [ 77.638484, 12.9149251 ], [ 77.638286, 12.9149276 ], [ 77.6382807, 12.9145451 ], [ 77.6384787, 12.9145404 ], [ 77.638484, 12.9149251 ] ] ] } },
{ "type": "Feature", "properties": { "osm_id": "way/1050019891", "landuse": "commercial", "leisure": null, "amenity": null, "name": null }, "geometry": { "type": "Polygon", "coordinates": [ [ [ 77.6489612, 12.9122387 ], [ 77.6475231, 12.9122069 ], [ 77.6473515, 12.9122208 ], [ 77.6461819, 12.9123675 ], [ 77.6461612, 12.9121518 ], [ 77.6473218, 12.9120286 ], [ 77.6477516, 12.9119946 ], [ 77.6489508, 12.9120117 ], [ 77.6489612, 12.9122387 ] ] ] } },
{ "type": "Feature", "properties": { "osm_id": "way/1050019892", "landuse": "commercial", "leisure": null, "amenity": null, "name": null }, "geometry": { "type": "Polygon", "coordinates": [ [ [ 77.649086, 12.912023 ], [ 77.6490675, 12.9122424 ], [ 77.6492087, 12.9122507 ], [ 77.6505741, 12.9122751 ], [ 77.6514475, 12.9122997 ], [ 77.6517441, 12.912306 ], [ 77.6517454, 12.9120746 ], [ 77.649086, 12.912023 ] ] ] } },
{ "type": "Feature", "properties": { "osm_id": "way/1050019893", "landuse": "commercial", "leisure": null, "amenity": null, "name": null }, "geometry": { "type": "Polygon", "coordinates": [ [ [ 77.6491736, 12.9115786 ], [ 77.6517533, 12.9116477 ], [ 77.6517487, 12.9118788 ], [ 77.6491356, 12.9118277 ], [ 77.6491736, 12.9115786 ] ] ] } },
{ "type": "Feature", "properties": { "osm_id": "way/1050019894", "landuse": null, "leisure": "playground", "amenity": null, "name": null }, "geometry": { "type": "Polygon", "coordinates": [ [ [ 77.6418561, 12.9180099 ], [ 77.6424176, 12.9186252 ], [ 77.6423697, 12.917304 ], [ 77.6416006, 12.9173622 ], [ 77.6417857, 12.9175713 ], [ 77.6419044, 12.9179249 ], [ 77.6418561, 12.9180099 ] ] ] } },
{ "type": "Feature", "properties": { "osm_id": "way/1050019899", "landuse": null, "leisure": "park", "amenity": null, "name": null }, "geometry": { "type": "Polygon", "coordinates": [ [ [ 77.6367974, 12.9083419 ], [ 77.6359552, 12.9083707 ], [ 77.6359472, 12.9079079 ], [ 77.6367599, 12.9078321 ], [ 77.6367974, 12.9083419 ] ] ] } },
{ "type": "Feature", "properties": { "osm_id": "way/1050019900", "landuse": null, "leisure": "park", "amenity": null, "name": null }, "geometry": { "type": "Polygon", "coordinates": [ [ [ 77.6338845, 12.9094531 ], [ 77.6332797, 12.9095184 ], [ 77.6332743, 12.909121 ], [ 77.633851, 12.909074 ], [ 77.6338845, 12.9094531 ] ] ] } },
{ "type": "Feature", "properties": { "osm_id": "way/1050019902", "landuse": "commercial", "leisure": null, "amenity": null, "name": "BESCOM" }, "geometry": { "type": "Polygon", "coordinates": [ [ [ 77.6479453, 12.9117798 ], [ 77.6489728, 12.9118205 ], [ 77.6490927, 12.9108557 ], [ 77.6471548, 12.911036 ], [ 77.6470773, 12.9118182 ], [ 77.6474918, 12.911783 ], [ 77.6474991, 12.9114965 ], [ 77.6479502, 12.9115013 ], [ 77.6479453, 12.9117798 ] ] ] } },
{ "type": "Feature", "properties": { "osm_id": "way/1050019906", "landuse": null, "leisure": "park", "amenity": null, "name": null }, "geometry": { "type": "Polygon", "coordinates": [ [ [ 77.6513511, 12.9086243 ], [ 77.6510695, 12.9086413 ], [ 77.6510869, 12.9094007 ], [ 77.6513618, 12.9093994 ], [ 77.6513511, 12.9086243 ] ] ] } },
{ "type": "Feature", "properties": { "osm_id": "way/1050019907", "landuse": null, "leisure": "park", "amenity": null, "name": null }, "geometry": { "type": "Polygon", "coordinates": [ [ [ 77.6528411, 12.9113341 ], [ 77.6524588, 12.9113315 ], [ 77.6524481, 12.9097746 ], [ 77.6527056, 12.9097524 ], [ 77.6528411, 12.9113341 ] ] ] } },
{ "type": "Feature", "properties": { "osm_id": "way/1069600848", "landuse": "commercial", "leisure": null, "amenity": "community_centre", "name": "Samudaya Bhavan" }, "geometry": { "type": "Polygon", "coordinates": [ [ [ 77.6223441, 12.9184434 ], [ 77.6230715, 12.9185454 ], [ 77.6238111, 12.9183247 ], [ 77.624014, 12.9188778 ], [ 77.6239752, 12.9189039 ], [ 77.6234213, 12.9192595 ], [ 77.6227648, 12.9193302 ], [ 77.6224764, 12.9193639 ], [ 77.6214941, 12.9194948 ], [ 77.6223441, 12.9184434 ] ] ] } },
{ "type": "Feature", "properties": { "osm_id": "way/1074282719", "landuse": "construction", "leisure": null, "amenity": null, "name": null }, "geometry": { "type": "Polygon", "coordinates": [ [ [ 77.6337114, 12.9166114 ], [ 77.6331087, 12.9166752 ], [ 77.6332194, 12.9170857 ], [ 77.6337585, 12.9169354 ], [ 77.6337114, 12.9166114 ] ] ] } },
{ "type": "Feature", "properties": { "osm_id": "way/1074282720", "landuse": "commercial", "leisure": null, "amenity": null, "name": "IndiQube Pacifica" }, "geometry": { "type": "Polygon", "coordinates": [ [ [ 77.6260606, 12.9187132 ], [ 77.6253494, 12.9188839 ], [ 77.6252229, 12.9179256 ], [ 77.6255965, 12.9179132 ], [ 77.6259128, 12.9178836 ], [ 77.6260606, 12.9187132 ] ] ] } },
{ "type": "Feature", "properties": { "osm_id": "way/1074881556", "landuse": "construction", "leisure": null, "amenity": null, "name": null }, "geometry": { "type": "Polygon", "coordinates": [ [ [ 77.6509552, 12.9118534 ], [ 77.6511652, 12.9118602 ], [ 77.6511711, 12.9116861 ], [ 77.6509611, 12.9116793 ], [ 77.6509552, 12.9118534 ] ] ] } },
{ "type": "Feature", "properties": { "osm_id": "way/1074881557", "landuse": "plant_nursery", "leisure": null, "amenity": null, "name": null }, "geometry": { "type": "Polygon", "coordinates": [ [ [ 77.6509552, 12.9118534 ], [ 77.6506641, 12.911844 ], [ 77.65067, 12.9116698 ], [ 77.6509611, 12.9116793 ], [ 77.6509552, 12.9118534 ] ] ] } },
{ "type": "Feature", "properties": { "osm_id": "way/1074881558", "landuse": "commercial", "leisure": null, "amenity": null, "name": null }, "geometry": { "type": "Polygon", "coordinates": [ [ [ 77.6368922, 12.9130007 ], [ 77.6368765, 12.9124498 ], [ 77.637976, 12.9124266 ], [ 77.637985, 12.9129704 ], [ 77.6368922, 12.9130007 ] ] ] } },
{ "type": "Feature", "properties": { "osm_id": "way/1074881559", "landuse": "recreation_ground", "leisure": null, "amenity": null, "name": null }, "geometry": { "type": "Polygon", "coordinates": [ [ [ 77.6369566, 12.9155243 ], [ 77.6369463, 12.9150303 ], [ 77.6380327, 12.9149707 ], [ 77.6380293, 12.9154386 ], [ 77.6369566, 12.9155243 ] ] ] } },
{ "type": "Feature", "properties": { "osm_id": "way/1074881560", "landuse": "construction", "leisure": null, "amenity": null, "name": null }, "geometry": { "type": "Polygon", "coordinates": [ [ [ 77.6381638, 12.9159261 ], [ 77.6381637, 12.9158749 ], [ 77.6378214, 12.915887 ], [ 77.6353893, 12.9161857 ], [ 77.6349675, 12.9162654 ], [ 77.6349715, 12.9163007 ], [ 77.6378287, 12.9159311 ], [ 77.6381602, 12.9159263 ], [ 77.6381638, 12.9159261 ] ] ] } },
{ "type": "Feature", "properties": { "osm_id": "way/1074881564", "landuse": "construction", "leisure": null, "amenity": null, "name": "Silk Board TTMC (u/c)" }, "geometry": { "type": "Polygon", "coordinates": [ [ [ 77.6242243, 12.9153405 ], [ 77.6240343, 12.9156843 ], [ 77.6240797, 12.9157851 ], [ 77.6239054, 12.9160988 ], [ 77.6238199, 12.916072 ], [ 77.6237221, 12.9162488 ], [ 77.6241772, 12.9163028 ], [ 77.6243205, 12.9159367 ], [ 77.6244067, 12.9159568 ], [ 77.6243936, 12.9157968 ], [ 77.6244538, 12.9153365 ], [ 77.6242243, 12.9153405 ] ] ] } },
{ "type": "Feature", "properties": { "osm_id": "way/1089884374", "landuse": null, "leisure": "pitch", "amenity": null, "name": null }, "geometry": { "type": "Polygon", "coordinates": [ [ [ 77.6448825, 12.911706 ], [ 77.6450936, 12.9116945 ], [ 77.6450808, 12.9114712 ], [ 77.6448697, 12.9114828 ], [ 77.6448825, 12.911706 ] ] ] } },
{ "type": "Feature", "properties": { "osm_id": "way/1089884375", "landuse": null, "leisure": "pitch", "amenity": null, "name": null }, "geometry": { "type": "Polygon", "coordinates": [ [ [ 77.6448462, 12.9113761 ], [ 77.6450495, 12.9113702 ], [ 77.6450402, 12.9110685 ], [ 77.6448369, 12.9110744 ], [ 77.6448462, 12.9113761 ] ] ] } },
{ "type": "Feature", "properties": { "osm_id": "way/1089884377", "landuse": null, "leisure": "pitch", "amenity": null, "name": null }, "geometry": { "type": "Polygon", "coordinates": [ [ [ 77.6460352, 12.910944 ], [ 77.6461577, 12.9110433 ], [ 77.6462425, 12.9111749 ], [ 77.6462892, 12.9113236 ], [ 77.646278, 12.9114805 ], [ 77.64621, 12.9116244 ], [ 77.6461071, 12.911743 ], [ 77.6459716, 12.9118091 ], [ 77.6458147, 12.9118399 ], [ 77.6456618, 12.9118375 ], [ 77.6455106, 12.9117896 ], [ 77.6453907, 12.9116896 ], [ 77.6452962, 12.9115662 ], [ 77.645251, 12.9114128 ], [ 77.6452668, 12.9112516 ], [ 77.6453424, 12.911113 ], [ 77.6454441, 12.9109954 ], [ 77.645582, 12.9109275 ], [ 77.6457272, 12.9109037 ], [ 77.6458847, 12.910914 ], [ 77.6460352, 12.910944 ] ] ] } },
{ "type": "Feature", "properties": { "osm_id": "way/1099665386", "landuse": null, "leisure": "pitch", "amenity": null, "name": null }, "geometry": { "type": "Polygon", "coordinates": [ [ [ 77.6448364, 12.911028 ], [ 77.645017, 12.9110194 ], [ 77.6450063, 12.9108065 ], [ 77.6448257, 12.9108151 ], [ 77.6448364, 12.911028 ] ] ] } },
{ "type": "Feature", "properties": { "osm_id": "way/1099665407", "landuse": null, "leisure": "playground", "amenity": null, "name": null }, "geometry": { "type": "Polygon", "coordinates": [ [ [ 77.6413334, 12.9111166 ], [ 77.6415097, 12.911112 ], [ 77.641501, 12.910797 ], [ 77.6413247, 12.9108017 ], [ 77.6413334, 12.9111166 ] ] ] } },
{ "type": "Feature", "properties": { "osm_id": "way/1112431147", "landuse": "religious", "leisure": null, "amenity": "place_of_worship", "name": "Sri Muneshwara & Saptha Matruka Temple" }, "geometry": { "type": "Polygon", "coordinates": [ [ [ 77.6407494, 12.9141982 ], [ 77.6407102, 12.9138437 ], [ 77.6410847, 12.9137969 ], [ 77.6411123, 12.9141107 ], [ 77.6407494, 12.9141982 ] ] ] } },
{ "type": "Feature", "properties": { "osm_id": "way/1116733296", "landuse": "residential", "leisure": null, "amenity": null, "name": "Park Square Avenue" }, "geometry": { "type": "Polygon", "coordinates": [ [ [ 77.6448561, 12.9191304 ], [ 77.6445022, 12.9191531 ], [ 77.644445, 12.9191568 ], [ 77.6443163, 12.918797 ], [ 77.6443671, 12.9187389 ], [ 77.6445963, 12.9187438 ], [ 77.6446083, 12.9188883 ], [ 77.6448349, 12.9188787 ], [ 77.6448561, 12.9191304 ] ] ] } },
{ "type": "Feature", "properties": { "osm_id": "way/1118421370", "landuse": "cemetery", "leisure": null, "amenity": null, "name": null }, "geometry": { "type": "Polygon", "coordinates": [ [ [ 77.6511019, 12.9097577 ], [ 77.651106, 12.9099145 ], [ 77.6511098, 12.9100567 ], [ 77.6513326, 12.9100622 ], [ 77.6513376, 12.9097714 ], [ 77.6511019, 12.9097577 ] ] ] } },
{ "type": "Feature", "properties": { "osm_id": "way/1118421372", "landuse": "construction", "leisure": null, "amenity": null, "name": "Swamitva RMD (u/c)" }, "geometry": { "type": "Polygon", "coordinates": [ [ [ 77.6458255, 12.9043087 ], [ 77.6463018, 12.9042176 ], [ 77.6463877, 12.9029065 ], [ 77.6465607, 12.9029078 ], [ 77.6467323, 12.9025993 ], [ 77.6467699, 12.9022829 ], [ 77.6466285, 12.9022347 ], [ 77.6457238, 12.901926 ], [ 77.6457442, 12.9027609 ], [ 77.6458255, 12.9043087 ] ] ] } },
{ "type": "Feature", "properties": { "osm_id": "way/1118421374", "landuse": "residential", "leisure": null, "amenity": null, "name": null }, "geometry": { "type": "Polygon", "coordinates": [ [ [ 77.6492087, 12.9122507 ], [ 77.6505741, 12.9122751 ], [ 77.6514475, 12.9122997 ], [ 77.651457, 12.912487 ], [ 77.6492012, 12.9124681 ], [ 77.6492087, 12.9122507 ] ] ] } },
{ "type": "Feature", "properties": { "osm_id": "way/1120747149", "landuse": "industrial", "leisure": null, "amenity": null, "name": "GAIL SV-7B" }, "geometry": { "type": "Polygon", "coordinates": [ [ [ 77.6437052, 12.9197891 ], [ 77.6437132, 12.9199676 ], [ 77.6435116, 12.920094 ], [ 77.6433747, 12.9199328 ], [ 77.6434038, 12.9198061 ], [ 77.6437052, 12.9197891 ] ] ] } },
{ "type": "Feature", "properties": { "osm_id": "way/1122842100", "landuse": null, "leisure": "park", "amenity": null, "name": null }, "geometry": { "type": "Polygon", "coordinates": [ [ [ 77.6378632, 12.9203089 ], [ 77.6383102, 12.9201474 ], [ 77.638239, 12.9196608 ], [ 77.6382263, 12.9194313 ], [ 77.6377219, 12.9194622 ], [ 77.6376305, 12.9194678 ], [ 77.637468, 12.9195359 ], [ 77.6373008, 12.919606 ], [ 77.6375905, 12.9199184 ], [ 77.6378632, 12.9203089 ] ] ] } },
{ "type": "Feature", "properties": { "osm_id": "way/1125664997", "landuse": null, "leisure": "park", "amenity": null, "name": null }, "geometry": { "type": "Polygon", "coordinates": [ [ [ 77.6303137, 12.9169236 ], [ 77.6316377, 12.9168292 ], [ 77.6316449, 12.9168739 ], [ 77.630395, 12.9172295 ], [ 77.6303137, 12.9169236 ] ] ] } },
{ "type": "Feature", "properties": { "osm_id": "way/1125988168", "landuse": "commercial", "leisure": null, "amenity": null, "name": "BWSSB" }, "geometry": { "type": "Polygon", "coordinates": [ [ [ 77.6396379, 12.9256331 ], [ 77.6402468, 12.9256171 ], [ 77.6402454, 12.9255612 ], [ 77.6402145, 12.9246162 ], [ 77.6396084, 12.9246449 ], [ 77.6396379, 12.9256331 ] ] ] } },
{ "type": "Feature", "properties": { "osm_id": "way/1125988174", "landuse": "commercial", "leisure": null, "amenity": null, "name": "IndiQube Delta" }, "geometry": { "type": "Polygon", "coordinates": [ [ [ 77.6382137, 12.9171607 ], [ 77.6379199, 12.9171743 ], [ 77.6379266, 12.9173229 ], [ 77.6382256, 12.9173128 ], [ 77.6382137, 12.9171607 ] ] ] } },
{ "type": "Feature", "properties": { "osm_id": "way/1125988175", "landuse": "commercial", "leisure": null, "amenity": null, "name": "HSR Layout RTO" }, "geometry": { "type": "Polygon", "coordinates": [ [ [ 77.6459652, 12.9215901 ], [ 77.6459518, 12.9215529 ], [ 77.6468429, 12.92143 ], [ 77.6467404, 12.9222267 ], [ 77.6459652, 12.9215901 ] ] ] } },
{ "type": "Feature", "properties": { "osm_id": "way/1125988176", "landuse": "commercial", "leisure": null, "amenity": null, "name": null }, "geometry": { "type": "Polygon", "coordinates": [ [ [ 77.6395574, 12.9245508 ], [ 77.6396084, 12.9246449 ], [ 77.6402145, 12.9246162 ], [ 77.6410997, 12.9244724 ], [ 77.6415177, 12.9244624 ], [ 77.6418046, 12.9243524 ], [ 77.641759, 12.9236001 ], [ 77.6414135, 12.9234894 ], [ 77.6413384, 12.9234842 ], [ 77.6412848, 12.923492 ], [ 77.6395118, 12.9241299 ], [ 77.6395574, 12.9245508 ] ] ] } },
{ "type": "Feature", "properties": { "osm_id": "way/1125988177", "landuse": "orchard", "leisure": null, "amenity": null, "name": null }, "geometry": { "type": "Polygon", "coordinates": [ [ [ 77.6355767, 12.9228738 ], [ 77.6355073, 12.922598 ], [ 77.6355884, 12.9225751 ], [ 77.6355368, 12.9223378 ], [ 77.6358225, 12.9222738 ], [ 77.6359584, 12.9227366 ], [ 77.6360813, 12.9232619 ], [ 77.6361447, 12.9238349 ], [ 77.6357134, 12.9238006 ], [ 77.6355767, 12.9228738 ] ] ] } },
{ "type": "Feature", "properties": { "osm_id": "way/1125988180", "landuse": "commercial", "leisure": null, "amenity": null, "name": null }, "geometry": { "type": "Polygon", "coordinates": [ [ [ 77.6283493, 12.9171087 ], [ 77.6271482, 12.9174595 ], [ 77.6272179, 12.9177236 ], [ 77.6284126, 12.9173995 ], [ 77.6283493, 12.9171087 ] ] ] } },
{ "type": "Feature", "properties": { "osm_id": "way/1126736121", "landuse": "residential", "leisure": null, "amenity": null, "name": null }, "geometry": { "type": "Polygon", "coordinates": [ [ [ 77.6383611, 12.910293 ], [ 77.64157, 12.9102486 ], [ 77.6415388, 12.9097702 ], [ 77.6383612, 12.9098321 ], [ 77.6383611, 12.910293 ] ] ] } },
{ "type": "Feature", "properties": { "osm_id": "way/1126736122", "landuse": "residential", "leisure": null, "amenity": null, "name": null }, "geometry": { "type": "Polygon", "coordinates": [ [ [ 77.6420414, 12.9113658 ], [ 77.6423023, 12.9113592 ], [ 77.6422775, 12.9104305 ], [ 77.6420166, 12.9104371 ], [ 77.6420414, 12.9113658 ] ] ] } },
{ "type": "Feature", "properties": { "osm_id": "way/1126736123", "landuse": "residential", "leisure": null, "amenity": null, "name": null }, "geometry": { "type": "Polygon", "coordinates": [ [ [ 77.6417234, 12.9113781 ], [ 77.6420116, 12.9113683 ], [ 77.6419787, 12.9104557 ], [ 77.6416904, 12.9104656 ], [ 77.6417234, 12.9113781 ] ] ] } },
{ "type": "Feature", "properties": { "osm_id": "way/1126736124", "landuse": "commercial", "leisure": null, "amenity": null, "name": null }, "geometry": { "type": "Polygon", "coordinates": [ [ [ 77.6443501, 12.9118243 ], [ 77.6427385, 12.9118701 ], [ 77.6427304, 12.9116378 ], [ 77.6443483, 12.9115889 ], [ 77.6443501, 12.9118243 ] ] ] } },
{ "type": "Feature", "properties": { "osm_id": "way/1126736125", "landuse": "commercial", "leisure": null, "amenity": null, "name": null }, "geometry": { "type": "Polygon", "coordinates": [ [ [ 77.6399908, 12.9125894 ], [ 77.642003, 12.9125368 ], [ 77.6419962, 12.9123143 ], [ 77.6399968, 12.9123623 ], [ 77.6399908, 12.9125894 ] ] ] } },
{ "type": "Feature", "properties": { "osm_id": "way/1126736126", "landuse": "commercial", "leisure": null, "amenity": null, "name": null }, "geometry": { "type": "Polygon", "coordinates": [ [ [ 77.6382144, 12.9126148 ], [ 77.6398586, 12.9125809 ], [ 77.6398554, 12.9123717 ], [ 77.6382385, 12.9124178 ], [ 77.6382107, 12.9124331 ], [ 77.6382144, 12.9126148 ] ] ] } },
{ "type": "Feature", "properties": { "osm_id": "way/1126736128", "landuse": "residential", "leisure": null, "amenity": null, "name": null }, "geometry": { "type": "Polygon", "coordinates": [ [ [ 77.6398524, 12.9155733 ], [ 77.6415872, 12.9154811 ], [ 77.6415664, 12.915053 ], [ 77.6398565, 12.9151616 ], [ 77.6398524, 12.9155733 ] ] ] } },
{ "type": "Feature", "properties": { "osm_id": "way/1126736129", "landuse": "commercial", "leisure": null, "amenity": null, "name": null }, "geometry": { "type": "Polygon", "coordinates": [ [ [ 77.637809, 12.9117109 ], [ 77.6378003, 12.9113416 ], [ 77.6380034, 12.911337 ], [ 77.6380121, 12.9117064 ], [ 77.637809, 12.9117109 ] ] ] } },
{ "type": "Feature", "properties": { "osm_id": "way/1126736130", "landuse": "residential", "leisure": null, "amenity": null, "name": null }, "geometry": { "type": "Polygon", "coordinates": [ [ [ 77.6398558, 12.9143765 ], [ 77.6402042, 12.914325 ], [ 77.6402216, 12.9136422 ], [ 77.639886, 12.9136269 ], [ 77.6398558, 12.9143765 ] ] ] } },
{ "type": "Feature", "properties": { "osm_id": "way/1126736131", "landuse": "residential", "leisure": null, "amenity": null, "name": null }, "geometry": { "type": "Polygon", "coordinates": [ [ [ 77.6398954, 12.9135707 ], [ 77.6402803, 12.9135929 ], [ 77.6410528, 12.9135459 ], [ 77.6410474, 12.9132635 ], [ 77.6399222, 12.913338 ], [ 77.6398954, 12.9135707 ] ] ] } },
{ "type": "Feature", "properties": { "osm_id": "way/1126736132", "landuse": "residential", "leisure": null, "amenity": null, "name": null }, "geometry": { "type": "Polygon", "coordinates": [ [ [ 77.6399509, 12.9132396 ], [ 77.6410129, 12.9131839 ], [ 77.6409958, 12.9128479 ], [ 77.6399689, 12.9128679 ], [ 77.6399509, 12.9132396 ] ] ] } },
{ "type": "Feature", "properties": { "osm_id": "way/1126736133", "landuse": "residential", "leisure": null, "amenity": null, "name": null }, "geometry": { "type": "Polygon", "coordinates": [ [ [ 77.6393616, 12.9139106 ], [ 77.6397781, 12.913902 ], [ 77.63984, 12.9128469 ], [ 77.6393844, 12.912857 ], [ 77.6393616, 12.9139106 ] ] ] } },
{ "type": "Feature", "properties": { "osm_id": "way/1126736134", "landuse": "residential", "leisure": null, "amenity": null, "name": null }, "geometry": { "type": "Polygon", "coordinates": [ [ [ 77.6387331, 12.9133094 ], [ 77.6393166, 12.9133012 ], [ 77.6393102, 12.9128647 ], [ 77.6387267, 12.9128728 ], [ 77.6387331, 12.9133094 ] ] ] } },
{ "type": "Feature", "properties": { "osm_id": "way/1126736135", "landuse": "residential", "leisure": null, "amenity": null, "name": null }, "geometry": { "type": "Polygon", "coordinates": [ [ [ 77.6387597, 12.9143882 ], [ 77.6397448, 12.9143771 ], [ 77.6397571, 12.9139853 ], [ 77.6387564, 12.9139696 ], [ 77.6387597, 12.9143882 ] ] ] } },
{ "type": "Feature", "properties": { "osm_id": "way/1126736136", "landuse": "residential", "leisure": null, "amenity": null, "name": null }, "geometry": { "type": "Polygon", "coordinates": [ [ [ 77.6391464, 12.9150715 ], [ 77.63971, 12.9150615 ], [ 77.6397158, 12.9145459 ], [ 77.6391462, 12.9145383 ], [ 77.6391464, 12.9150715 ] ] ] } },
{ "type": "Feature", "properties": { "osm_id": "way/1126736137", "landuse": "residential", "leisure": null, "amenity": null, "name": null }, "geometry": { "type": "Polygon", "coordinates": [ [ [ 77.6387673, 12.9150858 ], [ 77.6390781, 12.9150782 ], [ 77.6390839, 12.914553 ], [ 77.6387582, 12.9145585 ], [ 77.6387673, 12.9150858 ] ] ] } },
{ "type": "Feature", "properties": { "osm_id": "way/1134091906", "landuse": "industrial", "leisure": null, "amenity": null, "name": "BWSSB" }, "geometry": { "type": "Polygon", "coordinates": [ [ [ 77.6523167, 12.9082046 ], [ 77.6531415, 12.9080909 ], [ 77.6531114, 12.9078835 ], [ 77.6522866, 12.9079973 ], [ 77.6523167, 12.9082046 ] ] ] } },
{ "type": "Feature", "properties": { "osm_id": "way/1141416725", "landuse": "industrial", "leisure": null, "amenity": null, "name": null }, "geometry": { "type": "Polygon", "coordinates": [ [ [ 77.6283029, 12.9085275 ], [ 77.6290995, 12.908606 ], [ 77.6291424, 12.9092491 ], [ 77.6293892, 12.9092936 ], [ 77.6293825, 12.9095262 ], [ 77.6292148, 12.9103145 ], [ 77.6290727, 12.9109916 ], [ 77.6285362, 12.9107968 ], [ 77.6284138, 12.9107738 ], [ 77.627973, 12.9104831 ], [ 77.6275277, 12.910389 ], [ 77.627238, 12.9103733 ], [ 77.6271723, 12.9103393 ], [ 77.6283029, 12.9085275 ] ] ] } },
{ "type": "Feature", "properties": { "osm_id": "way/1160889006", "landuse": "residential", "leisure": null, "amenity": null, "name": null }, "geometry": { "type": "Polygon", "coordinates": [ [ [ 77.652546, 12.9192334 ], [ 77.6540266, 12.9192765 ], [ 77.6540078, 12.9189929 ], [ 77.6525487, 12.918951 ], [ 77.652546, 12.9192334 ] ] ] } },
{ "type": "Feature", "properties": { "osm_id": "way/1160889007", "landuse": "residential", "leisure": null, "amenity": null, "name": null }, "geometry": { "type": "Polygon", "coordinates": [ [ [ 77.6521812, 12.9196085 ], [ 77.6541399, 12.9197144 ], [ 77.6544222, 12.9197131 ], [ 77.6543967, 12.9193379 ], [ 77.652196, 12.9192647 ], [ 77.6521812, 12.9196085 ] ] ] } },
{ "type": "Feature", "properties": { "osm_id": "way/1160889008", "landuse": "residential", "leisure": null, "amenity": null, "name": null }, "geometry": { "type": "Polygon", "coordinates": [ [ [ 77.6521792, 12.9200197 ], [ 77.654093, 12.9201072 ], [ 77.6541057, 12.9198294 ], [ 77.6521738, 12.9197438 ], [ 77.6521792, 12.9200197 ] ] ] } },
{ "type": "Feature", "properties": { "osm_id": "way/1160889009", "landuse": "residential", "leisure": null, "amenity": null, "name": null }, "geometry": { "type": "Polygon", "coordinates": [ [ [ 77.6521678, 12.9203837 ], [ 77.6541339, 12.9204608 ], [ 77.6541191, 12.9201725 ], [ 77.6521665, 12.9200909 ], [ 77.6521678, 12.9203837 ] ] ] } },
{ "type": "Feature", "properties": { "osm_id": "way/1160889010", "landuse": "commercial", "leisure": null, "amenity": null, "name": null }, "geometry": { "type": "Polygon", "coordinates": [ [ [ 77.6512465, 12.922594 ], [ 77.6514186, 12.9226194 ], [ 77.6514563, 12.9211101 ], [ 77.6512755, 12.9210812 ], [ 77.6512465, 12.922594 ] ] ] } },
{ "type": "Feature", "properties": { "osm_id": "way/1167157222", "landuse": "religious", "leisure": null, "amenity": null, "name": null }, "geometry": { "type": "Polygon", "coordinates": [ [ [ 77.6479453, 12.9117798 ], [ 77.6479502, 12.9115013 ], [ 77.6474991, 12.9114965 ], [ 77.6474918, 12.911783 ], [ 77.6477986, 12.9117837 ], [ 77.6479453, 12.9117798 ] ] ] } },
{ "type": "Feature", "properties": { "osm_id": "way/1167472784", "landuse": "commercial", "leisure": null, "amenity": null, "name": "Central Ground Water Board" }, "geometry": { "type": "Polygon", "coordinates": [ [ [ 77.6503506, 12.9206137 ], [ 77.6507342, 12.9205902 ], [ 77.650525, 12.9198739 ], [ 77.6501307, 12.9198216 ], [ 77.6503506, 12.9206137 ] ] ] } },
{ "type": "Feature", "properties": { "osm_id": "way/1167875654", "landuse": "residential", "leisure": null, "amenity": null, "name": "Assetz 27 Park Avenue" }, "geometry": { "type": "Polygon", "coordinates": [ [ [ 77.6487439, 12.9167542 ], [ 77.6490946, 12.9167477 ], [ 77.6489551, 12.9158483 ], [ 77.6486256, 12.9158424 ], [ 77.6487439, 12.9167542 ] ] ] } },
{ "type": "Feature", "properties": { "osm_id": "way/1172709290", "landuse": "construction", "leisure": null, "amenity": null, "name": "Sattva (u/c)" }, "geometry": { "type": "Polygon", "coordinates": [ [ [ 77.6432029, 12.923998 ], [ 77.6435459, 12.9260226 ], [ 77.6431006, 12.9260749 ], [ 77.6431113, 12.9262213 ], [ 77.6428753, 12.9262004 ], [ 77.6428914, 12.9263259 ], [ 77.6419446, 12.9264122 ], [ 77.6419446, 12.9265036 ], [ 77.6418024, 12.9264749 ], [ 77.6416415, 12.9258448 ], [ 77.6414055, 12.9257847 ], [ 77.6408516, 12.9258211 ], [ 77.640836, 12.9255445 ], [ 77.6402454, 12.9255612 ], [ 77.6402145, 12.9246162 ], [ 77.6410997, 12.9244724 ], [ 77.6415177, 12.9244624 ], [ 77.6418046, 12.9243524 ], [ 77.641759, 12.9236001 ], [ 77.6432029, 12.923998 ] ] ] } },
{ "type": "Feature", "properties": { "osm_id": "way/1196119399", "landuse": "religious", "leisure": null, "amenity": "place_of_worship", "name": null }, "geometry": { "type": "Polygon", "coordinates": [ [ [ 77.6497565, 12.923943 ], [ 77.6494431, 12.9237945 ], [ 77.6494735, 12.9235692 ], [ 77.6498276, 12.9236319 ], [ 77.6497565, 12.923943 ] ] ] } },
{ "type": "Feature", "properties": { "osm_id": "way/1196119400", "landuse": "religious", "leisure": null, "amenity": "place_of_worship", "name": null }, "geometry": { "type": "Polygon", "coordinates": [ [ [ 77.650071, 12.924243 ], [ 77.649489, 12.924226 ], [ 77.6494903, 12.9239116 ], [ 77.6500757, 12.9241783 ], [ 77.650071, 12.924243 ] ] ] } },
{ "type": "Feature", "properties": { "osm_id": "way/1196119401", "landuse": "religious", "leisure": null, "amenity": "place_of_worship", "name": null }, "geometry": { "type": "Polygon", "coordinates": [ [ [ 77.6502407, 12.9241704 ], [ 77.6498571, 12.9239809 ], [ 77.6499054, 12.9238554 ], [ 77.6503037, 12.9239482 ], [ 77.6502407, 12.9241704 ] ] ] } },
{ "type": "Feature", "properties": { "osm_id": "way/1209782236", "landuse": "commercial", "leisure": null, "amenity": null, "name": null }, "geometry": { "type": "Polygon", "coordinates": [ [ [ 77.6515614, 12.9084832 ], [ 77.6515268, 12.908121 ], [ 77.6516923, 12.908109 ], [ 77.651734, 12.9084673 ], [ 77.6515614, 12.9084832 ] ] ] } },
{ "type": "Feature", "properties": { "osm_id": "way/1209782239", "landuse": "residential", "leisure": null, "amenity": null, "name": null }, "geometry": { "type": "Polygon", "coordinates": [ [ [ 77.6484624, 12.9103354 ], [ 77.648748, 12.9103236 ], [ 77.6488392, 12.9093079 ], [ 77.6485817, 12.9093105 ], [ 77.6484624, 12.9103354 ] ] ] } },
{ "type": "Feature", "properties": { "osm_id": "way/1209782240", "landuse": "residential", "leisure": null, "amenity": null, "name": null }, "geometry": { "type": "Polygon", "coordinates": [ [ [ 77.6481552, 12.9103524 ], [ 77.6484261, 12.9103419 ], [ 77.6485401, 12.9093027 ], [ 77.6482511, 12.9093072 ], [ 77.6481552, 12.9103524 ] ] ] } },
{ "type": "Feature", "properties": { "osm_id": "way/1209782241", "landuse": "residential", "leisure": null, "amenity": null, "name": null }, "geometry": { "type": "Polygon", "coordinates": [ [ [ 77.6478012, 12.9103563 ], [ 77.6480976, 12.9103511 ], [ 77.6481834, 12.9093144 ], [ 77.6479139, 12.9093314 ], [ 77.6478012, 12.9103563 ] ] ] } },
{ "type": "Feature", "properties": { "osm_id": "way/1209782242", "landuse": "residential", "leisure": null, "amenity": null, "name": null }, "geometry": { "type": "Polygon", "coordinates": [ [ [ 77.647773, 12.9108883 ], [ 77.6491235, 12.910738 ], [ 77.649149, 12.9103707 ], [ 77.6477985, 12.9104177 ], [ 77.647773, 12.9108883 ] ] ] } },
{ "type": "Feature", "properties": { "osm_id": "way/1209782243", "landuse": "residential", "leisure": null, "amenity": null, "name": null }, "geometry": { "type": "Polygon", "coordinates": [ [ [ 77.6472017, 12.9109249 ], [ 77.6473721, 12.9093785 ], [ 77.6478522, 12.9093576 ], [ 77.6476845, 12.9108962 ], [ 77.6472017, 12.9109249 ] ] ] } },
{ "type": "Feature", "properties": { "osm_id": "way/1209782252", "landuse": "residential", "leisure": null, "amenity": null, "name": null }, "geometry": { "type": "Polygon", "coordinates": [ [ [ 77.6462308, 12.9145197 ], [ 77.6474485, 12.9144452 ], [ 77.6474471, 12.914091 ], [ 77.6462214, 12.9141171 ], [ 77.6462308, 12.9145197 ] ] ] } },
{ "type": "Feature", "properties": { "osm_id": "way/1209782253", "landuse": "residential", "leisure": null, "amenity": null, "name": null }, "geometry": { "type": "Polygon", "coordinates": [ [ [ 77.6478602, 12.9140159 ], [ 77.6481196, 12.9140093 ], [ 77.6480854, 12.9124851 ], [ 77.647816, 12.9124733 ], [ 77.6478602, 12.9140159 ] ] ] } },
{ "type": "Feature", "properties": { "osm_id": "way/1209782254", "landuse": "residential", "leisure": null, "amenity": null, "name": null }, "geometry": { "type": "Polygon", "coordinates": [ [ [ 77.6461704, 12.9128805 ], [ 77.6477623, 12.9128609 ], [ 77.6477596, 12.912457 ], [ 77.6475129, 12.912457 ], [ 77.6461516, 12.9126243 ], [ 77.6461704, 12.9128805 ] ] ] } },
{ "type": "Feature", "properties": { "osm_id": "way/1209782255", "landuse": "residential", "leisure": null, "amenity": null, "name": null }, "geometry": { "type": "Polygon", "coordinates": [ [ [ 77.6461818, 12.9132086 ], [ 77.6477838, 12.9131825 ], [ 77.6477811, 12.9129158 ], [ 77.6461677, 12.9129341 ], [ 77.6461818, 12.9132086 ] ] ] } },
{ "type": "Feature", "properties": { "osm_id": "way/1209782256", "landuse": "residential", "leisure": null, "amenity": null, "name": null }, "geometry": { "type": "Polygon", "coordinates": [ [ [ 77.6467334, 12.9136455 ], [ 77.6478022, 12.9136227 ], [ 77.6477934, 12.9132279 ], [ 77.6467246, 12.9132507 ], [ 77.6467334, 12.9136455 ] ] ] } },
{ "type": "Feature", "properties": { "osm_id": "way/1209782257", "landuse": "residential", "leisure": null, "amenity": null, "name": null }, "geometry": { "type": "Polygon", "coordinates": [ [ [ 77.646745, 12.91406 ], [ 77.6478125, 12.9140422 ], [ 77.647806, 12.913669 ], [ 77.6467384, 12.9136868 ], [ 77.646745, 12.91406 ] ] ] } },
{ "type": "Feature", "properties": { "osm_id": "way/1209782260", "landuse": "residential", "leisure": null, "amenity": null, "name": null }, "geometry": { "type": "Polygon", "coordinates": [ [ [ 77.6509367, 12.9153511 ], [ 77.6512384, 12.9153511 ], [ 77.6512746, 12.9144648 ], [ 77.6509957, 12.9144674 ], [ 77.6509488, 12.9150504 ], [ 77.6509367, 12.9153511 ] ] ] } },
{ "type": "Feature", "properties": { "osm_id": "way/1209782261", "landuse": "residential", "leisure": null, "amenity": null, "name": null }, "geometry": { "type": "Polygon", "coordinates": [ [ [ 77.6494969, 12.9153382 ], [ 77.6508829, 12.9153522 ], [ 77.6508859, 12.9150719 ], [ 77.6494999, 12.9150578 ], [ 77.6494969, 12.9153382 ] ] ] } },
{ "type": "Feature", "properties": { "osm_id": "way/1209782262", "landuse": "residential", "leisure": null, "amenity": null, "name": null }, "geometry": { "type": "Polygon", "coordinates": [ [ [ 77.6497778, 12.9143899 ], [ 77.6512824, 12.9144156 ], [ 77.6512882, 12.9140913 ], [ 77.6497836, 12.9140657 ], [ 77.6497778, 12.9143899 ] ] ] } },
{ "type": "Feature", "properties": { "osm_id": "way/1209782263", "landuse": "residential", "leisure": null, "amenity": null, "name": null }, "geometry": { "type": "Polygon", "coordinates": [ [ [ 77.6494923, 12.9150125 ], [ 77.649491, 12.9140583 ], [ 77.6497324, 12.9140609 ], [ 77.6497344, 12.9150132 ], [ 77.6494923, 12.9150125 ] ] ] } },
{ "type": "Feature", "properties": { "osm_id": "way/1209782264", "landuse": "commercial", "leisure": null, "amenity": null, "name": null }, "geometry": { "type": "Polygon", "coordinates": [ [ [ 77.6514429, 12.9163744 ], [ 77.6514418, 12.9165842 ], [ 77.6514386, 12.9171486 ], [ 77.6516131, 12.9171495 ], [ 77.6516174, 12.9163753 ], [ 77.6514429, 12.9163744 ] ] ] } },
{ "type": "Feature", "properties": { "osm_id": "way/1209782265", "landuse": "commercial", "leisure": null, "amenity": null, "name": null }, "geometry": { "type": "Polygon", "coordinates": [ [ [ 77.6515379, 12.9159325 ], [ 77.6515271, 12.9162796 ], [ 77.6516336, 12.9162827 ], [ 77.6516444, 12.9159356 ], [ 77.6515379, 12.9159325 ] ] ] } },
{ "type": "Feature", "properties": { "osm_id": "way/1209782266", "landuse": "commercial", "leisure": null, "amenity": null, "name": null }, "geometry": { "type": "Polygon", "coordinates": [ [ [ 77.6514892, 12.9157871 ], [ 77.6515147, 12.9144439 ], [ 77.6516923, 12.9144489 ], [ 77.6516493, 12.9157926 ], [ 77.6514892, 12.9157871 ] ] ] } },
{ "type": "Feature", "properties": { "osm_id": "way/1209782267", "landuse": "commercial", "leisure": null, "amenity": null, "name": null }, "geometry": { "type": "Polygon", "coordinates": [ [ [ 77.6515597, 12.9139952 ], [ 77.6517161, 12.9139966 ], [ 77.6517491, 12.9125754 ], [ 77.6515766, 12.9125622 ], [ 77.6515597, 12.9139952 ] ] ] } },
{ "type": "Feature", "properties": { "osm_id": "way/1209782268", "landuse": "commercial", "leisure": null, "amenity": null, "name": null }, "geometry": { "type": "Polygon", "coordinates": [ [ [ 77.6519304, 12.9129262 ], [ 77.6519368, 12.9125661 ], [ 77.6521005, 12.9125688 ], [ 77.6520941, 12.912929 ], [ 77.6519304, 12.9129262 ] ] ] } },
{ "type": "Feature", "properties": { "osm_id": "way/1209782269", "landuse": "residential", "leisure": null, "amenity": null, "name": null }, "geometry": { "type": "Polygon", "coordinates": [ [ [ 77.6510017, 12.9136792 ], [ 77.6513075, 12.9136851 ], [ 77.6513404, 12.9125642 ], [ 77.6510333, 12.9125602 ], [ 77.6510017, 12.9136792 ] ] ] } },
{ "type": "Feature", "properties": { "osm_id": "way/1209782270", "landuse": "residential", "leisure": null, "amenity": null, "name": null }, "geometry": { "type": "Polygon", "coordinates": [ [ [ 77.6506387, 12.9132467 ], [ 77.6509604, 12.9132557 ], [ 77.6509812, 12.9125529 ], [ 77.6506596, 12.9125438 ], [ 77.6506387, 12.9132467 ] ] ] } },
{ "type": "Feature", "properties": { "osm_id": "way/1209782271", "landuse": "residential", "leisure": null, "amenity": null, "name": null }, "geometry": { "type": "Polygon", "coordinates": [ [ [ 77.64951, 12.913682 ], [ 77.6495082, 12.9140226 ], [ 77.6512925, 12.9140326 ], [ 77.6512943, 12.9137137 ], [ 77.64951, 12.913682 ] ] ] } },
{ "type": "Feature", "properties": { "osm_id": "way/1209782272", "landuse": "residential", "leisure": null, "amenity": null, "name": null }, "geometry": { "type": "Polygon", "coordinates": [ [ [ 77.6495096, 12.9136604 ], [ 77.6495139, 12.9132813 ], [ 77.6509489, 12.9132967 ], [ 77.6509446, 12.9136758 ], [ 77.6495096, 12.9136604 ] ] ] } },
{ "type": "Feature", "properties": { "osm_id": "way/1209782275", "landuse": "residential", "leisure": null, "amenity": null, "name": null }, "geometry": { "type": "Polygon", "coordinates": [ [ [ 77.6522832, 12.9079589 ], [ 77.6531401, 12.9078334 ], [ 77.6531093, 12.9075576 ], [ 77.6527633, 12.9075916 ], [ 77.6522135, 12.907704 ], [ 77.6522832, 12.9079589 ] ] ] } },
{ "type": "Feature", "properties": { "osm_id": "way/1209782276", "landuse": "residential", "leisure": null, "amenity": null, "name": null }, "geometry": { "type": "Polygon", "coordinates": [ [ [ 77.652365, 12.9085027 ], [ 77.6531897, 12.9083955 ], [ 77.6531622, 12.9081164 ], [ 77.6523261, 12.9082288 ], [ 77.652365, 12.9085027 ] ] ] } },
{ "type": "Feature", "properties": { "osm_id": "way/1209782277", "landuse": "residential", "leisure": null, "amenity": null, "name": null }, "geometry": { "type": "Polygon", "coordinates": [ [ [ 77.6524199, 12.9088877 ], [ 77.6532179, 12.9088125 ], [ 77.6531871, 12.9084386 ], [ 77.6523878, 12.908538 ], [ 77.6524199, 12.9088877 ] ] ] } },
{ "type": "Feature", "properties": { "osm_id": "way/1209782278", "landuse": "residential", "leisure": null, "amenity": null, "name": null }, "geometry": { "type": "Polygon", "coordinates": [ [ [ 77.6529121, 12.9113629 ], [ 77.6532166, 12.9113694 ], [ 77.6530382, 12.9096988 ], [ 77.6527646, 12.9097236 ], [ 77.6529121, 12.9113629 ] ] ] } },
{ "type": "Feature", "properties": { "osm_id": "way/1209782279", "landuse": "residential", "leisure": null, "amenity": null, "name": null }, "geometry": { "type": "Polygon", "coordinates": [ [ [ 77.6532595, 12.911372 ], [ 77.6535257, 12.9113792 ], [ 77.6533286, 12.9096655 ], [ 77.6530765, 12.9096929 ], [ 77.6532595, 12.911372 ] ] ] } },
{ "type": "Feature", "properties": { "osm_id": "way/1209782280", "landuse": "commercial", "leisure": null, "amenity": null, "name": null }, "geometry": { "type": "Polygon", "coordinates": [ [ [ 77.6519714, 12.9113243 ], [ 77.651964, 12.9097903 ], [ 77.6521866, 12.9097733 ], [ 77.6521933, 12.9113263 ], [ 77.6519714, 12.9113243 ] ] ] } },
{ "type": "Feature", "properties": { "osm_id": "way/1209782281", "landuse": "commercial", "leisure": null, "amenity": null, "name": null }, "geometry": { "type": "Polygon", "coordinates": [ [ [ 77.6517837, 12.9112917 ], [ 77.6515877, 12.9112949 ], [ 77.6515979, 12.9094504 ], [ 77.651793, 12.9094485 ], [ 77.6517837, 12.9112917 ] ] ] } },
{ "type": "Feature", "properties": { "osm_id": "way/1212365337", "landuse": "residential", "leisure": null, "amenity": null, "name": null }, "geometry": { "type": "Polygon", "coordinates": [ [ [ 77.6525889, 12.9180386 ], [ 77.6541312, 12.9180844 ], [ 77.6540802, 12.9178269 ], [ 77.6525956, 12.9177863 ], [ 77.6525889, 12.9180386 ] ] ] } },
{ "type": "Feature", "properties": { "osm_id": "way/1212365352", "landuse": "residential", "leisure": null, "amenity": null, "name": null }, "geometry": { "type": "Polygon", "coordinates": [ [ [ 77.653584, 12.9124452 ], [ 77.6537141, 12.9124374 ], [ 77.6538053, 12.913674 ], [ 77.6539434, 12.9143132 ], [ 77.653999, 12.9143043 ], [ 77.6544853, 12.9162766 ], [ 77.6541513, 12.9164073 ], [ 77.6541413, 12.9163583 ], [ 77.6542425, 12.9163249 ], [ 77.6539595, 12.9150086 ], [ 77.6536618, 12.9137276 ], [ 77.653584, 12.9124452 ] ] ] } },
{ "type": "Feature", "properties": { "osm_id": "way/1212365383", "landuse": "residential", "leisure": null, "amenity": null, "name": null }, "geometry": { "type": "Polygon", "coordinates": [ [ [ 77.6544993, 12.919749 ], [ 77.654439, 12.9192549 ], [ 77.6543102, 12.9181635 ], [ 77.6542224, 12.9181007 ], [ 77.6539844, 12.9167092 ], [ 77.6539113, 12.9164034 ], [ 77.6541413, 12.9163583 ], [ 77.6541513, 12.9164073 ], [ 77.6543525, 12.9176517 ], [ 77.6543994, 12.9180661 ], [ 77.6545376, 12.9181288 ], [ 77.6546288, 12.919053 ], [ 77.6547529, 12.9199859 ], [ 77.6548205, 12.9205472 ], [ 77.6545992, 12.9205978 ], [ 77.6544993, 12.919749 ] ] ] } },
{ "type": "Feature", "properties": { "osm_id": "way/1215278318", "landuse": "residential", "leisure": null, "amenity": null, "name": null }, "geometry": { "type": "Polygon", "coordinates": [ [ [ 77.6305318, 12.9133589 ], [ 77.630859, 12.9133289 ], [ 77.6308496, 12.9126465 ], [ 77.6305278, 12.9126243 ], [ 77.6305318, 12.9133589 ] ] ] } },
{ "type": "Feature", "properties": { "osm_id": "way/1215278319", "landuse": "residential", "leisure": null, "amenity": null, "name": null }, "geometry": { "type": "Polygon", "coordinates": [ [ [ 77.6286355, 12.9135027 ], [ 77.6304017, 12.9133844 ], [ 77.6304091, 12.913055 ], [ 77.6286267, 12.9131589 ], [ 77.6286355, 12.9135027 ] ] ] } },
{ "type": "Feature", "properties": { "osm_id": "way/1215278324", "landuse": "residential", "leisure": null, "amenity": null, "name": null }, "geometry": { "type": "Polygon", "coordinates": [ [ [ 77.6286234, 12.9130687 ], [ 77.6286227, 12.9128851 ], [ 77.6286475, 12.9127655 ], [ 77.6286911, 12.9127249 ], [ 77.629253, 12.9126786 ], [ 77.6304165, 12.9126151 ], [ 77.6304178, 12.9129504 ], [ 77.6288695, 12.9130553 ], [ 77.6286234, 12.9130687 ] ] ] } },
{ "type": "Feature", "properties": { "osm_id": "way/1215337276", "landuse": "residential", "leisure": null, "amenity": null, "name": null }, "geometry": { "type": "Polygon", "coordinates": [ [ [ 77.6279783, 12.9134452 ], [ 77.6282407, 12.9134168 ], [ 77.6282586, 12.9134191 ], [ 77.6280816, 12.9129589 ], [ 77.6280621, 12.9129655 ], [ 77.6280326, 12.9128982 ], [ 77.6279522, 12.9129217 ], [ 77.6279609, 12.9129642 ], [ 77.6278257, 12.9129888 ], [ 77.6279783, 12.9134452 ] ] ] } },
{ "type": "Feature", "properties": { "osm_id": "way/1215364873", "landuse": "commercial", "leisure": null, "amenity": null, "name": null }, "geometry": { "type": "Polygon", "coordinates": [ [ [ 77.6365009, 12.9165952 ], [ 77.6369659, 12.9165358 ], [ 77.6369349, 12.9163046 ], [ 77.6364698, 12.916364 ], [ 77.6365009, 12.9165952 ] ] ] } },
{ "type": "Feature", "properties": { "osm_id": "way/1217377637", "landuse": "construction", "leisure": null, "amenity": null, "name": null }, "geometry": { "type": "Polygon", "coordinates": [ [ [ 77.6514418, 12.9165842 ], [ 77.6512594, 12.9165812 ], [ 77.651263, 12.9163735 ], [ 77.6514429, 12.9163744 ], [ 77.6514418, 12.9165842 ] ] ] } },
{ "type": "Feature", "properties": { "osm_id": "way/1217377642", "landuse": "residential", "leisure": null, "amenity": null, "name": null }, "geometry": { "type": "Polygon", "coordinates": [ [ [ 77.650816, 12.9225248 ], [ 77.651214, 12.9226639 ], [ 77.6512438, 12.9235025 ], [ 77.6509112, 12.9235195 ], [ 77.6509068, 12.9233978 ], [ 77.6508924, 12.9230045 ], [ 77.6507999, 12.9230084 ], [ 77.6507838, 12.9227326 ], [ 77.650816, 12.9225248 ] ] ] } },
{ "type": "Feature", "properties": { "osm_id": "way/1220572669", "landuse": "commercial", "leisure": null, "amenity": null, "name": null }, "geometry": { "type": "Polygon", "coordinates": [ [ [ 77.6493307, 12.909189 ], [ 77.6495674, 12.9091798 ], [ 77.6495506, 12.908767 ], [ 77.6493812, 12.9087736 ], [ 77.6493307, 12.909189 ] ] ] } },
{ "type": "Feature", "properties": { "osm_id": "way/1231133137", "landuse": "cemetery", "leisure": null, "amenity": null, "name": null }, "geometry": { "type": "Polygon", "coordinates": [ [ [ 77.6516749, 12.9230857 ], [ 77.6516394, 12.922713 ], [ 77.6516808, 12.9215288 ], [ 77.6518916, 12.9215091 ], [ 77.6518956, 12.9230803 ], [ 77.6516749, 12.9230857 ] ] ] } },
{ "type": "Feature", "properties": { "osm_id": "way/1237030052", "landuse": "commercial", "leisure": null, "amenity": null, "name": null }, "geometry": { "type": "Polygon", "coordinates": [ [ [ 77.6516186, 12.909389 ], [ 77.6516026, 12.9089622 ], [ 77.6515703, 12.9086204 ], [ 77.651748, 12.9086132 ], [ 77.6517729, 12.9089478 ], [ 77.6517957, 12.9093753 ], [ 77.6516186, 12.909389 ] ] ] } },
{ "type": "Feature", "properties": { "osm_id": "way/1238363945", "landuse": "residential", "leisure": null, "amenity": null, "name": null }, "geometry": { "type": "Polygon", "coordinates": [ [ [ 77.6416945, 12.9154576 ], [ 77.6421506, 12.915388 ], [ 77.6420911, 12.9143593 ], [ 77.6420681, 12.9140603 ], [ 77.6416117, 12.9141627 ], [ 77.6416945, 12.9154576 ] ] ] } },
{ "type": "Feature", "properties": { "osm_id": "way/1238363946", "landuse": "residential", "leisure": null, "amenity": null, "name": null }, "geometry": { "type": "Polygon", "coordinates": [ [ [ 77.6398628, 12.9150571 ], [ 77.6401681, 12.9150527 ], [ 77.6401856, 12.9144938 ], [ 77.6398717, 12.9145248 ], [ 77.6398628, 12.9150571 ] ] ] } },
{ "type": "Feature", "properties": { "osm_id": "way/1238363947", "landuse": "residential", "leisure": null, "amenity": null, "name": null }, "geometry": { "type": "Polygon", "coordinates": [ [ [ 77.6402544, 12.9150347 ], [ 77.640261, 12.9144649 ], [ 77.640608, 12.9144018 ], [ 77.6406218, 12.91502 ], [ 77.6402544, 12.9150347 ] ] ] } },
{ "type": "Feature", "properties": { "osm_id": "way/1238363948", "landuse": "residential", "leisure": null, "amenity": null, "name": null }, "geometry": { "type": "Polygon", "coordinates": [ [ [ 77.6407105, 12.915002 ], [ 77.6411108, 12.9149806 ], [ 77.641114, 12.9143003 ], [ 77.6406974, 12.9143782 ], [ 77.6407105, 12.915002 ] ] ] } },
{ "type": "Feature", "properties": { "osm_id": "way/1240984543", "landuse": null, "leisure": "playground", "amenity": null, "name": null }, "geometry": { "type": "Polygon", "coordinates": [ [ [ 77.6455347, 12.9239888 ], [ 77.6457433, 12.9240437 ], [ 77.6457755, 12.9239272 ], [ 77.645567, 12.9238723 ], [ 77.6455347, 12.9239888 ] ] ] } },
{ "type": "Feature", "properties": { "osm_id": "way/1240984544", "landuse": null, "leisure": "playground", "amenity": null, "name": null }, "geometry": { "type": "Polygon", "coordinates": [ [ [ 77.6452859, 12.9238776 ], [ 77.6454429, 12.9239391 ], [ 77.645509, 12.9237787 ], [ 77.6453521, 12.9237172 ], [ 77.6452859, 12.9238776 ] ] ] } },
{ "type": "Feature", "properties": { "osm_id": "way/1241308593", "landuse": "residential", "leisure": null, "amenity": null, "name": null }, "geometry": { "type": "Polygon", "coordinates": [ [ [ 77.6492852, 12.9176042 ], [ 77.6495208, 12.9176006 ], [ 77.649526, 12.9174509 ], [ 77.64928, 12.9174661 ], [ 77.6492852, 12.9176042 ] ] ] } },
{ "type": "Feature", "properties": { "osm_id": "way/1241308594", "landuse": "commercial", "leisure": null, "amenity": null, "name": null }, "geometry": { "type": "Polygon", "coordinates": [ [ [ 77.6492852, 12.9176042 ], [ 77.6495208, 12.9176006 ], [ 77.6495194, 12.9177234 ], [ 77.6492927, 12.9177358 ], [ 77.6492852, 12.9176042 ] ] ] } },
{ "type": "Feature", "properties": { "osm_id": "way/1241308595", "landuse": "residential", "leisure": null, "amenity": null, "name": null }, "geometry": { "type": "Polygon", "coordinates": [ [ [ 77.6492965, 12.9178774 ], [ 77.6492927, 12.9177358 ], [ 77.6495194, 12.9177234 ], [ 77.6495314, 12.9178751 ], [ 77.6492965, 12.9178774 ] ] ] } },
{ "type": "Feature", "properties": { "osm_id": "way/1241308608", "landuse": "commercial", "leisure": null, "amenity": null, "name": null }, "geometry": { "type": "Polygon", "coordinates": [ [ [ 77.6492965, 12.9178774 ], [ 77.6493074, 12.9181526 ], [ 77.649547, 12.9181466 ], [ 77.6495314, 12.9178751 ], [ 77.6492965, 12.9178774 ] ] ] } },
{ "type": "Feature", "properties": { "osm_id": "way/1241312584", "landuse": null, "leisure": "pitch", "amenity": null, "name": null }, "geometry": { "type": "Polygon", "coordinates": [ [ [ 77.6467141, 12.9107901 ], [ 77.6470439, 12.9107725 ], [ 77.6470328, 12.9105756 ], [ 77.6467031, 12.9105931 ], [ 77.6467141, 12.9107901 ] ] ] } },
{ "type": "Feature", "properties": { "osm_id": "way/1241317891", "landuse": "plant_nursery", "leisure": null, "amenity": null, "name": null }, "geometry": { "type": "Polygon", "coordinates": [ [ [ 77.649059, 12.9185023 ], [ 77.6491816, 12.9184963 ], [ 77.6491782, 12.9184293 ], [ 77.6490555, 12.9184353 ], [ 77.649059, 12.9185023 ] ] ] } },
{ "type": "Feature", "properties": { "osm_id": "way/1254626826", "landuse": null, "leisure": "park", "amenity": null, "name": null }, "geometry": { "type": "Polygon", "coordinates": [ [ [ 77.6443997, 12.9102043 ], [ 77.6444774, 12.9102011 ], [ 77.6444326, 12.9091508 ], [ 77.6443547, 12.909154 ], [ 77.6443997, 12.9102043 ] ] ] } },
{ "type": "Feature", "properties": { "osm_id": "way/1262069445", "landuse": "residential", "leisure": null, "amenity": null, "name": null }, "geometry": { "type": "Polygon", "coordinates": [ [ [ 77.6309784, 12.9133269 ], [ 77.630975, 12.9130315 ], [ 77.6318957, 12.9129112 ], [ 77.631887, 12.9132472 ], [ 77.6309784, 12.9133269 ] ] ] } },
{ "type": "Feature", "properties": { "osm_id": "way/1262069446", "landuse": "residential", "leisure": null, "amenity": null, "name": null }, "geometry": { "type": "Polygon", "coordinates": [ [ [ 77.6311728, 12.9156465 ], [ 77.6311956, 12.9144883 ], [ 77.6317053, 12.9144596 ], [ 77.6316597, 12.9155877 ], [ 77.6311728, 12.9156465 ] ] ] } },
{ "type": "Feature", "properties": { "osm_id": "way/1262069447", "landuse": "residential", "leisure": null, "amenity": null, "name": null }, "geometry": { "type": "Polygon", "coordinates": [ [ [ 77.6306002, 12.9156792 ], [ 77.630619, 12.9145315 ], [ 77.6311433, 12.9144949 ], [ 77.6311138, 12.9156583 ], [ 77.6306002, 12.9156792 ] ] ] } },
{ "type": "Feature", "properties": { "osm_id": "way/1262069448", "landuse": null, "leisure": "pitch", "amenity": null, "name": null }, "geometry": { "type": "Polygon", "coordinates": [ [ [ 77.6301455, 12.9156909 ], [ 77.6305117, 12.9156792 ], [ 77.6305264, 12.9152936 ], [ 77.630108, 12.9153197 ], [ 77.6301455, 12.9156909 ] ] ] } },
{ "type": "Feature", "properties": { "osm_id": "way/1262069449", "landuse": "residential", "leisure": null, "amenity": null, "name": null }, "geometry": { "type": "Polygon", "coordinates": [ [ [ 77.6293181, 12.9153772 ], [ 77.6288111, 12.9154491 ], [ 77.6286898, 12.9141269 ], [ 77.6292001, 12.914106 ], [ 77.6293181, 12.9153772 ] ] ] } },
{ "type": "Feature", "properties": { "osm_id": "way/1262069452", "landuse": "residential", "leisure": null, "amenity": null, "name": null }, "geometry": { "type": "Polygon", "coordinates": [ [ [ 77.6293838, 12.9153406 ], [ 77.6292463, 12.9140955 ], [ 77.6297308, 12.9140707 ], [ 77.6298156, 12.9152622 ], [ 77.6293838, 12.9153406 ] ] ] } },
{ "type": "Feature", "properties": { "osm_id": "way/1262069453", "landuse": "construction", "leisure": null, "amenity": null, "name": null }, "geometry": { "type": "Polygon", "coordinates": [ [ [ 77.6259144, 12.9145785 ], [ 77.6263851, 12.9139054 ], [ 77.6255616, 12.914018 ], [ 77.625677, 12.9145119 ], [ 77.6259144, 12.9145785 ] ] ] } },
{ "type": "Feature", "properties": { "osm_id": "way/1262069454", "landuse": null, "leisure": "park", "amenity": null, "name": null }, "geometry": { "type": "Polygon", "coordinates": [ [ [ 77.6292738, 12.9159772 ], [ 77.6295635, 12.9159576 ], [ 77.6295521, 12.9157981 ], [ 77.6292625, 12.9158177 ], [ 77.6292738, 12.9159772 ] ] ] } },
{ "type": "Feature", "properties": { "osm_id": "way/1262069456", "landuse": "residential", "leisure": null, "amenity": null, "name": null }, "geometry": { "type": "Polygon", "coordinates": [ [ [ 77.6283056, 12.9162243 ], [ 77.628044, 12.9141681 ], [ 77.628617, 12.914123 ], [ 77.6287951, 12.9161851 ], [ 77.6283056, 12.9162243 ] ] ] } },
{ "type": "Feature", "properties": { "osm_id": "way/1262069457", "landuse": "residential", "leisure": null, "amenity": null, "name": null }, "geometry": { "type": "Polygon", "coordinates": [ [ [ 77.6276109, 12.9152883 ], [ 77.6278114, 12.9149883 ], [ 77.6281165, 12.9152034 ], [ 77.628152, 12.9156243 ], [ 77.6276109, 12.9152883 ] ] ] } },
{ "type": "Feature", "properties": { "osm_id": "way/1262069458", "landuse": "residential", "leisure": null, "amenity": null, "name": null }, "geometry": { "type": "Polygon", "coordinates": [ [ [ 77.6273198, 12.9157485 ], [ 77.6275881, 12.9153276 ], [ 77.6281218, 12.91567 ], [ 77.6281621, 12.9160949 ], [ 77.6279421, 12.9161288 ], [ 77.6273198, 12.9157485 ] ] ] } },
{ "type": "Feature", "properties": { "osm_id": "way/1262069459", "landuse": "residential", "leisure": null, "amenity": null, "name": null }, "geometry": { "type": "Polygon", "coordinates": [ [ [ 77.627057, 12.9161119 ], [ 77.6272877, 12.9157838 ], [ 77.6279542, 12.9161838 ], [ 77.6281688, 12.9161485 ], [ 77.6282157, 12.9164491 ], [ 77.6278268, 12.9165602 ], [ 77.627057, 12.9161119 ] ] ] } },
{ "type": "Feature", "properties": { "osm_id": "way/1262069460", "landuse": "residential", "leisure": null, "amenity": null, "name": null }, "geometry": { "type": "Polygon", "coordinates": [ [ [ 77.6268437, 12.9164478 ], [ 77.6272313, 12.9166935 ], [ 77.6277342, 12.9165589 ], [ 77.6270382, 12.9161445 ], [ 77.6268437, 12.9164478 ] ] ] } },
{ "type": "Feature", "properties": { "osm_id": "way/1262069461", "landuse": "residential", "leisure": null, "amenity": null, "name": null }, "geometry": { "type": "Polygon", "coordinates": [ [ [ 77.626546, 12.914938 ], [ 77.6269966, 12.9142204 ], [ 77.6279515, 12.9141602 ], [ 77.6279461, 12.9142334 ], [ 77.627175, 12.9153445 ], [ 77.626546, 12.914938 ] ] ] } },
{ "type": "Feature", "properties": { "osm_id": "way/1262069462", "landuse": null, "leisure": "park", "amenity": null, "name": null }, "geometry": { "type": "Polygon", "coordinates": [ [ [ 77.6262416, 12.9169994 ], [ 77.6264025, 12.9166034 ], [ 77.6267914, 12.916019 ], [ 77.626998, 12.9161341 ], [ 77.6264428, 12.9169615 ], [ 77.6262416, 12.9169994 ] ] ] } },
{ "type": "Feature", "properties": { "osm_id": "way/1262069463", "landuse": null, "leisure": "park", "amenity": null, "name": null }, "geometry": { "type": "Polygon", "coordinates": [ [ [ 77.6268197, 12.9159637 ], [ 77.6270219, 12.9160933 ], [ 77.6273776, 12.9155658 ], [ 77.6271753, 12.9154363 ], [ 77.6268197, 12.9159637 ] ] ] } },
{ "type": "Feature", "properties": { "osm_id": "way/1262069464", "landuse": null, "leisure": "park", "amenity": null, "name": null }, "geometry": { "type": "Polygon", "coordinates": [ [ [ 77.627977, 12.9142779 ], [ 77.6272152, 12.915372 ], [ 77.6274084, 12.9155053 ], [ 77.6280186, 12.9145838 ], [ 77.627977, 12.9142779 ] ] ] } },
{ "type": "Feature", "properties": { "osm_id": "way/1262069465", "landuse": "residential", "leisure": null, "amenity": null, "name": null }, "geometry": { "type": "Polygon", "coordinates": [ [ [ 77.6259398, 12.9166256 ], [ 77.6268733, 12.9152308 ], [ 77.6271334, 12.915406 ], [ 77.626373, 12.916572 ], [ 77.6259398, 12.9166256 ] ] ] } },
{ "type": "Feature", "properties": { "osm_id": "way/1262069466", "landuse": "residential", "leisure": null, "amenity": null, "name": null }, "geometry": { "type": "Polygon", "coordinates": [ [ [ 77.6253511, 12.9167118 ], [ 77.626487, 12.9150034 ], [ 77.6268303, 12.9152204 ], [ 77.6258661, 12.9166465 ], [ 77.6253511, 12.9167118 ] ] ] } },
{ "type": "Feature", "properties": { "osm_id": "way/1262069467", "landuse": "residential", "leisure": null, "amenity": null, "name": null }, "geometry": { "type": "Polygon", "coordinates": [ [ [ 77.624993, 12.9161432 ], [ 77.6262349, 12.9142112 ], [ 77.6267056, 12.9145014 ], [ 77.6254597, 12.9164282 ], [ 77.624993, 12.9161432 ] ] ] } },
{ "type": "Feature", "properties": { "osm_id": "way/1262118670", "landuse": "residential", "leisure": null, "amenity": null, "name": null }, "geometry": { "type": "Polygon", "coordinates": [ [ [ 77.6415959, 12.9140027 ], [ 77.6415315, 12.9128151 ], [ 77.6420358, 12.912804 ], [ 77.6420867, 12.9138962 ], [ 77.6415959, 12.9140027 ] ] ] } },
{ "type": "Feature", "properties": { "osm_id": "way/1262118671", "landuse": "residential", "leisure": null, "amenity": null, "name": null }, "geometry": { "type": "Polygon", "coordinates": [ [ [ 77.6411808, 12.9141132 ], [ 77.6410756, 12.9128321 ], [ 77.6414692, 12.9128223 ], [ 77.6415262, 12.9140249 ], [ 77.6411808, 12.9141132 ] ] ] } },
{ "type": "Feature", "properties": { "osm_id": "way/1267668049", "landuse": "residential", "leisure": null, "amenity": null, "name": null }, "geometry": { "type": "Polygon", "coordinates": [ [ [ 77.6522121, 12.9076269 ], [ 77.6531106, 12.9074661 ], [ 77.6530597, 12.9071138 ], [ 77.6521423, 12.9072608 ], [ 77.6522121, 12.9076269 ] ] ] } },
{ "type": "Feature", "properties": { "osm_id": "way/1267668050", "landuse": "residential", "leisure": null, "amenity": null, "name": null }, "geometry": { "type": "Polygon", "coordinates": [ [ [ 77.6533279, 12.9091184 ], [ 77.653171, 12.9075484 ], [ 77.6535156, 12.9074935 ], [ 77.6537101, 12.9090779 ], [ 77.6533279, 12.9091184 ] ] ] } },
{ "type": "Feature", "properties": { "osm_id": "way/1267668051", "landuse": "residential", "leisure": null, "amenity": null, "name": null }, "geometry": { "type": "Polygon", "coordinates": [ [ [ 77.6534379, 12.9100962 ], [ 77.6533346, 12.9091668 ], [ 77.6537114, 12.9091341 ], [ 77.6538093, 12.910074 ], [ 77.6534379, 12.9100962 ] ] ] } },
{ "type": "Feature", "properties": { "osm_id": "way/1267668052", "landuse": "residential", "leisure": null, "amenity": null, "name": null }, "geometry": { "type": "Polygon", "coordinates": [ [ [ 77.653584, 12.9113929 ], [ 77.6534459, 12.9101472 ], [ 77.6538241, 12.9101079 ], [ 77.6539535, 12.9113629 ], [ 77.653584, 12.9113929 ] ] ] } },
{ "type": "Feature", "properties": { "osm_id": "way/1271883868", "landuse": "commercial", "leisure": null, "amenity": null, "name": null }, "geometry": { "type": "Polygon", "coordinates": [ [ [ 77.6255273, 12.9133789 ], [ 77.6265429, 12.913199 ], [ 77.6264953, 12.912943 ], [ 77.6254796, 12.9131224 ], [ 77.6254837, 12.9131447 ], [ 77.6255273, 12.9133789 ] ] ] } },
{ "type": "Feature", "properties": { "osm_id": "way/1274809748", "landuse": "construction", "leisure": null, "amenity": null, "name": "Narayana Hrudayalaya (u/c)" }, "geometry": { "type": "Polygon", "coordinates": [ [ [ 77.6512438, 12.9235025 ], [ 77.6509112, 12.9235195 ], [ 77.6504378, 12.9235515 ], [ 77.6503801, 12.9239705 ], [ 77.6504787, 12.9239737 ], [ 77.6504747, 12.9240077 ], [ 77.6505357, 12.9240155 ], [ 77.650523, 12.9241548 ], [ 77.6512498, 12.9241456 ], [ 77.6512438, 12.9235025 ] ] ] } },
{ "type": "Feature", "properties": { "osm_id": "way/1274809749", "landuse": "plant_nursery", "leisure": null, "amenity": null, "name": null }, "geometry": { "type": "Polygon", "coordinates": [ [ [ 77.6445396, 12.9245613 ], [ 77.6444203, 12.9243521 ], [ 77.6447019, 12.9244462 ], [ 77.6446992, 12.9245521 ], [ 77.6445396, 12.9245613 ] ] ] } },
{ "type": "Feature", "properties": { "osm_id": "way/1278386261", "landuse": "commercial", "leisure": null, "amenity": null, "name": null }, "geometry": { "type": "Polygon", "coordinates": [ [ [ 77.6521088, 12.9096923 ], [ 77.6520002, 12.9097014 ], [ 77.6519874, 12.9093034 ], [ 77.6520806, 12.9093001 ], [ 77.6521088, 12.9096923 ] ] ] } },
{ "type": "Feature", "properties": { "osm_id": "way/1278386264", "landuse": "residential", "leisure": null, "amenity": null, "name": null }, "geometry": { "type": "Polygon", "coordinates": [ [ [ 77.6519796, 12.907687 ], [ 77.6518867, 12.9072315 ], [ 77.652056, 12.9072063 ], [ 77.6521437, 12.907651 ], [ 77.6519796, 12.907687 ] ] ] } },
{ "type": "Feature", "properties": { "osm_id": "way/1278386265", "landuse": "commercial", "leisure": null, "amenity": null, "name": null }, "geometry": { "type": "Polygon", "coordinates": [ [ [ 77.6516714, 12.9072732 ], [ 77.6517642, 12.9077287 ], [ 77.6519796, 12.907687 ], [ 77.6518867, 12.9072315 ], [ 77.6516714, 12.9072732 ] ] ] } },
{ "type": "Feature", "properties": { "osm_id": "way/1278386266", "landuse": "residential", "leisure": null, "amenity": null, "name": null }, "geometry": { "type": "Polygon", "coordinates": [ [ [ 77.6521088, 12.9096923 ], [ 77.6532984, 12.909589 ], [ 77.6532514, 12.9091798 ], [ 77.6520806, 12.9093001 ], [ 77.6521088, 12.9096923 ] ] ] } },
{ "type": "Feature", "properties": { "osm_id": "way/1278386268", "landuse": "residential", "leisure": null, "amenity": null, "name": null }, "geometry": { "type": "Polygon", "coordinates": [ [ [ 77.6521933, 12.9113263 ], [ 77.6524005, 12.9113289 ], [ 77.6523797, 12.9097602 ], [ 77.6521866, 12.9097733 ], [ 77.6521933, 12.9113263 ] ] ] } },
{ "type": "Feature", "properties": { "osm_id": "way/1278422348", "landuse": "construction", "leisure": null, "amenity": null, "name": null }, "geometry": { "type": "Polygon", "coordinates": [ [ [ 77.6510744, 12.9083331 ], [ 77.6512039, 12.9083265 ], [ 77.6511949, 12.9081589 ], [ 77.6510655, 12.9081655 ], [ 77.6510744, 12.9083331 ] ] ] } },
{ "type": "Feature", "properties": { "osm_id": "way/1278422352", "landuse": "residential", "leisure": null, "amenity": null, "name": null }, "geometry": { "type": "Polygon", "coordinates": [ [ [ 77.6520015, 12.9077439 ], [ 77.6521638, 12.9077027 ], [ 77.6522369, 12.9079857 ], [ 77.6523442, 12.9086844 ], [ 77.6523623, 12.9088759 ], [ 77.6521933, 12.9088837 ], [ 77.6521792, 12.9086994 ], [ 77.6521511, 12.9086988 ], [ 77.6521242, 12.9083654 ], [ 77.6520508, 12.9079314 ], [ 77.6520015, 12.9077439 ] ] ] } },
{ "type": "Feature", "properties": { "osm_id": "way/1278422353", "landuse": "commercial", "leisure": null, "amenity": null, "name": null }, "geometry": { "type": "Polygon", "coordinates": [ [ [ 77.6518131, 12.907785 ], [ 77.6520015, 12.9077439 ], [ 77.6520508, 12.9079314 ], [ 77.6521242, 12.9083654 ], [ 77.6521511, 12.9086988 ], [ 77.6521792, 12.9086994 ], [ 77.6521933, 12.9088837 ], [ 77.65197, 12.9088942 ], [ 77.6519338, 12.9084131 ], [ 77.6518131, 12.907785 ] ] ] } },
{ "type": "Feature", "properties": { "osm_id": "way/1278422354", "landuse": "residential", "leisure": null, "amenity": null, "name": null }, "geometry": { "type": "Polygon", "coordinates": [ [ [ 77.6521119, 12.9089553 ], [ 77.6521199, 12.9092158 ], [ 77.6532501, 12.9091119 ], [ 77.6532233, 12.9088445 ], [ 77.6521119, 12.9089553 ] ] ] } },
{ "type": "Feature", "properties": { "osm_id": "way/1278422355", "landuse": "commercial", "leisure": null, "amenity": null, "name": null }, "geometry": { "type": "Polygon", "coordinates": [ [ [ 77.6521119, 12.9089553 ], [ 77.6519982, 12.9089629 ], [ 77.6519988, 12.9092269 ], [ 77.6521199, 12.9092158 ], [ 77.6521119, 12.9089553 ] ] ] } },
{ "type": "Feature", "properties": { "osm_id": "way/1278809794", "landuse": "residential", "leisure": null, "amenity": null, "name": null }, "geometry": { "type": "Polygon", "coordinates": [ [ [ 77.6522, 12.9191928 ], [ 77.6525066, 12.9191983 ], [ 77.6525272, 12.9180988 ], [ 77.6522206, 12.9180933 ], [ 77.6522, 12.9191928 ] ] ] } },
{ "type": "Feature", "properties": { "osm_id": "way/1278809795", "landuse": "residential", "leisure": null, "amenity": null, "name": null }, "geometry": { "type": "Polygon", "coordinates": [ [ [ 77.6538254, 12.9177641 ], [ 77.6540843, 12.9177667 ], [ 77.653922, 12.9167602 ], [ 77.653639, 12.916755 ], [ 77.6538254, 12.9177641 ] ] ] } },
{ "type": "Feature", "properties": { "osm_id": "way/1278809796", "landuse": "residential", "leisure": null, "amenity": null, "name": null }, "geometry": { "type": "Polygon", "coordinates": [ [ [ 77.6522765, 12.9166517 ], [ 77.6538511, 12.9166798 ], [ 77.6538563, 12.916406 ], [ 77.6522816, 12.9163779 ], [ 77.6522765, 12.9166517 ] ] ] } },
{ "type": "Feature", "properties": { "osm_id": "way/1278809797", "landuse": "residential", "leisure": null, "amenity": null, "name": null }, "geometry": { "type": "Polygon", "coordinates": [ [ [ 77.6522349, 12.9180255 ], [ 77.6525457, 12.9180311 ], [ 77.6525702, 12.9167236 ], [ 77.6522594, 12.9167181 ], [ 77.6522349, 12.9180255 ] ] ] } },
{ "type": "Feature", "properties": { "osm_id": "way/1278809798", "landuse": "residential", "leisure": null, "amenity": null, "name": null }, "geometry": { "type": "Polygon", "coordinates": [ [ [ 77.6525983, 12.9177079 ], [ 77.6537183, 12.9177278 ], [ 77.6537235, 12.9174478 ], [ 77.6526036, 12.9174278 ], [ 77.6525983, 12.9177079 ] ] ] } },
{ "type": "Feature", "properties": { "osm_id": "way/1278809799", "landuse": "residential", "leisure": null, "amenity": null, "name": null }, "geometry": { "type": "Polygon", "coordinates": [ [ [ 77.6529108, 12.9189013 ], [ 77.6531823, 12.9189062 ], [ 77.6531971, 12.9181144 ], [ 77.6529256, 12.9181096 ], [ 77.6529108, 12.9189013 ] ] ] } },
{ "type": "Feature", "properties": { "osm_id": "way/1278809800", "landuse": "residential", "leisure": null, "amenity": null, "name": null }, "geometry": { "type": "Polygon", "coordinates": [ [ [ 77.6525728, 12.9188961 ], [ 77.6528665, 12.9189013 ], [ 77.6528814, 12.918108 ], [ 77.6525877, 12.9181027 ], [ 77.6525728, 12.9188961 ] ] ] } },
{ "type": "Feature", "properties": { "osm_id": "way/1278809801", "landuse": "commercial", "leisure": null, "amenity": null, "name": null }, "geometry": { "type": "Polygon", "coordinates": [ [ [ 77.651394, 12.9189902 ], [ 77.6514302, 12.9173628 ], [ 77.6516207, 12.9173668 ], [ 77.6515845, 12.9189943 ], [ 77.651394, 12.9189902 ] ] ] } },
{ "type": "Feature", "properties": { "osm_id": "way/1278809803", "landuse": "residential", "leisure": null, "amenity": null, "name": null }, "geometry": { "type": "Polygon", "coordinates": [ [ [ 77.6520294, 12.9163132 ], [ 77.6538737, 12.9163485 ], [ 77.6541661, 12.916253 ], [ 77.6541004, 12.915989 ], [ 77.6520326, 12.915936 ], [ 77.6520294, 12.9163132 ] ] ] } },
{ "type": "Feature", "properties": { "osm_id": "way/1299917513", "landuse": "industrial", "leisure": null, "amenity": null, "name": "220/33kV GIS Sub Station, Central Silk Board" }, "geometry": { "type": "Polygon", "coordinates": [ [ [ 77.6244067, 12.9159568 ], [ 77.6243936, 12.9157968 ], [ 77.6244538, 12.9153365 ], [ 77.6242243, 12.9153405 ], [ 77.624267, 12.9152634 ], [ 77.6249233, 12.9152478 ], [ 77.6249181, 12.915377 ], [ 77.624883, 12.9155459 ], [ 77.6247556, 12.9157589 ], [ 77.6246698, 12.9159955 ], [ 77.6244067, 12.9159568 ] ] ] } },
{ "type": "Feature", "properties": { "osm_id": "way/1305994099", "landuse": "retail", "leisure": null, "amenity": null, "name": null }, "geometry": { "type": "Polygon", "coordinates": [ [ [ 77.6447663, 12.9120313 ], [ 77.6451261, 12.9120054 ], [ 77.6451163, 12.9117091 ], [ 77.6447486, 12.9117353 ], [ 77.6447663, 12.9120313 ] ] ] } },
{ "type": "Feature", "properties": { "osm_id": "way/1318351694", "landuse": "construction", "leisure": null, "amenity": null, "name": null }, "geometry": { "type": "Polygon", "coordinates": [ [ [ 77.6439217, 12.9211878 ], [ 77.6436779, 12.9209049 ], [ 77.6436161, 12.9209407 ], [ 77.6438511, 12.9212221 ], [ 77.6439217, 12.9211878 ] ] ] } },
{ "type": "Feature", "properties": { "osm_id": "way/1335039534", "landuse": "residential", "leisure": null, "amenity": null, "name": null }, "geometry": { "type": "Polygon", "coordinates": [ [ [ 77.6429971, 12.9185114 ], [ 77.6429477, 12.9172831 ], [ 77.642473, 12.917304 ], [ 77.6425524, 12.9186913 ], [ 77.6428829, 12.9185465 ], [ 77.6429971, 12.9185114 ] ] ] } },
{ "type": "Feature", "properties": { "osm_id": "way/1335039535", "landuse": "residential", "leisure": null, "amenity": null, "name": null }, "geometry": { "type": "Polygon", "coordinates": [ [ [ 77.6438208, 12.9171524 ], [ 77.6442365, 12.9171367 ], [ 77.6441225, 12.9153197 ], [ 77.6437524, 12.9153994 ], [ 77.6438208, 12.9171524 ] ] ] } },
{ "type": "Feature", "properties": { "osm_id": "way/1335039536", "landuse": "residential", "leisure": null, "amenity": null, "name": null }, "geometry": { "type": "Polygon", "coordinates": [ [ [ 77.6434741, 12.917202 ], [ 77.643747, 12.9171948 ], [ 77.6436726, 12.9154308 ], [ 77.643401, 12.9154694 ], [ 77.6434741, 12.917202 ] ] ] } },
{ "type": "Feature", "properties": { "osm_id": "way/1335039543", "landuse": "residential", "leisure": null, "amenity": null, "name": null }, "geometry": { "type": "Polygon", "coordinates": [ [ [ 77.6438831, 12.9183542 ], [ 77.6438436, 12.9172399 ], [ 77.6441978, 12.917228 ], [ 77.644235, 12.918313 ], [ 77.6438831, 12.9183542 ] ] ] } },
{ "type": "Feature", "properties": { "osm_id": "way/1335039544", "landuse": "residential", "leisure": null, "amenity": null, "name": null }, "geometry": { "type": "Polygon", "coordinates": [ [ [ 77.6435077, 12.9183981 ], [ 77.6434661, 12.9172517 ], [ 77.6437556, 12.9172417 ], [ 77.6437965, 12.9183643 ], [ 77.6435077, 12.9183981 ] ] ] } },
{ "type": "Feature", "properties": { "osm_id": "way/1335039545", "landuse": "residential", "leisure": null, "amenity": null, "name": null }, "geometry": { "type": "Polygon", "coordinates": [ [ [ 77.6430899, 12.9184844 ], [ 77.6430403, 12.9172739 ], [ 77.643397, 12.9172648 ], [ 77.6434592, 12.9184081 ], [ 77.6430899, 12.9184844 ] ] ] } },
{ "type": "Feature", "properties": { "osm_id": "way/1336521828", "landuse": "residential", "leisure": null, "amenity": null, "name": null }, "geometry": { "type": "Polygon", "coordinates": [ [ [ 77.6467162, 12.9184072 ], [ 77.6470602, 12.9183985 ], [ 77.6470931, 12.9172648 ], [ 77.6466858, 12.9172582 ], [ 77.6467162, 12.9184072 ] ] ] } },
{ "type": "Feature", "properties": { "osm_id": "way/1336521834", "landuse": "residential", "leisure": null, "amenity": null, "name": null }, "geometry": { "type": "Polygon", "coordinates": [ [ [ 77.6463662, 12.9184164 ], [ 77.6466178, 12.91841 ], [ 77.6465861, 12.9172347 ], [ 77.6463346, 12.9172411 ], [ 77.6463662, 12.9184164 ] ] ] } },
{ "type": "Feature", "properties": { "osm_id": "way/1336521840", "landuse": "residential", "leisure": null, "amenity": null, "name": null }, "geometry": { "type": "Polygon", "coordinates": [ [ [ 77.6455642, 12.9184713 ], [ 77.6459365, 12.9184647 ], [ 77.6459129, 12.917202 ], [ 77.6455406, 12.9172087 ], [ 77.6455642, 12.9184713 ] ] ] } },
{ "type": "Feature", "properties": { "osm_id": "way/1336521842", "landuse": "residential", "leisure": null, "amenity": null, "name": null }, "geometry": { "type": "Polygon", "coordinates": [ [ [ 77.6456243, 12.9189371 ], [ 77.6470648, 12.9188569 ], [ 77.6470397, 12.9184303 ], [ 77.6455993, 12.9185105 ], [ 77.6456243, 12.9189371 ] ] ] } },
{ "type": "Feature", "properties": { "osm_id": "way/1336521843", "landuse": "residential", "leisure": null, "amenity": null, "name": null }, "geometry": { "type": "Polygon", "coordinates": [ [ [ 77.6460175, 12.9184478 ], [ 77.6462848, 12.9184424 ], [ 77.6462589, 12.9172223 ], [ 77.6459916, 12.9172277 ], [ 77.6460175, 12.9184478 ] ] ] } },
{ "type": "Feature", "properties": { "osm_id": "way/1344968637", "landuse": null, "leisure": "pitch", "amenity": null, "name": "Roots Football School" }, "geometry": { "type": "Polygon", "coordinates": [ [ [ 77.6386468, 12.9234136 ], [ 77.6395682, 12.9232437 ], [ 77.6394555, 12.9229535 ], [ 77.6385918, 12.9231483 ], [ 77.6386468, 12.9234136 ] ] ] } },
{ "type": "Feature", "properties": { "osm_id": "way/1346655595", "landuse": "residential", "leisure": null, "amenity": null, "name": null }, "geometry": { "type": "Polygon", "coordinates": [ [ [ 77.62436, 12.9171445 ], [ 77.6249193, 12.9171942 ], [ 77.6253846, 12.9164988 ], [ 77.6249608, 12.9162295 ], [ 77.62436, 12.9171445 ] ] ] } },
{ "type": "Feature", "properties": { "osm_id": "way/1346655596", "landuse": "residential", "leisure": null, "amenity": null, "name": null }, "geometry": { "type": "Polygon", "coordinates": [ [ [ 77.6253015, 12.9168269 ], [ 77.6251043, 12.9171811 ], [ 77.6255268, 12.9171615 ], [ 77.6261732, 12.9169929 ], [ 77.6263455, 12.9166203 ], [ 77.6253015, 12.9168269 ] ] ] } },
{ "type": "Feature", "properties": { "osm_id": "way/1352323160", "landuse": "residential", "leisure": null, "amenity": null, "name": null }, "geometry": { "type": "Polygon", "coordinates": [ [ [ 77.633489, 12.9154193 ], [ 77.6338833, 12.915415 ], [ 77.6338737, 12.9145714 ], [ 77.6334794, 12.9145756 ], [ 77.633489, 12.9154193 ] ] ] } },
{ "type": "Feature", "properties": { "osm_id": "way/1352323161", "landuse": "residential", "leisure": null, "amenity": null, "name": null }, "geometry": { "type": "Polygon", "coordinates": [ [ [ 77.6335031, 12.9144874 ], [ 77.6350615, 12.9144326 ], [ 77.635047, 12.9140401 ], [ 77.6334886, 12.9140949 ], [ 77.6335031, 12.9144874 ] ] ] } },
{ "type": "Feature", "properties": { "osm_id": "way/1352323162", "landuse": "residential", "leisure": null, "amenity": null, "name": null }, "geometry": { "type": "Polygon", "coordinates": [ [ [ 77.6330336, 12.9135472 ], [ 77.6330283, 12.9145053 ], [ 77.6334291, 12.9145075 ], [ 77.6334344, 12.9135493 ], [ 77.6330336, 12.9135472 ] ] ] } },
{ "type": "Feature", "properties": { "osm_id": "way/1352497598", "landuse": "construction", "leisure": null, "amenity": null, "name": "Agara Lake Metro Station" }, "geometry": { "type": "Polygon", "coordinates": [ [ [ 77.6437132, 12.9199676 ], [ 77.6444779, 12.9209444 ], [ 77.6444912, 12.9212477 ], [ 77.6435116, 12.920094 ], [ 77.6437132, 12.9199676 ] ] ] } },
{ "type": "Feature", "properties": { "osm_id": "way/1354937908", "landuse": "construction", "leisure": null, "amenity": null, "name": "Yashoda (u/c)" }, "geometry": { "type": "Polygon", "coordinates": [ [ [ 77.6271536, 12.9184 ], [ 77.6260606, 12.9187132 ], [ 77.6259128, 12.9178836 ], [ 77.6267587, 12.9176641 ], [ 77.6269271, 12.9175868 ], [ 77.6271536, 12.9184 ] ] ] } },
{ "type": "Feature", "properties": { "osm_id": "way/1409206804", "landuse": "residential", "leisure": null, "amenity": null, "name": "BSR Mantralaya Phase 2" }, "geometry": { "type": "Polygon", "coordinates": [ [ [ 77.6450675, 12.9044673 ], [ 77.6448684, 12.9023279 ], [ 77.6446483, 12.902377 ], [ 77.6444305, 12.9025982 ], [ 77.6446273, 12.9045573 ], [ 77.6450675, 12.9044673 ] ] ] } },
{ "type": "Feature", "properties": { "osm_id": "way/1413855773", "landuse": "residential", "leisure": null, "amenity": null, "name": null }, "geometry": { "type": "Polygon", "coordinates": [ [ [ 77.6324613, 12.9123289 ], [ 77.6325375, 12.9077481 ], [ 77.6331359, 12.9076948 ], [ 77.6339573, 12.9076485 ], [ 77.6339446, 12.9070738 ], [ 77.6349281, 12.9073148 ], [ 77.635063, 12.9122997 ], [ 77.6324613, 12.9123289 ] ] ] } },
{ "type": "Feature", "properties": { "osm_id": "way/1413855774", "landuse": "residential", "leisure": null, "amenity": null, "name": null }, "geometry": { "type": "Polygon", "coordinates": [ [ [ 77.6351078, 12.9073761 ], [ 77.6352459, 12.9120269 ], [ 77.6377247, 12.9119748 ], [ 77.6379489, 12.9074268 ], [ 77.6376259, 12.9063491 ], [ 77.6363858, 12.9068703 ], [ 77.6361119, 12.9069854 ], [ 77.6351078, 12.9073761 ] ] ] } },
{ "type": "Feature", "properties": { "osm_id": "way/1414001450", "landuse": "residential", "leisure": null, "amenity": null, "name": null }, "geometry": { "type": "Polygon", "coordinates": [ [ [ 77.6309717, 12.9125668 ], [ 77.6319896, 12.9128609 ], [ 77.6319882, 12.9130132 ], [ 77.6321311, 12.9130066 ], [ 77.6321726, 12.9125799 ], [ 77.6309911, 12.9122439 ], [ 77.6309717, 12.9125668 ] ] ] } },
{ "type": "Feature", "properties": { "osm_id": "way/1414001451", "landuse": "residential", "leisure": null, "amenity": null, "name": null }, "geometry": { "type": "Polygon", "coordinates": [ [ [ 77.6361119, 12.9069854 ], [ 77.6361751, 12.9073053 ], [ 77.6360518, 12.9073392 ], [ 77.6361242, 12.9078269 ], [ 77.6368135, 12.9077523 ], [ 77.6366808, 12.9068791 ], [ 77.6364286, 12.9069654 ], [ 77.6363858, 12.9068703 ], [ 77.6361119, 12.9069854 ] ] ] } },
{ "type": "Feature", "properties": { "osm_id": "way/1414001452", "landuse": "commercial", "leisure": null, "amenity": null, "name": null }, "geometry": { "type": "Polygon", "coordinates": [ [ [ 77.6350589, 12.9134002 ], [ 77.635187, 12.9133938 ], [ 77.6351695, 12.913062 ], [ 77.6350414, 12.9130684 ], [ 77.6350589, 12.9134002 ] ] ] } },
{ "type": "Feature", "properties": { "osm_id": "way/1414001454", "landuse": "residential", "leisure": null, "amenity": null, "name": null }, "geometry": { "type": "Polygon", "coordinates": [ [ [ 77.6363106, 12.9141093 ], [ 77.6363475, 12.9151615 ], [ 77.6365909, 12.915138 ], [ 77.6365433, 12.914091 ], [ 77.6363106, 12.9141093 ] ] ] } },
{ "type": "Feature", "properties": { "osm_id": "way/1414001455", "landuse": "residential", "leisure": null, "amenity": null, "name": null }, "geometry": { "type": "Polygon", "coordinates": [ [ [ 77.6356541, 12.9153249 ], [ 77.6356642, 12.9155524 ], [ 77.6366821, 12.9154543 ], [ 77.6366727, 12.915238 ], [ 77.6356541, 12.9153249 ] ] ] } },
{ "type": "Feature", "properties": { "osm_id": "way/1414001456", "landuse": "residential", "leisure": null, "amenity": null, "name": null }, "geometry": { "type": "Polygon", "coordinates": [ [ [ 77.6355252, 12.9126032 ], [ 77.6355878, 12.914054 ], [ 77.6357814, 12.9140461 ], [ 77.6357188, 12.9125952 ], [ 77.6355252, 12.9126032 ] ] ] } },
{ "type": "Feature", "properties": { "osm_id": "way/1414001457", "landuse": "residential", "leisure": null, "amenity": null, "name": null }, "geometry": { "type": "Polygon", "coordinates": [ [ [ 77.6362291, 12.9125475 ], [ 77.6362881, 12.9140096 ], [ 77.636543, 12.9139998 ], [ 77.6364839, 12.9125377 ], [ 77.6362291, 12.9125475 ] ] ] } },
{ "type": "Feature", "properties": { "osm_id": "way/1414001458", "landuse": "residential", "leisure": null, "amenity": null, "name": null }, "geometry": { "type": "Polygon", "coordinates": [ [ [ 77.6358027, 12.9125842 ], [ 77.6358503, 12.9140326 ], [ 77.636213, 12.9140213 ], [ 77.6361654, 12.9125729 ], [ 77.6358027, 12.9125842 ] ] ] } },
{ "type": "Feature", "properties": { "osm_id": "way/1414001459", "landuse": "residential", "leisure": null, "amenity": null, "name": null }, "geometry": { "type": "Polygon", "coordinates": [ [ [ 77.6356065, 12.9141315 ], [ 77.6356401, 12.9152289 ], [ 77.6358238, 12.9152106 ], [ 77.6357735, 12.9141269 ], [ 77.6356065, 12.9141315 ] ] ] } },
{ "type": "Feature", "properties": { "osm_id": "way/1414001460", "landuse": "residential", "leisure": null, "amenity": null, "name": null }, "geometry": { "type": "Polygon", "coordinates": [ [ [ 77.635856, 12.9141171 ], [ 77.6359056, 12.9152021 ], [ 77.6362731, 12.9151602 ], [ 77.6362248, 12.9141034 ], [ 77.635856, 12.9141171 ] ] ] } },
{ "type": "Feature", "properties": { "osm_id": "way/1414001465", "landuse": "residential", "leisure": null, "amenity": null, "name": null }, "geometry": { "type": "Polygon", "coordinates": [ [ [ 77.6265299, 12.9133831 ], [ 77.6255026, 12.91357 ], [ 77.625571, 12.9138622 ], [ 77.6265702, 12.9136733 ], [ 77.6265299, 12.9133831 ] ] ] } },
{ "type": "Feature", "properties": { "osm_id": "way/1414001466", "landuse": "residential", "leisure": null, "amenity": null, "name": null }, "geometry": { "type": "Polygon", "coordinates": [ [ [ 77.626823, 12.9137511 ], [ 77.6265098, 12.9138217 ], [ 77.6264535, 12.913887 ], [ 77.6262577, 12.9141589 ], [ 77.6267391, 12.9144426 ], [ 77.6269376, 12.9141498 ], [ 77.626823, 12.9137511 ] ] ] } },
{ "type": "Feature", "properties": { "osm_id": "way/1414001467", "landuse": "residential", "leisure": null, "amenity": null, "name": null }, "geometry": { "type": "Polygon", "coordinates": [ [ [ 77.6316979, 12.9139125 ], [ 77.629813, 12.9140766 ], [ 77.6298465, 12.9145197 ], [ 77.6317146, 12.9143812 ], [ 77.6316979, 12.9139125 ] ] ] } },
{ "type": "Feature", "properties": { "osm_id": "way/1414001468", "landuse": "residential", "leisure": null, "amenity": null, "name": null }, "geometry": { "type": "Polygon", "coordinates": [ [ [ 77.6320496, 12.9138913 ], [ 77.6318052, 12.9139066 ], [ 77.6317629, 12.91544 ], [ 77.6320048, 12.9154388 ], [ 77.6320496, 12.9138913 ] ] ] } },
{ "type": "Feature", "properties": { "osm_id": "way/1414001469", "landuse": "commercial", "leisure": null, "amenity": null, "name": null }, "geometry": { "type": "Polygon", "coordinates": [ [ [ 77.6303648, 12.9160158 ], [ 77.6301731, 12.9160243 ], [ 77.6301851, 12.9162668 ], [ 77.6322212, 12.916106 ], [ 77.6322343, 12.9156377 ], [ 77.6321103, 12.9156439 ], [ 77.6321113, 12.9158834 ], [ 77.6303648, 12.9160158 ] ] ] } },
{ "type": "Feature", "properties": { "osm_id": "way/1414001470", "landuse": "residential", "leisure": null, "amenity": null, "name": null }, "geometry": { "type": "Polygon", "coordinates": [ [ [ 77.6321103, 12.9156439 ], [ 77.6303501, 12.9157916 ], [ 77.6303648, 12.9160158 ], [ 77.6321113, 12.9158834 ], [ 77.6321103, 12.9156439 ] ] ] } },
{ "type": "Feature", "properties": { "osm_id": "way/1414001472", "landuse": "residential", "leisure": null, "amenity": null, "name": null }, "geometry": { "type": "Polygon", "coordinates": [ [ [ 77.6339556, 12.9154942 ], [ 77.6339643, 12.9157158 ], [ 77.6350868, 12.9156119 ], [ 77.6350862, 12.9155918 ], [ 77.6350788, 12.9153753 ], [ 77.6339556, 12.9154942 ] ] ] } },
{ "type": "Feature", "properties": { "osm_id": "way/1414001473", "landuse": "residential", "leisure": null, "amenity": null, "name": null }, "geometry": { "type": "Polygon", "coordinates": [ [ [ 77.6339409, 12.9150334 ], [ 77.6339402, 12.9153929 ], [ 77.6352525, 12.9152825 ], [ 77.635235, 12.9149243 ], [ 77.6345759, 12.9149929 ], [ 77.6339409, 12.9150334 ] ] ] } },
{ "type": "Feature", "properties": { "osm_id": "way/1414001474", "landuse": "commercial", "leisure": null, "amenity": null, "name": null }, "geometry": { "type": "Polygon", "coordinates": [ [ [ 77.6330061, 12.9158605 ], [ 77.6330034, 12.9160302 ], [ 77.633389, 12.9159955 ], [ 77.6333946, 12.9158673 ], [ 77.6330061, 12.9158605 ] ] ] } },
{ "type": "Feature", "properties": { "osm_id": "way/1414001475", "landuse": "residential", "leisure": null, "amenity": null, "name": null }, "geometry": { "type": "Polygon", "coordinates": [ [ [ 77.6330061, 12.9158605 ], [ 77.6333946, 12.9158673 ], [ 77.6334175, 12.9146168 ], [ 77.633029, 12.9146101 ], [ 77.6330061, 12.9158605 ] ] ] } },
{ "type": "Feature", "properties": { "osm_id": "way/1414001476", "landuse": "residential", "leisure": null, "amenity": null, "name": null }, "geometry": { "type": "Polygon", "coordinates": [ [ [ 77.6326809, 12.9159001 ], [ 77.6329159, 12.9158792 ], [ 77.6329444, 12.9146671 ], [ 77.6327024, 12.9146668 ], [ 77.6326682, 12.9156256 ], [ 77.6326809, 12.9159001 ] ] ] } },
{ "type": "Feature", "properties": { "osm_id": "way/1414001477", "landuse": "commercial", "leisure": null, "amenity": null, "name": null }, "geometry": { "type": "Polygon", "coordinates": [ [ [ 77.635047, 12.9140401 ], [ 77.6350615, 12.9144326 ], [ 77.6352287, 12.9144267 ], [ 77.6352142, 12.9140342 ], [ 77.635047, 12.9140401 ] ] ] } },
{ "type": "Feature", "properties": { "osm_id": "way/1414001478", "landuse": "commercial", "leisure": null, "amenity": null, "name": null }, "geometry": { "type": "Polygon", "coordinates": [ [ [ 77.6326444, 12.9131074 ], [ 77.632505, 12.9131073 ], [ 77.6325048, 12.9134616 ], [ 77.6326443, 12.9134616 ], [ 77.6326444, 12.9131074 ] ] ] } },
{ "type": "Feature", "properties": { "osm_id": "way/1414001479", "landuse": "residential", "leisure": null, "amenity": null, "name": null }, "geometry": { "type": "Polygon", "coordinates": [ [ [ 77.6329598, 12.9143921 ], [ 77.6329586, 12.9135588 ], [ 77.6327245, 12.9135591 ], [ 77.6327258, 12.9143924 ], [ 77.6329598, 12.9143921 ] ] ] } },
{ "type": "Feature", "properties": { "osm_id": "way/1414001480", "landuse": "commercial", "leisure": null, "amenity": null, "name": null }, "geometry": { "type": "Polygon", "coordinates": [ [ [ 77.634138, 12.9127694 ], [ 77.6350131, 12.9127341 ], [ 77.6350332, 12.91297 ], [ 77.6351646, 12.9129616 ], [ 77.6351465, 12.9124955 ], [ 77.6341333, 12.9125478 ], [ 77.634138, 12.9127694 ] ] ] } },
{ "type": "Feature", "properties": { "osm_id": "way/1414001481", "landuse": "residential", "leisure": null, "amenity": null, "name": null }, "geometry": { "type": "Polygon", "coordinates": [ [ [ 77.634138, 12.9127694 ], [ 77.6341387, 12.9130276 ], [ 77.6350332, 12.91297 ], [ 77.6350131, 12.9127341 ], [ 77.634138, 12.9127694 ] ] ] } },
{ "type": "Feature", "properties": { "osm_id": "way/1414001482", "landuse": "commercial", "leisure": null, "amenity": null, "name": null }, "geometry": { "type": "Polygon", "coordinates": [ [ [ 77.6340186, 12.9127674 ], [ 77.6340172, 12.912544 ], [ 77.6325216, 12.9125524 ], [ 77.6325243, 12.9130117 ], [ 77.63286, 12.9130098 ], [ 77.6328586, 12.9127739 ], [ 77.6340186, 12.9127674 ] ] ] } },
{ "type": "Feature", "properties": { "osm_id": "way/1414001483", "landuse": "residential", "leisure": null, "amenity": null, "name": null }, "geometry": { "type": "Polygon", "coordinates": [ [ [ 77.6328586, 12.9127739 ], [ 77.63286, 12.9130098 ], [ 77.6340215, 12.9130011 ], [ 77.6340186, 12.9127674 ], [ 77.6328586, 12.9127739 ] ] ] } },
{ "type": "Feature", "properties": { "osm_id": "way/1414001484", "landuse": "residential", "leisure": null, "amenity": null, "name": null }, "geometry": { "type": "Polygon", "coordinates": [ [ [ 77.6350414, 12.9130684 ], [ 77.6342258, 12.9131036 ], [ 77.6342397, 12.9134317 ], [ 77.6350589, 12.9134002 ], [ 77.6350414, 12.9130684 ] ] ] } },
{ "type": "Feature", "properties": { "osm_id": "way/1414001485", "landuse": "residential", "leisure": null, "amenity": null, "name": null }, "geometry": { "type": "Polygon", "coordinates": [ [ [ 77.6326444, 12.9131074 ], [ 77.6326443, 12.9134616 ], [ 77.6340112, 12.9134549 ], [ 77.6340094, 12.9131007 ], [ 77.6326444, 12.9131074 ] ] ] } },
{ "type": "Feature", "properties": { "osm_id": "way/1414001486", "landuse": "commercial", "leisure": null, "amenity": null, "name": null }, "geometry": { "type": "Polygon", "coordinates": [ [ [ 77.6324733, 12.9145009 ], [ 77.6329626, 12.9145036 ], [ 77.6329598, 12.9143921 ], [ 77.6327258, 12.9143924 ], [ 77.6327245, 12.9135591 ], [ 77.6324788, 12.9135582 ], [ 77.6324733, 12.9145009 ] ] ] } },
{ "type": "Feature", "properties": { "osm_id": "way/1414001487", "landuse": "commercial", "leisure": null, "amenity": null, "name": null }, "geometry": { "type": "Polygon", "coordinates": [ [ [ 77.6324616, 12.9146635 ], [ 77.6324295, 12.9159289 ], [ 77.6326809, 12.9159001 ], [ 77.6326682, 12.9156256 ], [ 77.6327024, 12.9146668 ], [ 77.6324616, 12.9146635 ] ] ] } },
{ "type": "Feature", "properties": { "osm_id": "way/1414001488", "landuse": "commercial", "leisure": null, "amenity": null, "name": null }, "geometry": { "type": "Polygon", "coordinates": [ [ [ 77.6317602, 12.9155821 ], [ 77.6322353, 12.9155628 ], [ 77.6322675, 12.9138785 ], [ 77.6320496, 12.9138913 ], [ 77.6320048, 12.9154388 ], [ 77.6317629, 12.91544 ], [ 77.6317602, 12.9155821 ] ] ] } },
{ "type": "Feature", "properties": { "osm_id": "way/1414001497", "landuse": "residential", "leisure": null, "amenity": null, "name": null }, "geometry": { "type": "Polygon", "coordinates": [ [ [ 77.627584, 12.9140629 ], [ 77.6279468, 12.91404 ], [ 77.6276494, 12.9129606 ], [ 77.6273054, 12.9129743 ], [ 77.627584, 12.9140629 ] ] ] } },
{ "type": "Feature", "properties": { "osm_id": "way/1414001511", "landuse": "residential", "leisure": null, "amenity": null, "name": null }, "geometry": { "type": "Polygon", "coordinates": [ [ [ 77.6274057, 12.9135903 ], [ 77.627175, 12.9136517 ], [ 77.6272783, 12.9140897 ], [ 77.6275217, 12.914072 ], [ 77.6274057, 12.9135903 ] ] ] } },
{ "type": "Feature", "properties": { "osm_id": "way/1414001519", "landuse": "residential", "leisure": null, "amenity": null, "name": null }, "geometry": { "type": "Polygon", "coordinates": [ [ [ 77.6271187, 12.9136694 ], [ 77.6268706, 12.9137374 ], [ 77.6269745, 12.9141151 ], [ 77.6272327, 12.9140949 ], [ 77.6271187, 12.9136694 ] ] ] } },
{ "type": "Feature", "properties": { "osm_id": "way/1414001520", "landuse": "residential", "leisure": null, "amenity": null, "name": null }, "geometry": { "type": "Polygon", "coordinates": [ [ [ 77.6263851, 12.9139054 ], [ 77.6264535, 12.913887 ], [ 77.626432, 12.913755 ], [ 77.625534, 12.9139147 ], [ 77.6255616, 12.914018 ], [ 77.6263851, 12.9139054 ] ] ] } },
{ "type": "Feature", "properties": { "osm_id": "way/1414001546", "landuse": "residential", "leisure": null, "amenity": null, "name": null }, "geometry": { "type": "Polygon", "coordinates": [ [ [ 77.6255273, 12.9133789 ], [ 77.6254755, 12.9133885 ], [ 77.6255007, 12.9135171 ], [ 77.6273324, 12.913177 ], [ 77.6272977, 12.913056 ], [ 77.6265429, 12.913199 ], [ 77.6255273, 12.9133789 ] ] ] } },
{ "type": "Feature", "properties": { "osm_id": "way/1414001563", "landuse": "residential", "leisure": null, "amenity": null, "name": null }, "geometry": { "type": "Polygon", "coordinates": [ [ [ 77.62432, 12.9161283 ], [ 77.6248012, 12.9162609 ], [ 77.6254396, 12.9153066 ], [ 77.6251701, 12.9153001 ], [ 77.6251553, 12.915372 ], [ 77.6249181, 12.915377 ], [ 77.624883, 12.9155459 ], [ 77.6247556, 12.9157589 ], [ 77.6246698, 12.9159955 ], [ 77.6244067, 12.9159568 ], [ 77.6243748, 12.9160074 ], [ 77.62432, 12.9161283 ] ] ] } },
{ "type": "Feature", "properties": { "osm_id": "way/1414001564", "landuse": "residential", "leisure": null, "amenity": null, "name": null }, "geometry": { "type": "Polygon", "coordinates": [ [ [ 77.6241777, 12.9165053 ], [ 77.6240207, 12.916802 ], [ 77.6241508, 12.9168465 ], [ 77.6240583, 12.9170426 ], [ 77.6242621, 12.9170962 ], [ 77.6247691, 12.9163105 ], [ 77.6243061, 12.916166 ], [ 77.6242527, 12.9163118 ], [ 77.6241777, 12.9165053 ] ] ] } },
{ "type": "Feature", "properties": { "osm_id": "way/1414002538", "landuse": "residential", "leisure": null, "amenity": null, "name": null }, "geometry": { "type": "Polygon", "coordinates": [ [ [ 77.6387584, 12.8967643 ], [ 77.6387311, 12.897205 ], [ 77.6374424, 12.8972314 ], [ 77.637212, 12.8977161 ], [ 77.6367469, 12.8982805 ], [ 77.6364593, 12.8966658 ], [ 77.6360601, 12.8958844 ], [ 77.633028, 12.9008868 ], [ 77.6333142, 12.9011958 ], [ 77.6333619, 12.9018115 ], [ 77.6333335, 12.9024903 ], [ 77.6325313, 12.9023281 ], [ 77.6322446, 12.9021558 ], [ 77.6306877, 12.9046292 ], [ 77.6300321, 12.9056902 ], [ 77.6296421, 12.9063212 ], [ 77.6319039, 12.9065887 ], [ 77.6341462, 12.9068572 ], [ 77.6350241, 12.9071762 ], [ 77.6368622, 12.9064613 ], [ 77.6395215, 12.9051757 ], [ 77.639703, 12.9046761 ], [ 77.6395603, 12.9031669 ], [ 77.6384727, 12.9031038 ], [ 77.6390047, 12.9011 ], [ 77.6391723, 12.8989148 ], [ 77.6390025, 12.8967933 ], [ 77.6387584, 12.8967643 ] ] ] } },
{ "type": "Feature", "properties": { "osm_id": "way/1421713659", "landuse": null, "leisure": "park", "amenity": null, "name": null }, "geometry": { "type": "Polygon", "coordinates": [ [ [ 77.6364474, 12.9113715 ], [ 77.6364233, 12.9110085 ], [ 77.6368322, 12.9110013 ], [ 77.636839, 12.9113646 ], [ 77.6364474, 12.9113715 ] ] ] } },
{ "type": "Feature", "properties": { "osm_id": "way/1425834251", "landuse": "residential", "leisure": null, "amenity": null, "name": null }, "geometry": { "type": "Polygon", "coordinates": [ [ [ 77.6466051, 12.9151995 ], [ 77.6471774, 12.9152189 ], [ 77.647187, 12.9149511 ], [ 77.6466147, 12.9149316 ], [ 77.6466051, 12.9151995 ] ] ] } },
{ "type": "Feature", "properties": { "osm_id": "way/1425834252", "landuse": "residential", "leisure": null, "amenity": null, "name": null }, "geometry": { "type": "Polygon", "coordinates": [ [ [ 77.6472091, 12.9152147 ], [ 77.6478409, 12.9152361 ], [ 77.6478504, 12.9149694 ], [ 77.6472187, 12.9149479 ], [ 77.6472091, 12.9152147 ] ] ] } },
{ "type": "Feature", "properties": { "osm_id": "way/1425834253", "landuse": "residential", "leisure": null, "amenity": null, "name": null }, "geometry": { "type": "Polygon", "coordinates": [ [ [ 77.6484278, 12.9172884 ], [ 77.6484236, 12.918541 ], [ 77.6486917, 12.9185419 ], [ 77.6486959, 12.9172893 ], [ 77.6484278, 12.9172884 ] ] ] } },
{ "type": "Feature", "properties": { "osm_id": "way/1425834267", "landuse": "residential", "leisure": null, "amenity": null, "name": null }, "geometry": { "type": "Polygon", "coordinates": [ [ [ 77.6462656, 12.9161458 ], [ 77.6462837, 12.9171576 ], [ 77.6465902, 12.9171524 ], [ 77.6465721, 12.9161406 ], [ 77.6462656, 12.9161458 ] ] ] } },
{ "type": "Feature", "properties": { "osm_id": "way/1425834268", "landuse": "residential", "leisure": null, "amenity": null, "name": null }, "geometry": { "type": "Polygon", "coordinates": [ [ [ 77.6459604, 12.9171495 ], [ 77.6462454, 12.9171447 ], [ 77.6462275, 12.9161435 ], [ 77.6459425, 12.9161483 ], [ 77.6459604, 12.9171495 ] ] ] } },
{ "type": "Feature", "properties": { "osm_id": "way/1425834327", "landuse": "residential", "leisure": null, "amenity": null, "name": null }, "geometry": { "type": "Polygon", "coordinates": [ [ [ 77.6454663, 12.9161275 ], [ 77.6454843, 12.9171335 ], [ 77.6459143, 12.9171262 ], [ 77.6458962, 12.9161202 ], [ 77.6454663, 12.9161275 ] ] ] } },
{ "type": "Feature", "properties": { "osm_id": "way/1425967091", "landuse": "residential", "leisure": null, "amenity": null, "name": null }, "geometry": { "type": "Polygon", "coordinates": [ [ [ 77.6466371, 12.9171667 ], [ 77.6469573, 12.9171612 ], [ 77.6469389, 12.9161537 ], [ 77.6466186, 12.9161593 ], [ 77.6466371, 12.9171667 ] ] ] } },
{ "type": "Feature", "properties": { "osm_id": "way/1425967093", "landuse": "industrial", "leisure": null, "amenity": null, "name": null }, "geometry": { "type": "Polygon", "coordinates": [ [ [ 77.6443163, 12.918797 ], [ 77.6429655, 12.9193368 ], [ 77.6432535, 12.9196961 ], [ 77.6433071, 12.9196673 ], [ 77.6446478, 12.9195825 ], [ 77.6446426, 12.9195151 ], [ 77.6445022, 12.9191531 ], [ 77.644445, 12.9191568 ], [ 77.6443163, 12.918797 ] ] ] } },
{ "type": "Feature", "properties": { "osm_id": "way/1425968757", "landuse": "residential", "leisure": null, "amenity": null, "name": null }, "geometry": { "type": "Polygon", "coordinates": [ [ [ 77.6431552, 12.9127657 ], [ 77.6431639, 12.9137066 ], [ 77.6436259, 12.9136282 ], [ 77.6436178, 12.9127617 ], [ 77.6431552, 12.9127657 ] ] ] } },
{ "type": "Feature", "properties": { "osm_id": "way/1425968758", "landuse": "residential", "leisure": null, "amenity": null, "name": null }, "geometry": { "type": "Polygon", "coordinates": [ [ [ 77.6436907, 12.9127472 ], [ 77.643699, 12.9136457 ], [ 77.6440883, 12.9135921 ], [ 77.6440656, 12.9127399 ], [ 77.6436907, 12.9127472 ] ] ] } },
{ "type": "Feature", "properties": { "osm_id": "way/1425968759", "landuse": "residential", "leisure": null, "amenity": null, "name": null }, "geometry": { "type": "Polygon", "coordinates": [ [ [ 77.6422704, 12.9148991 ], [ 77.6440206, 12.9146269 ], [ 77.6439723, 12.9142635 ], [ 77.6436397, 12.9142818 ], [ 77.642253, 12.914504 ], [ 77.6422704, 12.9148991 ] ] ] } },
{ "type": "Feature", "properties": { "osm_id": "way/1425968760", "landuse": "residential", "leisure": null, "amenity": null, "name": null }, "geometry": { "type": "Polygon", "coordinates": [ [ [ 77.6458095, 12.913337 ], [ 77.6458419, 12.9148737 ], [ 77.6461879, 12.9148667 ], [ 77.6461422, 12.9133356 ], [ 77.6458095, 12.913337 ] ] ] } },
{ "type": "Feature", "properties": { "osm_id": "way/1425968763", "landuse": "residential", "leisure": null, "amenity": null, "name": null }, "geometry": { "type": "Polygon", "coordinates": [ [ [ 77.6453564, 12.9135171 ], [ 77.6453893, 12.9150778 ], [ 77.6457809, 12.91507 ], [ 77.645748, 12.9135093 ], [ 77.6453564, 12.9135171 ] ] ] } },
{ "type": "Feature", "properties": { "osm_id": "way/1425968764", "landuse": "residential", "leisure": null, "amenity": null, "name": null }, "geometry": { "type": "Polygon", "coordinates": [ [ [ 77.6442942, 12.917138 ], [ 77.6445088, 12.9171301 ], [ 77.6444377, 12.9152833 ], [ 77.6441822, 12.9153409 ], [ 77.6442942, 12.917138 ] ] ] } },
{ "type": "Feature", "properties": { "osm_id": "way/1425968765", "landuse": "residential", "leisure": null, "amenity": null, "name": null }, "geometry": { "type": "Polygon", "coordinates": [ [ [ 77.6441185, 12.9146713 ], [ 77.6422705, 12.9149537 ], [ 77.64229, 12.9153562 ], [ 77.6441434, 12.9150974 ], [ 77.6441185, 12.9146713 ] ] ] } },
{ "type": "Feature", "properties": { "osm_id": "way/1435967732", "landuse": null, "leisure": "pitch", "amenity": null, "name": null }, "geometry": { "type": "Polygon", "coordinates": [ [ [ 77.637781, 12.915001 ], [ 77.6377806, 12.9152404 ], [ 77.6379608, 12.9152407 ], [ 77.6379612, 12.9150013 ], [ 77.637781, 12.915001 ] ] ] } },
{ "type": "Feature", "properties": { "osm_id": "way/1435967733", "landuse": null, "leisure": "pitch", "amenity": null, "name": null }, "geometry": { "type": "Polygon", "coordinates": [ [ [ 77.6377751, 12.9153562 ], [ 77.6377753, 12.9152793 ], [ 77.6379443, 12.9152797 ], [ 77.637944, 12.9153566 ], [ 77.6377751, 12.9153562 ] ] ] } },
{ "type": "Feature", "properties": { "osm_id": "way/1446044500", "landuse": "religious", "leisure": null, "amenity": "place_of_worship", "name": null }, "geometry": { "type": "Polygon", "coordinates": [ [ [ 77.6333951, 12.9188588 ], [ 77.6334535, 12.9188678 ], [ 77.6335551, 12.918862 ], [ 77.633589, 12.9188417 ], [ 77.6335704, 12.918732 ], [ 77.6333738, 12.9187682 ], [ 77.6333951, 12.9188588 ] ] ] } },
{ "type": "Feature", "properties": { "osm_id": "way/1446044638", "landuse": "religious", "leisure": null, "amenity": "place_of_worship", "name": "Sri Kaveramma and Munishwara Temple" }, "geometry": { "type": "Polygon", "coordinates": [ [ [ 77.6322698, 12.9170096 ], [ 77.6324424, 12.9169569 ], [ 77.6323958, 12.9167506 ], [ 77.632197, 12.9167716 ], [ 77.6322698, 12.9170096 ] ] ] } },
{ "type": "Feature", "properties": { "osm_id": "way/1446044639", "landuse": "recreation_ground", "leisure": null, "amenity": null, "name": null }, "geometry": { "type": "Polygon", "coordinates": [ [ [ 77.6318426, 12.9172103 ], [ 77.6321756, 12.9171231 ], [ 77.6321518, 12.9170399 ], [ 77.6322698, 12.9170096 ], [ 77.632197, 12.9167716 ], [ 77.6317496, 12.9168189 ], [ 77.6318426, 12.9172103 ] ] ] } },
{ "type": "Feature", "properties": { "osm_id": "way/1462039294", "landuse": "religious", "leisure": null, "amenity": "place_of_worship", "name": null }, "geometry": { "type": "Polygon", "coordinates": [ [ [ 77.6337672, 12.9211693 ], [ 77.6337812, 12.9212124 ], [ 77.6339503, 12.9211621 ], [ 77.6341508, 12.9210974 ], [ 77.6340555, 12.9208712 ], [ 77.6339389, 12.9208477 ], [ 77.6336586, 12.9209026 ], [ 77.6337672, 12.9211693 ] ] ] } },
{ "type": "Feature", "properties": { "osm_id": "way/1462502463", "landuse": "grass", "leisure": null, "amenity": null, "name": null }, "geometry": { "type": "Polygon", "coordinates": [ [ [ 77.6366061, 12.9221049 ], [ 77.6364465, 12.922157 ], [ 77.6364884, 12.9223751 ], [ 77.6367394, 12.9223198 ], [ 77.6366867, 12.922149 ], [ 77.636634, 12.9221715 ], [ 77.6366061, 12.9221049 ] ] ] } },
{ "type": "Feature", "properties": { "osm_id": "way/1462502466", "landuse": "commercial", "leisure": null, "amenity": null, "name": "Venus Buildings" }, "geometry": { "type": "Polygon", "coordinates": [ [ [ 77.6366527, 12.921758 ], [ 77.6361606, 12.9219347 ], [ 77.6361968, 12.9220456 ], [ 77.6361949, 12.9220493 ], [ 77.6361927, 12.9220536 ], [ 77.6362163, 12.9221488 ], [ 77.6362939, 12.9224609 ], [ 77.6367953, 12.9223631 ], [ 77.6367924, 12.9223369 ], [ 77.6367144, 12.9220634 ], [ 77.6367049, 12.9219914 ], [ 77.6366527, 12.921758 ] ] ] } },
{ "type": "Feature", "properties": { "osm_id": "way/1462502467", "landuse": "religious", "leisure": null, "amenity": "place_of_worship", "name": null }, "geometry": { "type": "Polygon", "coordinates": [ [ [ 77.6382277, 12.9205984 ], [ 77.6381577, 12.92036 ], [ 77.6379142, 12.9204274 ], [ 77.6380542, 12.9206539 ], [ 77.6382277, 12.9205984 ] ] ] } },
{ "type": "Feature", "properties": { "osm_id": "way/1463636831", "landuse": "residential", "leisure": null, "amenity": null, "name": null }, "geometry": { "type": "Polygon", "coordinates": [ [ [ 77.6493716, 12.9038228 ], [ 77.649381, 12.9039549 ], [ 77.649845, 12.9040228 ], [ 77.6501374, 12.9041196 ], [ 77.6502688, 12.9042058 ], [ 77.6504405, 12.9044621 ], [ 77.6507127, 12.9051392 ], [ 77.6508576, 12.9051392 ], [ 77.6504458, 12.9041601 ], [ 77.6503386, 12.9040529 ], [ 77.6502138, 12.903981 ], [ 77.6498665, 12.9038817 ], [ 77.6496533, 12.903845 ], [ 77.6493716, 12.9038228 ] ] ] } },
{ "type": "Feature", "properties": { "osm_id": "way/1463636832", "landuse": "residential", "leisure": null, "amenity": null, "name": null }, "geometry": { "type": "Polygon", "coordinates": [ [ [ 77.6497632, 12.9049601 ], [ 77.649774, 12.9052203 ], [ 77.6506416, 12.9051745 ], [ 77.6505625, 12.9049144 ], [ 77.6497632, 12.9049601 ] ] ] } },
{ "type": "Feature", "properties": { "osm_id": "way/1463636833", "landuse": "residential", "leisure": null, "amenity": null, "name": null }, "geometry": { "type": "Polygon", "coordinates": [ [ [ 77.6497659, 12.9049144 ], [ 77.6505545, 12.904866 ], [ 77.6504593, 12.9046804 ], [ 77.6497525, 12.9047183 ], [ 77.6497659, 12.9049144 ] ] ] } },
{ "type": "Feature", "properties": { "osm_id": "way/1463643834", "landuse": "residential", "leisure": null, "amenity": null, "name": null }, "geometry": { "type": "Polygon", "coordinates": [ [ [ 77.6498082, 12.9062314 ], [ 77.6508623, 12.9061817 ], [ 77.6508354, 12.9059896 ], [ 77.6498014, 12.9060379 ], [ 77.6498082, 12.9062314 ] ] ] } },
{ "type": "Feature", "properties": { "osm_id": "way/1463643851", "landuse": "residential", "leisure": null, "amenity": null, "name": null }, "geometry": { "type": "Polygon", "coordinates": [ [ [ 77.6497994, 12.905985 ], [ 77.6508281, 12.9059366 ], [ 77.6507919, 12.9057301 ], [ 77.64979, 12.9057954 ], [ 77.6497994, 12.905985 ] ] ] } },
{ "type": "Feature", "properties": { "osm_id": "way/1463643864", "landuse": "residential", "leisure": null, "amenity": null, "name": null }, "geometry": { "type": "Polygon", "coordinates": [ [ [ 77.6494346, 12.905323 ], [ 77.6494801, 12.906251 ], [ 77.6497364, 12.9062391 ], [ 77.649691, 12.9053111 ], [ 77.6494346, 12.905323 ] ] ] } },
{ "type": "Feature", "properties": { "osm_id": "way/1463643872", "landuse": "residential", "leisure": null, "amenity": null, "name": null }, "geometry": { "type": "Polygon", "coordinates": [ [ [ 77.649271, 12.903632 ], [ 77.6491128, 12.9036346 ], [ 77.6492201, 12.9052516 ], [ 77.6493528, 12.905249 ], [ 77.649271, 12.903632 ] ] ] } },
{ "type": "Feature", "properties": { "osm_id": "way/1463643877", "landuse": "residential", "leisure": null, "amenity": null, "name": null }, "geometry": { "type": "Polygon", "coordinates": [ [ [ 77.6494253, 12.9052438 ], [ 77.6497052, 12.905229 ], [ 77.6496382, 12.904049 ], [ 77.6493583, 12.9040102 ], [ 77.6494253, 12.9052438 ] ] ] } },
{ "type": "Feature", "properties": { "osm_id": "way/1486774154", "landuse": null, "leisure": "park", "amenity": null, "name": null }, "geometry": { "type": "Polygon", "coordinates": [ [ [ 77.6513376, 12.9097714 ], [ 77.6513437, 12.9094648 ], [ 77.6511003, 12.9094628 ], [ 77.651101, 12.909589 ], [ 77.6511019, 12.9097577 ], [ 77.6513376, 12.9097714 ] ] ] } },
{ "type": "Feature", "properties": { "osm_id": "way/1486774155", "landuse": null, "leisure": "park", "amenity": null, "name": null }, "geometry": { "type": "Polygon", "coordinates": [ [ [ 77.6511098, 12.9100567 ], [ 77.6511338, 12.9108151 ], [ 77.6513189, 12.9108387 ], [ 77.6513326, 12.9100622 ], [ 77.6511098, 12.9100567 ] ] ] } },
{ "type": "Feature", "properties": { "osm_id": "way/1506542256", "landuse": "residential", "leisure": null, "amenity": null, "name": null }, "geometry": { "type": "Polygon", "coordinates": [ [ [ 77.6498497, 12.9016306 ], [ 77.6500857, 12.901714 ], [ 77.6500151, 12.9010973 ], [ 77.649838, 12.8995514 ], [ 77.6496278, 12.8996579 ], [ 77.6497806, 12.9010318 ], [ 77.6498497, 12.9016306 ] ] ] } },
{ "type": "Feature", "properties": { "osm_id": "way/1508372363", "landuse": "construction", "leisure": null, "amenity": null, "name": null }, "geometry": { "type": "Polygon", "coordinates": [ [ [ 77.6324509, 12.9166132 ], [ 77.6326829, 12.9165903 ], [ 77.6326917, 12.9166752 ], [ 77.6335828, 12.9165873 ], [ 77.633574, 12.9165024 ], [ 77.6337506, 12.916485 ], [ 77.6337326, 12.9163111 ], [ 77.6335724, 12.9163269 ], [ 77.633566, 12.9162651 ], [ 77.6326782, 12.9163526 ], [ 77.6326862, 12.9164296 ], [ 77.6324344, 12.9164545 ], [ 77.6324509, 12.9166132 ] ] ] } },
{ "type": "Feature", "properties": { "osm_id": "way/1531217816", "landuse": "commercial", "leisure": null, "amenity": null, "name": null }, "geometry": { "type": "Polygon", "coordinates": [ [ [ 77.6241772, 12.9163028 ], [ 77.6237221, 12.9162488 ], [ 77.6236439, 12.9164386 ], [ 77.6241017, 12.9164958 ], [ 77.6241772, 12.9163028 ] ] ] } },
{ "type": "Feature", "properties": { "osm_id": "way/1531457249", "landuse": "construction", "leisure": null, "amenity": null, "name": null }, "geometry": { "type": "Polygon", "coordinates": [ [ [ 77.6240583, 12.9170426 ], [ 77.6241508, 12.9168465 ], [ 77.6240207, 12.916802 ], [ 77.6241017, 12.9164958 ], [ 77.6236439, 12.9164386 ], [ 77.6236224, 12.9169694 ], [ 77.6237632, 12.9170086 ], [ 77.6240583, 12.9170426 ] ] ] } },
{ "type": "Feature", "properties": { "osm_id": "way/1540181863", "landuse": "commercial", "leisure": null, "amenity": null, "name": null }, "geometry": { "type": "Polygon", "coordinates": [ [ [ 77.6350862, 12.9155918 ], [ 77.6352726, 12.9155772 ], [ 77.6352578, 12.9153668 ], [ 77.6350788, 12.9153753 ], [ 77.6350862, 12.9155918 ] ] ] } },
{ "type": "Feature", "properties": { "osm_id": "way/1540181869", "landuse": null, "leisure": "playground", "amenity": null, "name": null }, "geometry": { "type": "Polygon", "coordinates": [ [ [ 77.6303015, 12.9151844 ], [ 77.6304612, 12.9151668 ], [ 77.6304552, 12.9151148 ], [ 77.6302954, 12.9151323 ], [ 77.6303015, 12.9151844 ] ] ] } },
{ "type": "Feature", "properties": { "osm_id": "way/1561653650", "landuse": "residential", "leisure": null, "amenity": null, "name": null }, "geometry": { "type": "Polygon", "coordinates": [ [ [ 77.6342949, 12.9084883 ], [ 77.6343204, 12.9098753 ], [ 77.6345839, 12.9098707 ], [ 77.6345584, 12.9084837 ], [ 77.6342949, 12.9084883 ] ] ] } },
{ "type": "Feature", "properties": { "osm_id": "way/1561653665", "landuse": "residential", "leisure": null, "amenity": null, "name": null }, "geometry": { "type": "Polygon", "coordinates": [ [ [ 77.6346436, 12.9117406 ], [ 77.6346356, 12.9113877 ], [ 77.6330101, 12.9114269 ], [ 77.6329941, 12.9117955 ], [ 77.6346436, 12.9117406 ] ] ] } },
{ "type": "Feature", "properties": { "osm_id": "way/1561653690", "landuse": "residential", "leisure": null, "amenity": null, "name": null }, "geometry": { "type": "Polygon", "coordinates": [ [ [ 77.634024, 12.9113393 ], [ 77.6343085, 12.9113269 ], [ 77.6342641, 12.9103615 ], [ 77.6340037, 12.9103792 ], [ 77.634024, 12.9113393 ] ] ] } },
{ "type": "Feature", "properties": { "osm_id": "way/1561653691", "landuse": "residential", "leisure": null, "amenity": null, "name": null }, "geometry": { "type": "Polygon", "coordinates": [ [ [ 77.6343606, 12.9113263 ], [ 77.6346332, 12.9113199 ], [ 77.634609, 12.9103343 ], [ 77.6343365, 12.9103406 ], [ 77.6343606, 12.9113263 ] ] ] } },
{ "type": "Feature", "properties": { "osm_id": "way/1561653698", "landuse": "residential", "leisure": null, "amenity": null, "name": null }, "geometry": { "type": "Polygon", "coordinates": [ [ [ 77.6339355, 12.9103066 ], [ 77.6339369, 12.9099981 ], [ 77.6330222, 12.9101001 ], [ 77.632577, 12.9101315 ], [ 77.6325662, 12.9104426 ], [ 77.6331228, 12.9103955 ], [ 77.6339355, 12.9103066 ] ] ] } },
{ "type": "Feature", "properties": { "osm_id": "way/1561653699", "landuse": "residential", "leisure": null, "amenity": null, "name": null }, "geometry": { "type": "Polygon", "coordinates": [ [ [ 77.6339295, 12.9106465 ], [ 77.6339362, 12.9103981 ], [ 77.6330417, 12.9104883 ], [ 77.6330336, 12.9107289 ], [ 77.6339295, 12.9106465 ] ] ] } },
{ "type": "Feature", "properties": { "osm_id": "way/1562038406", "landuse": "industrial", "leisure": null, "amenity": null, "name": null }, "geometry": { "type": "Polygon", "coordinates": [ [ [ 77.6434481, 12.9042291 ], [ 77.642701, 12.9042111 ], [ 77.642591, 12.9041954 ], [ 77.6425105, 12.9033405 ], [ 77.6416522, 12.903913 ], [ 77.6416603, 12.904083 ], [ 77.6419204, 12.9040621 ], [ 77.6418306, 12.9048412 ], [ 77.6423295, 12.9048529 ], [ 77.642366, 12.9049658 ], [ 77.6427546, 12.9049118 ], [ 77.6427653, 12.905032 ], [ 77.643543, 12.904808 ], [ 77.6434481, 12.9042291 ] ] ] } }
]
}
