{
"type": "FeatureCollection",
"name": "pois",
"crs": { "type": "name", "properties": { "name": "urn:ogc:def:crs:OGC:1.3:CRS84" } },
"features": [
{ "type": "Feature", "properties": { "osm_id": "node/263472490", "amenity": null, "shop": "variety_store", "office": null, "tourism": null, "healthcare": null, "craft": null, "name": "Miniso", "addr:housenumber": "419", "addr:street": "27th Main Road" }, "geometry": { "type": "Point", "coordinates": [ 77.6518418, 12.9185225 ] } },
{ "type": "Feature", "properties": { "osm_id": "node/263472498", "amenity": null, "shop": "clothes", "office": null, "tourism": null, "healthcare": null, "craft": null, "name": "And", "addr:housenumber": null, "addr:street": null }, "geometry": { "type": "Point", "coordinates": [ 77.65183, 12.9189346 ] } },
{ "type": "Feature", "properties": { "osm_id": "node/263472508", "amenity": "school", "shop": null, "office": null, "tourism": null, "healthcare": null, "craft": null, "name": "Angel Heart Montessori Play School", "addr:housenumber": null, "addr:street": null }, "geometry": { "type": "Point", "coordinates": [ 77.6518327, 12.9187503 ] } },
{ "type": "Feature", "properties": { "osm_id": "node/266323169", "amenity": "bank", "shop": null, "office": null, "tourism": null, "healthcare": null, "craft": null, "name": "Bank of Baroda", "addr:housenumber": null, "addr:street": null }, "geometry": { "type": "Point", "coordinates": [ 77.6493619, 12.917181 ] } },
{ "type": "Feature", "properties": { "osm_id": "node/266472521", "amenity": "telephone", "shop": null, "office": null, "tourism": null, "healthcare": null, "craft": null, "name": null, "addr:housenumber": null, "addr:street": null }, "geometry": { "type": "Point", "coordinates": [ 77.6472339, 12.9188532 ] } },
{ "type": "Feature", "properties": { "osm_id": "node/266472673", "amenity": null, "shop": "convenience", "office": null, "tourism": null, "healthcare": null, "craft": null, "name": "Priti Departmental Store", "addr:housenumber": null, "addr:street": null }, "geometry": { "type": "Point", "coordinates": [ 77.64853, 12.9174059 ] } },
{ "type": "Feature", "properties": { "osm_id": "node/266472732", "amenity": null, "shop": "electronics", "office": null, "tourism": null, "healthcare": null, "craft": null, "name": "Adeshwara Electronics", "addr:housenumber": null, "addr:street": null }, "geometry": { "type": "Point", "coordinates": [ 77.6515426, 12.9176987 ] } },
{ "type": "Feature", "properties": { "osm_id": "node/266472834", "amenity": null, "shop": "optics", "office": null, "tourism": null, "healthcare": null, "craft": null, "name": "I-gate optic vision", "addr:housenumber": null, "addr:street": null }, "geometry": { "type": "Point", "coordinates": [ 77.6518197, 12.9192611 ] } },
{ "type": "Feature", "properties": { "osm_id": "node/308866071", "amenity": "hospital", "shop": null, "office": null, "tourism": null, "healthcare": null, "craft": null, "name": "Narayana Hrudayalaya Dental Clinic", "addr:housenumber": null, "addr:street": "Outer Ring Road" }, "geometry": { "type": "Point", "coordinates": [ 77.6349897, 12.9155759 ] } },
{ "type": "Feature", "properties": { "osm_id": "node/308866083", "amenity": "bank", "shop": null, "office": null, "tourism": null, "healthcare": null, "craft": null, "name": "State Bank of India", "addr:housenumber": null, "addr:street": "Outer Ring Road" }, "geometry": { "type": "Point", "coordinates": [ 77.6347321, 12.9156177 ] } },
{ "type": "Feature", "properties": { "osm_id": "node/310393723", "amenity": "hospital", "shop": null, "office": null, "tourism": null, "healthcare": "hospital", "craft": null, "name": "Dr Ganesh Medical and Diabetic Clinic", "addr:housenumber": null, "addr:street": null }, "geometry": { "type": "Point", "coordinates": [ 77.6419101, 12.9129006 ] } },
{ "type": "Feature", "properties": { "osm_id": "node/1237139191", "amenity": null, "shop": null, "office": null, "tourism": "guest_house", "healthcare": null, "craft": null, "name": null, "addr:housenumber": null, "addr:street": null }, "geometry": { "type": "Point", "coordinates": [ 77.6513793, 12.9210075 ] } },
{ "type": "Feature", "properties": { "osm_id": "node/1279246450", "amenity": "clinic", "shop": null, "office": null, "tourism": null, "healthcare": "clinic", "craft": null, "name": null, "addr:housenumber": null, "addr:street": null }, "geometry": { "type": "Point", "coordinates": [ 77.6372735, 12.913914 ] } },
{ "type": "Feature", "properties": { "osm_id": "node/1279246451", "amenity": null, "shop": null, "office": "government", "tourism": null, "healthcare": null, "craft": null, "name": "Bangalore One", "addr:housenumber": null, "addr:street": null }, "geometry": { "type": "Point", "coordinates": [ 77.6377482, 12.9136474 ] } },
{ "type": "Feature", "properties": { "osm_id": "node/1281143322", "amenity": null, "shop": "hairdresser", "office": null, "tourism": null, "healthcare": null, "craft": null, "name": "Lakme Beauty Parlour", "addr:housenumber": null, "addr:street": null }, "geometry": { "type": "Point", "coordinates": [ 77.6513699, 12.9117883 ] } },
{ "type": "Feature", "properties": { "osm_id": "node/1281143331", "amenity": null, "shop": "supermarket", "office": null, "tourism": null, "healthcare": null, "craft": null, "name": "MK Retail Super Market", "addr:housenumber": null, "addr:street": "17th Cross Road" }, "geometry": { "type": "Point", "coordinates": [ 77.6512869, 12.9118085 ] } },
{ "type": "Feature", "properties": { "osm_id": "node/1299901719", "amenity": "restaurant", "shop": null, "office": null, "tourism": null, "healthcare": null, "craft": null, "name": null, "addr:housenumber": null, "addr:street": null }, "geometry": { "type": "Point", "coordinates": [ 77.651692, 12.913356 ] } },
{ "type": "Feature", "properties": { "osm_id": "node/1299903066", "amenity": "fast_food", "shop": null, "office": null, "tourism": null, "healthcare": null, "craft": null, "name": "Papa John's", "addr:housenumber": null, "addr:street": null }, "geometry": { "type": "Point", "coordinates": [ 77.651677, 12.913287 ] } },
{ "type": "Feature", "properties": { "osm_id": "node/1299906413", "amenity": null, "shop": "clothes", "office": null, "tourism": null, "healthcare": null, "craft": null, "name": "Swadeshi", "addr:housenumber": null, "addr:street": null }, "geometry": { "type": "Point", "coordinates": [ 77.6516323, 12.9151274 ] } },
{ "type": "Feature", "properties": { "osm_id": "node/1299907760", "amenity": null, "shop": "electronics", "office": null, "tourism": null, "healthcare": null, "craft": null, "name": "Next", "addr:housenumber": null, "addr:street": null }, "geometry": { "type": "Point", "coordinates": [ 77.651656, 12.914646 ] } },
{ "type": "Feature", "properties": { "osm_id": "node/1299909591", "amenity": null, "shop": "department_store", "office": null, "tourism": null, "healthcare": null, "craft": null, "name": "Multiplex Hypermarket", "addr:housenumber": null, "addr:street": null }, "geometry": { "type": "Point", "coordinates": [ 77.651684, 12.914474 ] } },
{ "type": "Feature", "properties": { "osm_id": "node/1307407049", "amenity": "place_of_worship", "shop": null, "office": null, "tourism": null, "healthcare": null, "craft": null, "name": "Patalamma Temple", "addr:housenumber": null, "addr:street": null }, "geometry": { "type": "Point", "coordinates": [ 77.652035, 12.9178793 ] } },
{ "type": "Feature", "properties": { "osm_id": "node/1307450638", "amenity": "pharmacy", "shop": null, "office": null, "tourism": null, "healthcare": "pharmacy", "craft": null, "name": "Shivakumar Medicals & General Store", "addr:housenumber": null, "addr:street": "27th main" }, "geometry": { "type": "Point", "coordinates": [ 77.6515737, 12.9180833 ] } },
{ "type": "Feature", "properties": { "osm_id": "node/1465439250", "amenity": null, "shop": "shoes", "office": null, "tourism": null, "healthcare": null, "craft": null, "name": "Bata", "addr:housenumber": null, "addr:street": "27th Main Road" }, "geometry": { "type": "Point", "coordinates": [ 77.6514168, 12.9233246 ] } },
{ "type": "Feature", "properties": { "osm_id": "node/1465442486", "amenity": null, "shop": "electronics", "office": null, "tourism": null, "healthcare": null, "craft": null, "name": "Sony", "addr:housenumber": null, "addr:street": null }, "geometry": { "type": "Point", "coordinates": [ 77.6514137, 12.9233833 ] } },
{ "type": "Feature", "properties": { "osm_id": "node/1465455717", "amenity": "fast_food", "shop": null, "office": null, "tourism": null, "healthcare": null, "craft": null, "name": "Grill and Hog", "addr:housenumber": null, "addr:street": "27th Main" }, "geometry": { "type": "Point", "coordinates": [ 77.6512829, 12.9215902 ] } },
{ "type": "Feature", "properties": { "osm_id": "node/1465458625", "amenity": "ice_cream", "shop": null, "office": null, "tourism": null, "healthcare": null, "craft": null, "name": "Baskin-Robbins", "addr:housenumber": null, "addr:street": "27 main, sector-1, Hsr layout" }, "geometry": { "type": "Point", "coordinates": [ 77.6514784, 12.9209269 ] } },
{ "type": "Feature", "properties": { "osm_id": "node/1467831581", "amenity": "pharmacy", "shop": null, "office": null, "tourism": null, "healthcare": "pharmacy", "craft": null, "name": "Sree Shakthi medicals", "addr:housenumber": null, "addr:street": "24th main hsr 2nd sector" }, "geometry": { "type": "Point", "coordinates": [ 77.6492635, 12.9076312 ] } },
{ "type": "Feature", "properties": { "osm_id": "node/1468161640", "amenity": null, "shop": "electronics", "office": null, "tourism": null, "healthcare": null, "craft": null, "name": "GK Vale studio", "addr:housenumber": null, "addr:street": "22 cross Hsr2" }, "geometry": { "type": "Point", "coordinates": [ 77.6462728, 12.908852 ] } },
{ "type": "Feature", "properties": { "osm_id": "node/1468245448", "amenity": null, "shop": "baby_goods", "office": null, "tourism": null, "healthcare": null, "craft": null, "name": "Mom & Me", "addr:housenumber": null, "addr:street": "17 cross, Hsr3" }, "geometry": { "type": "Point", "coordinates": [ 77.6395176, 12.9124281 ] } },
{ "type": "Feature", "properties": { "osm_id": "node/1468245829", "amenity": "cafe", "shop": null, "office": null, "tourism": null, "healthcare": null, "craft": null, "name": "Coffee Bean", "addr:housenumber": null, "addr:street": null }, "geometry": { "type": "Point", "coordinates": [ 77.6407671, 12.9123969 ] } },
{ "type": "Feature", "properties": { "osm_id": "node/1468246341", "amenity": "bank", "shop": null, "office": null, "tourism": null, "healthcare": null, "craft": null, "name": "HDFC Bank", "addr:housenumber": null, "addr:street": null }, "geometry": { "type": "Point", "coordinates": [ 77.6411691, 12.9123516 ] } },
{ "type": "Feature", "properties": { "osm_id": "node/1468247384", "amenity": null, "shop": "convenience", "office": null, "tourism": null, "healthcare": null, "craft": null, "name": "MK Supermart", "addr:housenumber": null, "addr:street": null }, "geometry": { "type": "Point", "coordinates": [ 77.6486797, 12.912091 ] } },
{ "type": "Feature", "properties": { "osm_id": "node/1468908276", "amenity": "clinic", "shop": null, "office": null, "tourism": null, "healthcare": "clinic", "craft": null, "name": "A K Clinic", "addr:housenumber": null, "addr:street": null }, "geometry": { "type": "Point", "coordinates": [ 77.6493158, 12.9076284 ] } },
{ "type": "Feature", "properties": { "osm_id": "node/1468908279", "amenity": null, "shop": "sports", "office": null, "tourism": null, "healthcare": null, "craft": null, "name": "Adidas", "addr:housenumber": null, "addr:street": null }, "geometry": { "type": "Point", "coordinates": [ 77.6518995, 12.9166146 ] } },
{ "type": "Feature", "properties": { "osm_id": "node/1468908281", "amenity": "pharmacy", "shop": null, "office": null, "tourism": null, "healthcare": "pharmacy", "craft": null, "name": "Apollo Pharmacy", "addr:housenumber": null, "addr:street": "24th main hsr 2nd sector" }, "geometry": { "type": "Point", "coordinates": [ 77.6493238, 12.9081132 ] } },
{ "type": "Feature", "properties": { "osm_id": "node/1468908283", "amenity": null, "shop": "clothes", "office": null, "tourism": null, "healthcare": null, "craft": null, "name": "Babies Planet", "addr:housenumber": null, "addr:street": null }, "geometry": { "type": "Point", "coordinates": [ 77.6519012, 12.916708 ] } },
{ "type": "Feature", "properties": { "osm_id": "node/1468908286", "amenity": null, "shop": "laundry", "office": null, "tourism": null, "healthcare": null, "craft": null, "name": "Fabric Spa", "addr:housenumber": null, "addr:street": null }, "geometry": { "type": "Point", "coordinates": [ 77.6514948, 12.9237102 ] } },
{ "type": "Feature", "properties": { "osm_id": "node/1468908289", "amenity": "restaurant", "shop": null, "office": null, "tourism": null, "healthcare": null, "craft": null, "name": "Jharoka", "addr:housenumber": null, "addr:street": null }, "geometry": { "type": "Point", "coordinates": [ 77.6379776, 12.9120524 ] } },
{ "type": "Feature", "properties": { "osm_id": "node/1468908290", "amenity": "restaurant", "shop": null, "office": null, "tourism": null, "healthcare": null, "craft": null, "name": "Kottayam", "addr:housenumber": "23", "addr:street": "14th main" }, "geometry": { "type": "Point", "coordinates": [ 77.6383198, 12.9143549 ] } },
{ "type": "Feature", "properties": { "osm_id": "node/1468908291", "amenity": null, "shop": "clothes", "office": null, "tourism": null, "healthcare": null, "craft": null, "name": "Lilliput", "addr:housenumber": null, "addr:street": null }, "geometry": { "type": "Point", "coordinates": [ 77.6519145, 12.9165647 ] } },
{ "type": "Feature", "properties": { "osm_id": "node/1468908292", "amenity": null, "shop": "clothes", "office": null, "tourism": null, "healthcare": null, "craft": null, "name": "Little Boss", "addr:housenumber": null, "addr:street": null }, "geometry": { "type": "Point", "coordinates": [ 77.6519035, 12.9164467 ] } },
{ "type": "Feature", "properties": { "osm_id": "node/1468908294", "amenity": "fast_food", "shop": null, "office": null, "tourism": null, "healthcare": null, "craft": null, "name": "McDonald's", "addr:housenumber": "1", "addr:street": null }, "geometry": { "type": "Point", "coordinates": [ 77.6379811, 12.9121865 ] } },
{ "type": "Feature", "properties": { "osm_id": "node/1468908295", "amenity": "pharmacy", "shop": null, "office": null, "tourism": null, "healthcare": "pharmacy", "craft": null, "name": "MedPlus", "addr:housenumber": null, "addr:street": "24th main hsr 2nd sector" }, "geometry": { "type": "Point", "coordinates": [ 77.6491754, 12.9071172 ] } },
{ "type": "Feature", "properties": { "osm_id": "node/1468908297", "amenity": "bank", "shop": null, "office": null, "tourism": null, "healthcare": null, "craft": null, "name": "State Bank of India", "addr:housenumber": null, "addr:street": null }, "geometry": { "type": "Point", "coordinates": [ 77.6493739, 12.9120609 ] } },
{ "type": "Feature", "properties": { "osm_id": "node/1468908298", "amenity": null, "shop": "electronics", "office": null, "tourism": null, "healthcare": null, "craft": null, "name": "Samsung", "addr:housenumber": null, "addr:street": "27 main, sector-1, hsr layout" }, "geometry": { "type": "Point", "coordinates": [ 77.6514854, 12.9236151 ] } },
{ "type": "Feature", "properties": { "osm_id": "node/1468908300", "amenity": "hospital", "shop": null, "office": null, "tourism": null, "healthcare": null, "craft": null, "name": "health nest", "addr:housenumber": null, "addr:street": null }, "geometry": { "type": "Point", "coordinates": [ 77.6488507, 12.9075992 ] } },
{ "type": "Feature", "properties": { "osm_id": "node/1468908328", "amenity": null, "shop": "supermarket", "office": null, "tourism": null, "healthcare": null, "craft": null, "name": null, "addr:housenumber": null, "addr:street": null }, "geometry": { "type": "Point", "coordinates": [ 77.649016, 12.9044398 ] } },
{ "type": "Feature", "properties": { "osm_id": "node/1469643922", "amenity": null, "shop": "clothes", "office": null, "tourism": null, "healthcare": null, "craft": null, "name": "Zecode", "addr:housenumber": null, "addr:street": "Hosur Road" }, "geometry": { "type": "Point", "coordinates": [ 77.6260462, 12.9124691 ] } },
{ "type": "Feature", "properties": { "osm_id": "node/1469643951", "amenity": null, "shop": "car_repair", "office": null, "tourism": null, "healthcare": null, "craft": null, "name": "Trident Hyundai", "addr:housenumber": null, "addr:street": null }, "geometry": { "type": "Point", "coordinates": [ 77.6401322, 12.9239635 ] } },
{ "type": "Feature", "properties": { "osm_id": "node/1469644042", "amenity": null, "shop": "supermarket", "office": null, "tourism": null, "healthcare": null, "craft": null, "name": "Safa", "addr:housenumber": null, "addr:street": null }, "geometry": { "type": "Point", "coordinates": [ 77.6374501, 12.913486 ] } },
{ "type": "Feature", "properties": { "osm_id": "node/1470544491", "amenity": null, "shop": "travel_agency", "office": null, "tourism": null, "healthcare": null, "craft": null, "name": "Janani Tours", "addr:housenumber": null, "addr:street": null }, "geometry": { "type": "Point", "coordinates": [ 77.6310764, 12.9161328 ] } },
{ "type": "Feature", "properties": { "osm_id": "node/1470544671", "amenity": null, "shop": "toys", "office": null, "tourism": null, "healthcare": null, "craft": null, "name": "My Baby Store", "addr:housenumber": null, "addr:street": null }, "geometry": { "type": "Point", "coordinates": [ 77.6351968, 12.9164803 ] } },
{ "type": "Feature", "properties": { "osm_id": "node/1470546964", "amenity": null, "shop": "supermarket", "office": null, "tourism": null, "healthcare": null, "craft": null, "name": "Fooddays", "addr:housenumber": null, "addr:street": null }, "geometry": { "type": "Point", "coordinates": [ 77.6321713, 12.9154345 ] } },
{ "type": "Feature", "properties": { "osm_id": "node/1470546968", "amenity": null, "shop": "car", "office": null, "tourism": null, "healthcare": null, "craft": null, "name": "PPS Motors", "addr:housenumber": null, "addr:street": null }, "geometry": { "type": "Point", "coordinates": [ 77.6354001, 12.9165276 ] } },
{ "type": "Feature", "properties": { "osm_id": "node/1470755128", "amenity": "place_of_worship", "shop": null, "office": null, "tourism": null, "healthcare": null, "craft": null, "name": "Sri Mariyamma Temple", "addr:housenumber": null, "addr:street": null }, "geometry": { "type": "Point", "coordinates": [ 77.649038, 12.907194 ] } },
{ "type": "Feature", "properties": { "osm_id": "node/1470757461", "amenity": "atm", "shop": null, "office": null, "tourism": null, "healthcare": null, "craft": null, "name": "IndusInd Bank", "addr:housenumber": null, "addr:street": null }, "geometry": { "type": "Point", "coordinates": [ 77.6379067, 12.911884 ] } },
{ "type": "Feature", "properties": { "osm_id": "node/1470758421", "amenity": "dentist", "shop": null, "office": null, "tourism": null, "healthcare": null, "craft": null, "name": "Dental Clinic", "addr:housenumber": null, "addr:street": null }, "geometry": { "type": "Point", "coordinates": [ 77.638068, 12.918466 ] } },
{ "type": "Feature", "properties": { "osm_id": "node/1470826164", "amenity": "restaurant", "shop": null, "office": null, "tourism": null, "healthcare": null, "craft": null, "name": "Mast Kalandar", "addr:housenumber": null, "addr:street": null }, "geometry": { "type": "Point", "coordinates": [ 77.6383124, 12.9147654 ] } },
{ "type": "Feature", "properties": { "osm_id": "node/1470827521", "amenity": "atm", "shop": null, "office": null, "tourism": null, "healthcare": null, "craft": null, "name": null, "addr:housenumber": null, "addr:street": null }, "geometry": { "type": "Point", "coordinates": [ 77.637973, 12.910865 ] } },
{ "type": "Feature", "properties": { "osm_id": "node/1471683739", "amenity": null, "shop": "car", "office": null, "tourism": null, "healthcare": null, "craft": null, "name": "Jaguar Landrover Range Rover", "addr:housenumber": null, "addr:street": null }, "geometry": { "type": "Point", "coordinates": [ 77.6270457, 12.9108417 ] } },
{ "type": "Feature", "properties": { "osm_id": "node/1471685731", "amenity": null, "shop": "motorcycle", "office": null, "tourism": null, "healthcare": null, "craft": null, "name": "Hero Motocorp", "addr:housenumber": "Hosur road", "addr:street": null }, "geometry": { "type": "Point", "coordinates": [ 77.626597, 12.911347 ] } },
{ "type": "Feature", "properties": { "osm_id": "node/1471710090", "amenity": "bank", "shop": null, "office": null, "tourism": null, "healthcare": null, "craft": null, "name": "Canara Bank", "addr:housenumber": null, "addr:street": null }, "geometry": { "type": "Point", "coordinates": [ 77.6355672, 12.9165198 ] } },
{ "type": "Feature", "properties": { "osm_id": "node/1471710402", "amenity": "place_of_worship", "shop": null, "office": null, "tourism": null, "healthcare": null, "craft": null, "name": "Chowdeshwari Temple", "addr:housenumber": null, "addr:street": null }, "geometry": { "type": "Point", "coordinates": [ 77.6340911, 12.9169457 ] } },
{ "type": "Feature", "properties": { "osm_id": "node/1471712018", "amenity": null, "shop": "supermarket", "office": null, "tourism": null, "healthcare": null, "craft": null, "name": "New Sapna Store", "addr:housenumber": null, "addr:street": null }, "geometry": { "type": "Point", "coordinates": [ 77.6321554, 12.9184754 ] } },
{ "type": "Feature", "properties": { "osm_id": "node/1471712111", "amenity": "pharmacy", "shop": null, "office": null, "tourism": null, "healthcare": "pharmacy", "craft": null, "name": "Apollo Pharmacy", "addr:housenumber": null, "addr:street": null }, "geometry": { "type": "Point", "coordinates": [ 77.6319413, 12.9175661 ] } },
{ "type": "Feature", "properties": { "osm_id": "node/1472113639", "amenity": "townhall", "shop": null, "office": null, "tourism": null, "healthcare": null, "craft": null, "name": "BDA East office", "addr:housenumber": null, "addr:street": null }, "geometry": { "type": "Point", "coordinates": [ 77.6373485, 12.913578 ] } },
{ "type": "Feature", "properties": { "osm_id": "node/1472212762", "amenity": "fuel", "shop": null, "office": null, "tourism": null, "healthcare": null, "craft": null, "name": "Bharat Petroleum", "addr:housenumber": null, "addr:street": null }, "geometry": { "type": "Point", "coordinates": [ 77.6280806, 12.9090166 ] } },
{ "type": "Feature", "properties": { "osm_id": "node/1472878021", "amenity": "hospital", "shop": null, "office": null, "tourism": null, "healthcare": null, "craft": null, "name": "Devi Eye Hospital", "addr:housenumber": null, "addr:street": null }, "geometry": { "type": "Point", "coordinates": [ 77.6374069, 12.9162576 ] } },
{ "type": "Feature", "properties": { "osm_id": "node/1472880752", "amenity": "atm", "shop": null, "office": null, "tourism": null, "healthcare": null, "craft": null, "name": null, "addr:housenumber": null, "addr:street": null }, "geometry": { "type": "Point", "coordinates": [ 77.6344183, 12.9154792 ] } },
{ "type": "Feature", "properties": { "osm_id": "node/1473085346", "amenity": null, "shop": "pastry", "office": null, "tourism": null, "healthcare": null, "craft": null, "name": "Sweet Chariot", "addr:housenumber": null, "addr:street": null }, "geometry": { "type": "Point", "coordinates": [ 77.6325653, 12.9123058 ] } },
{ "type": "Feature", "properties": { "osm_id": "node/1473224706", "amenity": "pharmacy", "shop": null, "office": null, "tourism": null, "healthcare": "pharmacy", "craft": null, "name": "Apollo Pharmacy", "addr:housenumber": null, "addr:street": null }, "geometry": { "type": "Point", "coordinates": [ 77.6326323, 12.9123293 ] } },
{ "type": "Feature", "properties": { "osm_id": "node/1473821278", "amenity": null, "shop": "bakery", "office": null, "tourism": null, "healthcare": null, "craft": null, "name": "Priya Cafe", "addr:housenumber": null, "addr:street": null }, "geometry": { "type": "Point", "coordinates": [ 77.6321278, 12.9183259 ] } },
{ "type": "Feature", "properties": { "osm_id": "node/1474104406", "amenity": "hospital", "shop": null, "office": null, "tourism": null, "healthcare": "hospital", "craft": null, "name": "Vasan Eye Care", "addr:housenumber": null, "addr:street": "Hosur road" }, "geometry": { "type": "Point", "coordinates": [ 77.6265538, 12.9102705 ] } },
{ "type": "Feature", "properties": { "osm_id": "node/1474164015", "amenity": null, "shop": "optician", "office": null, "tourism": null, "healthcare": null, "craft": null, "name": "Millennium Optical's", "addr:housenumber": null, "addr:street": "27 main" }, "geometry": { "type": "Point", "coordinates": [ 77.651553, 12.917524 ] } },
{ "type": "Feature", "properties": { "osm_id": "node/1474165128", "amenity": null, "shop": "optician", "office": null, "tourism": null, "healthcare": null, "craft": null, "name": "Vision Express", "addr:housenumber": null, "addr:street": "27 main" }, "geometry": { "type": "Point", "coordinates": [ 77.651532, 12.917403 ] } },
{ "type": "Feature", "properties": { "osm_id": "node/1474199647", "amenity": "atm", "shop": null, "office": null, "tourism": null, "healthcare": null, "craft": null, "name": "Dhanalaxmi Bank Atm", "addr:housenumber": null, "addr:street": "27 main" }, "geometry": { "type": "Point", "coordinates": [ 77.6515807, 12.9174606 ] } },
{ "type": "Feature", "properties": { "osm_id": "node/1474819060", "amenity": "hospital", "shop": null, "office": null, "tourism": null, "healthcare": null, "craft": null, "name": "Aswad Hospital", "addr:housenumber": null, "addr:street": "Hosur road" }, "geometry": { "type": "Point", "coordinates": [ 77.6247622, 12.9147871 ] } },
{ "type": "Feature", "properties": { "osm_id": "node/1484531940", "amenity": "restaurant", "shop": null, "office": null, "tourism": null, "healthcare": null, "craft": null, "name": "Nandana Palace", "addr:housenumber": null, "addr:street": null }, "geometry": { "type": "Point", "coordinates": [ 77.6453053, 12.9216098 ] } },
{ "type": "Feature", "properties": { "osm_id": "node/1539242287", "amenity": "kindergarten", "shop": null, "office": null, "tourism": null, "healthcare": null, "craft": null, "name": "Joy Of Learning", "addr:housenumber": "31", "addr:street": "12th Main,18th Cross" }, "geometry": { "type": "Point", "coordinates": [ 77.637224, 12.911762 ] } },
{ "type": "Feature", "properties": { "osm_id": "node/1613147970", "amenity": "fuel", "shop": null, "office": null, "tourism": null, "healthcare": null, "craft": null, "name": "Indian Oil", "addr:housenumber": null, "addr:street": null }, "geometry": { "type": "Point", "coordinates": [ 77.6275079, 12.9087203 ] } },
{ "type": "Feature", "properties": { "osm_id": "node/1625411089", "amenity": "fast_food", "shop": null, "office": null, "tourism": null, "healthcare": null, "craft": null, "name": "KFC", "addr:housenumber": null, "addr:street": null }, "geometry": { "type": "Point", "coordinates": [ 77.6383089, 12.9131153 ] } },
{ "type": "Feature", "properties": { "osm_id": "node/1660287155", "amenity": "kindergarten", "shop": null, "office": null, "tourism": null, "healthcare": null, "craft": null, "name": "Floretz Montessori", "addr:housenumber": "408", "addr:street": "22nd Cross, HSR Layout, Sector 2" }, "geometry": { "type": "Point", "coordinates": [ 77.6497344, 12.9088046 ] } },
{ "type": "Feature", "properties": { "osm_id": "node/1666879095", "amenity": "pharmacy", "shop": null, "office": null, "tourism": null, "healthcare": "pharmacy", "craft": null, "name": "Apollo Pharmacy", "addr:housenumber": null, "addr:street": "19th Main" }, "geometry": { "type": "Point", "coordinates": [ 77.6445035, 12.9048437 ] } },
{ "type": "Feature", "properties": { "osm_id": "node/1666891739", "amenity": null, "shop": "alcohol", "office": null, "tourism": null, "healthcare": null, "craft": null, "name": "Drops", "addr:housenumber": null, "addr:street": null }, "geometry": { "type": "Point", "coordinates": [ 77.6383076, 12.914296 ] } },
{ "type": "Feature", "properties": { "osm_id": "node/1835512586", "amenity": "hospital", "shop": null, "office": null, "tourism": null, "healthcare": null, "craft": null, "name": "Cure & Care Dental Clinic Dr. Moumita Mukherjee", "addr:housenumber": null, "addr:street": null }, "geometry": { "type": "Point", "coordinates": [ 77.6492213, 12.9074968 ] } },
{ "type": "Feature", "properties": { "osm_id": "node/2156221132", "amenity": null, "shop": null, "office": "yes", "tourism": null, "healthcare": null, "craft": null, "name": "Orca Radio Systems", "addr:housenumber": null, "addr:street": null }, "geometry": { "type": "Point", "coordinates": [ 77.6461582, 12.9122661 ] } },
{ "type": "Feature", "properties": { "osm_id": "node/2249676561", "amenity": "bank", "shop": null, "office": null, "tourism": null, "healthcare": null, "craft": null, "name": "State Bank of India", "addr:housenumber": null, "addr:street": null }, "geometry": { "type": "Point", "coordinates": [ 77.6516888, 12.9118559 ] } },
{ "type": "Feature", "properties": { "osm_id": "node/2249679251", "amenity": "atm", "shop": null, "office": null, "tourism": null, "healthcare": null, "craft": null, "name": "HDFC Bank", "addr:housenumber": null, "addr:street": null }, "geometry": { "type": "Point", "coordinates": [ 77.6491755, 12.9097644 ] } },
{ "type": "Feature", "properties": { "osm_id": "node/2387041695", "amenity": "atm", "shop": null, "office": null, "tourism": null, "healthcare": null, "craft": null, "name": null, "addr:housenumber": null, "addr:street": null }, "geometry": { "type": "Point", "coordinates": [ 77.6455159, 12.9043833 ] } },
{ "type": "Feature", "properties": { "osm_id": "node/2387044401", "amenity": "fast_food", "shop": null, "office": null, "tourism": null, "healthcare": null, "craft": null, "name": "Veg Sagar", "addr:housenumber": null, "addr:street": null }, "geometry": { "type": "Point", "coordinates": [ 77.6444964, 12.9056019 ] } },
{ "type": "Feature", "properties": { "osm_id": "node/2387044405", "amenity": null, "shop": "supermarket", "office": null, "tourism": null, "healthcare": null, "craft": null, "name": "Grand Supermarket", "addr:housenumber": null, "addr:street": null }, "geometry": { "type": "Point", "coordinates": [ 77.6445546, 12.9063471 ] } },
{ "type": "Feature", "properties": { "osm_id": "node/2387173532", "amenity": "hospital", "shop": null, "office": null, "tourism": null, "healthcare": "hospital", "craft": null, "name": "Greenview Medical Center", "addr:housenumber": null, "addr:street": "14th Main Rd, opposite Agara Lake, Sector 5, 1st Sector, HSR Layout" }, "geometry": { "type": "Point", "coordinates": [ 77.6381379, 12.9191813 ] } },
{ "type": "Feature", "properties": { "osm_id": "node/2387539920", "amenity": null, "shop": "electronics", "office": null, "tourism": null, "healthcare": null, "craft": null, "name": "Reliance Digital", "addr:housenumber": null, "addr:street": null }, "geometry": { "type": "Point", "coordinates": [ 77.6441212, 12.911687 ] } },
{ "type": "Feature", "properties": { "osm_id": "node/2388266798", "amenity": "place_of_worship", "shop": null, "office": null, "tourism": null, "healthcare": null, "craft": null, "name": "Masjid-E-Noorani", "addr:housenumber": null, "addr:street": null }, "geometry": { "type": "Point", "coordinates": [ 77.6496838, 12.9235295 ] } },
{ "type": "Feature", "properties": { "osm_id": "node/2388266806", "amenity": "place_of_worship", "shop": null, "office": null, "tourism": null, "healthcare": null, "craft": null, "name": "Sun Temple", "addr:housenumber": null, "addr:street": null }, "geometry": { "type": "Point", "coordinates": [ 77.6497423, 12.9240986 ] } },
{ "type": "Feature", "properties": { "osm_id": "node/2388266824", "amenity": "place_of_worship", "shop": null, "office": null, "tourism": null, "healthcare": null, "craft": null, "name": "Hanuman Temple", "addr:housenumber": null, "addr:street": null }, "geometry": { "type": "Point", "coordinates": [ 77.6497262, 12.9237273 ] } },
{ "type": "Feature", "properties": { "osm_id": "node/2410666917", "amenity": null, "shop": null, "office": "company", "tourism": null, "healthcare": null, "craft": null, "name": "Inkoniq IT Solutions Pvt Ltd", "addr:housenumber": "2616", "addr:street": "27th Main Road" }, "geometry": { "type": "Point", "coordinates": [ 77.651657, 12.9135105 ] } },
{ "type": "Feature", "properties": { "osm_id": "node/2412058808", "amenity": "bank", "shop": null, "office": null, "tourism": null, "healthcare": null, "craft": null, "name": "Allahabad Bank", "addr:housenumber": null, "addr:street": null }, "geometry": { "type": "Point", "coordinates": [ 77.6323154, 12.91201 ] } },
{ "type": "Feature", "properties": { "osm_id": "node/2414612953", "amenity": "hospital", "shop": null, "office": null, "tourism": null, "healthcare": "hospital", "craft": null, "name": "Vaidyaratnam Oushadhasala", "addr:housenumber": null, "addr:street": null }, "geometry": { "type": "Point", "coordinates": [ 77.6485848, 12.9121004 ] } },
{ "type": "Feature", "properties": { "osm_id": "node/2414639340", "amenity": "atm", "shop": null, "office": null, "tourism": null, "healthcare": null, "craft": null, "name": null, "addr:housenumber": null, "addr:street": null }, "geometry": { "type": "Point", "coordinates": [ 77.6426733, 12.9189584 ] } },
{ "type": "Feature", "properties": { "osm_id": "node/2620621562", "amenity": null, "shop": "baby_goods", "office": null, "tourism": null, "healthcare": null, "craft": null, "name": "KidZone", "addr:housenumber": null, "addr:street": null }, "geometry": { "type": "Point", "coordinates": [ 77.6442094, 12.912293 ] } },
{ "type": "Feature", "properties": { "osm_id": "node/2901145092", "amenity": "restaurant", "shop": null, "office": null, "tourism": null, "healthcare": null, "craft": null, "name": "Manjunatha Refreshments", "addr:housenumber": null, "addr:street": null }, "geometry": { "type": "Point", "coordinates": [ 77.6337407, 12.9171114 ] } },
{ "type": "Feature", "properties": { "osm_id": "node/2901145730", "amenity": "restaurant", "shop": null, "office": null, "tourism": null, "healthcare": null, "craft": null, "name": "Empire", "addr:housenumber": "169/A/170", "addr:street": "14th Cross Road" }, "geometry": { "type": "Point", "coordinates": [ 77.6355368, 12.91519 ] } },
{ "type": "Feature", "properties": { "osm_id": "node/2901369804", "amenity": "restaurant", "shop": null, "office": null, "tourism": null, "healthcare": null, "craft": null, "name": "Star Biryani", "addr:housenumber": null, "addr:street": "13th Main Road" }, "geometry": { "type": "Point", "coordinates": [ 77.6367272, 12.914592 ] } },
{ "type": "Feature", "properties": { "osm_id": "node/2901369806", "amenity": "restaurant", "shop": null, "office": null, "tourism": null, "healthcare": null, "craft": null, "name": "Swathi Spice and Ice", "addr:housenumber": null, "addr:street": null }, "geometry": { "type": "Point", "coordinates": [ 77.6355216, 12.9165146 ] } },
{ "type": "Feature", "properties": { "osm_id": "node/2973906269", "amenity": "fast_food", "shop": null, "office": null, "tourism": null, "healthcare": null, "craft": null, "name": "King Ambur Hot Biriyani", "addr:housenumber": null, "addr:street": null }, "geometry": { "type": "Point", "coordinates": [ 77.6448585, 12.915303 ] } },
{ "type": "Feature", "properties": { "osm_id": "node/2973906270", "amenity": null, "shop": "snacks", "office": null, "tourism": null, "healthcare": null, "craft": null, "name": "Madheswara Hot Chips", "addr:housenumber": null, "addr:street": null }, "geometry": { "type": "Point", "coordinates": [ 77.6448528, 12.9153359 ] } },
{ "type": "Feature", "properties": { "osm_id": "node/2973906271", "amenity": null, "shop": "car", "office": null, "tourism": null, "healthcare": null, "craft": null, "name": "Mahindra First Choice - Genuine Cars", "addr:housenumber": null, "addr:street": null }, "geometry": { "type": "Point", "coordinates": [ 77.6448637, 12.9153637 ] } },
{ "type": "Feature", "properties": { "osm_id": "node/3048430640", "amenity": null, "shop": "mobile_phone", "office": null, "tourism": null, "healthcare": null, "craft": null, "name": "Sangeetha Mobiles", "addr:housenumber": null, "addr:street": "27th Main" }, "geometry": { "type": "Point", "coordinates": [ 77.6518533, 12.9182919 ] } },
{ "type": "Feature", "properties": { "osm_id": "node/3048435219", "amenity": null, "shop": "watches", "office": null, "tourism": null, "healthcare": null, "craft": null, "name": "Titan Watches", "addr:housenumber": "279", "addr:street": "27th Main" }, "geometry": { "type": "Point", "coordinates": [ 77.6513827, 12.922847 ] } },
{ "type": "Feature", "properties": { "osm_id": "node/3048441315", "amenity": null, "shop": "shoes", "office": null, "tourism": null, "healthcare": null, "craft": null, "name": "Liberty Exclusive Showroom", "addr:housenumber": "419", "addr:street": "27th Main Road" }, "geometry": { "type": "Point", "coordinates": [ 77.6518532, 12.9184097 ] } },
{ "type": "Feature", "properties": { "osm_id": "node/3048446018", "amenity": "atm", "shop": null, "office": null, "tourism": null, "healthcare": null, "craft": null, "name": "HDFC Bank", "addr:housenumber": null, "addr:street": "27th Main" }, "geometry": { "type": "Point", "coordinates": [ 77.6513855, 12.9199598 ] } },
{ "type": "Feature", "properties": { "osm_id": "node/3048451057", "amenity": null, "shop": "clothes", "office": null, "tourism": null, "healthcare": null, "craft": null, "name": "United Colors of Benetton", "addr:housenumber": null, "addr:street": "27th Main" }, "geometry": { "type": "Point", "coordinates": [ 77.6518755, 12.9182008 ] } },
{ "type": "Feature", "properties": { "osm_id": "node/3048451540", "amenity": null, "shop": null, "office": "company", "tourism": null, "healthcare": null, "craft": null, "name": "Ma Foi Analytics & Research -Discover", "addr:housenumber": "#423, 2nd Floor, Lotus Towers", "addr:street": "27th Main" }, "geometry": { "type": "Point", "coordinates": [ 77.65211, 12.9181288 ] } },
{ "type": "Feature", "properties": { "osm_id": "node/3198533405", "amenity": "restaurant", "shop": null, "office": null, "tourism": null, "healthcare": null, "craft": null, "name": "Lou Han", "addr:housenumber": "666", "addr:street": "13th Cross" }, "geometry": { "type": "Point", "coordinates": [ 77.6513702, 12.9159911 ] } },
{ "type": "Feature", "properties": { "osm_id": "node/3198536852", "amenity": null, "shop": "laundry", "office": null, "tourism": null, "healthcare": null, "craft": null, "name": "Sancys", "addr:housenumber": null, "addr:street": "12th Cross Road" }, "geometry": { "type": "Point", "coordinates": [ 77.6515357, 12.9164007 ] } },
{ "type": "Feature", "properties": { "osm_id": "node/3198549998", "amenity": "restaurant", "shop": null, "office": null, "tourism": null, "healthcare": null, "craft": null, "name": "Napoli", "addr:housenumber": null, "addr:street": "27th Main" }, "geometry": { "type": "Point", "coordinates": [ 77.6519298, 12.9160016 ] } },
{ "type": "Feature", "properties": { "osm_id": "node/3198561995", "amenity": "restaurant", "shop": null, "office": null, "tourism": null, "healthcare": null, "craft": null, "name": "Greasy Spoon", "addr:housenumber": null, "addr:street": "27th Main" }, "geometry": { "type": "Point", "coordinates": [ 77.6515537, 12.9168988 ] } },
{ "type": "Feature", "properties": { "osm_id": "node/3198572489", "amenity": null, "shop": "confectionery", "office": null, "tourism": null, "healthcare": null, "craft": null, "name": "Shubh Sweets", "addr:housenumber": null, "addr:street": "27th Main" }, "geometry": { "type": "Point", "coordinates": [ 77.6516831, 12.9138605 ] } },
{ "type": "Feature", "properties": { "osm_id": "node/3198577860", "amenity": "restaurant", "shop": null, "office": null, "tourism": null, "healthcare": null, "craft": null, "name": "Just momo", "addr:housenumber": null, "addr:street": "17th Cross" }, "geometry": { "type": "Point", "coordinates": [ 77.6485607, 12.912101 ] } },
{ "type": "Feature", "properties": { "osm_id": "node/3198578925", "amenity": "restaurant", "shop": null, "office": null, "tourism": null, "healthcare": null, "craft": null, "name": "Wang's Kitchen", "addr:housenumber": null, "addr:street": "27th Main" }, "geometry": { "type": "Point", "coordinates": [ 77.6517484, 12.9124615 ] } },
{ "type": "Feature", "properties": { "osm_id": "node/3198591322", "amenity": "atm", "shop": null, "office": null, "tourism": null, "healthcare": null, "craft": null, "name": "HDFC Bank", "addr:housenumber": null, "addr:street": null }, "geometry": { "type": "Point", "coordinates": [ 77.6515544, 12.9159874 ] } },
{ "type": "Feature", "properties": { "osm_id": "node/3198599095", "amenity": "restaurant", "shop": "confectionery", "office": null, "tourism": null, "healthcare": null, "craft": null, "name": "Adyar Ananda Bhavan", "addr:housenumber": null, "addr:street": "14th Main Road" }, "geometry": { "type": "Point", "coordinates": [ 77.6374114, 12.9137923 ] } },
{ "type": "Feature", "properties": { "osm_id": "node/3198606756", "amenity": "restaurant", "shop": null, "office": null, "tourism": null, "healthcare": null, "craft": null, "name": "Pizza Hut", "addr:housenumber": null, "addr:street": "17th Cross" }, "geometry": { "type": "Point", "coordinates": [ 77.6377107, 12.9122107 ] } },
{ "type": "Feature", "properties": { "osm_id": "node/3198609226", "amenity": "restaurant", "shop": null, "office": null, "tourism": null, "healthcare": null, "craft": null, "name": "Calvins", "addr:housenumber": null, "addr:street": null }, "geometry": { "type": "Point", "coordinates": [ 77.6375965, 12.9122576 ] } },
{ "type": "Feature", "properties": { "osm_id": "node/3198628457", "amenity": "fast_food", "shop": null, "office": null, "tourism": null, "healthcare": null, "craft": null, "name": "Krispy Kreme", "addr:housenumber": null, "addr:street": "14th Main Road" }, "geometry": { "type": "Point", "coordinates": [ 77.6383047, 12.9135892 ] } },
{ "type": "Feature", "properties": { "osm_id": "node/3198659800", "amenity": "atm", "shop": null, "office": null, "tourism": null, "healthcare": null, "craft": null, "name": "ICICI Bank", "addr:housenumber": null, "addr:street": null }, "geometry": { "type": "Point", "coordinates": [ 77.6338738, 12.9169799 ] } },
{ "type": "Feature", "properties": { "osm_id": "node/3207060699", "amenity": "place_of_worship", "shop": null, "office": null, "tourism": null, "healthcare": null, "craft": null, "name": null, "addr:housenumber": null, "addr:street": null }, "geometry": { "type": "Point", "coordinates": [ 77.6513686, 12.9239285 ] } },
{ "type": "Feature", "properties": { "osm_id": "node/3300149440", "amenity": "bus_station", "shop": null, "office": null, "tourism": null, "healthcare": null, "craft": null, "name": "HSR Layout", "addr:housenumber": null, "addr:street": null }, "geometry": { "type": "Point", "coordinates": [ 77.6380054, 12.9127356 ] } },
{ "type": "Feature", "properties": { "osm_id": "node/3304204495", "amenity": "restaurant", "shop": null, "office": null, "tourism": null, "healthcare": null, "craft": null, "name": "Nandini Cool Joint", "addr:housenumber": null, "addr:street": null }, "geometry": { "type": "Point", "coordinates": [ 77.6444953, 12.9110059 ] } },
{ "type": "Feature", "properties": { "osm_id": "node/3400223639", "amenity": null, "shop": "flooring", "office": null, "tourism": null, "healthcare": null, "craft": null, "name": "Sri Mahesh Ceramics", "addr:housenumber": null, "addr:street": null }, "geometry": { "type": "Point", "coordinates": [ 77.6259239, 12.9125994 ] } },
{ "type": "Feature", "properties": { "osm_id": "node/3426764769", "amenity": null, "shop": "clothes", "office": null, "tourism": null, "healthcare": null, "craft": null, "name": "W", "addr:housenumber": null, "addr:street": null }, "geometry": { "type": "Point", "coordinates": [ 77.6515856, 12.9164284 ] } },
{ "type": "Feature", "properties": { "osm_id": "node/3510874140", "amenity": "restaurant", "shop": null, "office": null, "tourism": null, "healthcare": null, "craft": null, "name": "Sharekhan Restaurant", "addr:housenumber": null, "addr:street": null }, "geometry": { "type": "Point", "coordinates": [ 77.6491667, 12.9187187 ] } },
{ "type": "Feature", "properties": { "osm_id": "node/3680311255", "amenity": "fast_food", "shop": null, "office": null, "tourism": null, "healthcare": null, "craft": null, "name": "Southinn", "addr:housenumber": null, "addr:street": null }, "geometry": { "type": "Point", "coordinates": [ 77.6326899, 12.9105606 ] } },
{ "type": "Feature", "properties": { "osm_id": "node/4067960952", "amenity": null, "shop": "car", "office": null, "tourism": null, "healthcare": null, "craft": null, "name": "Autoport", "addr:housenumber": null, "addr:street": null }, "geometry": { "type": "Point", "coordinates": [ 77.6404562, 12.923925 ] } },
{ "type": "Feature", "properties": { "osm_id": "node/4280117589", "amenity": "restaurant", "shop": null, "office": null, "tourism": null, "healthcare": null, "craft": null, "name": "Biriyani Zone", "addr:housenumber": null, "addr:street": "19th Main Road" }, "geometry": { "type": "Point", "coordinates": [ 77.6451895, 12.9202717 ] } },
{ "type": "Feature", "properties": { "osm_id": "node/4303729586", "amenity": null, "shop": null, "office": "company", "tourism": null, "healthcare": null, "craft": null, "name": "Vmoksha Technologies", "addr:housenumber": null, "addr:street": null }, "geometry": { "type": "Point", "coordinates": [ 77.6514305, 12.9234418 ] } },
{ "type": "Feature", "properties": { "osm_id": "node/4313884779", "amenity": null, "shop": null, "office": "company", "tourism": null, "healthcare": null, "craft": null, "name": "Foradian Technologies", "addr:housenumber": "#2569/665", "addr:street": "27th Main Rd, 1st Sector, HSR Layout" }, "geometry": { "type": "Point", "coordinates": [ 77.6516057, 12.9159814 ] } },
{ "type": "Feature", "properties": { "osm_id": "node/4315983818", "amenity": "fast_food", "shop": null, "office": null, "tourism": null, "healthcare": null, "craft": null, "name": "Goli Vada Pav", "addr:housenumber": null, "addr:street": "27th Main Road, HSR Layout" }, "geometry": { "type": "Point", "coordinates": [ 77.6513705, 12.9118705 ] } },
{ "type": "Feature", "properties": { "osm_id": "node/4371004691", "amenity": null, "shop": null, "office": null, "tourism": "hostel", "healthcare": null, "craft": null, "name": "Balaji PG for Boys", "addr:housenumber": "d no 555", "addr:street": "8th cross SECTOR 1 HSR LAYOUT" }, "geometry": { "type": "Point", "coordinates": [ 77.6488536, 12.9191363 ] } },
{ "type": "Feature", "properties": { "osm_id": "node/4371160389", "amenity": null, "shop": "travel_agency", "office": null, "tourism": null, "healthcare": null, "craft": null, "name": "Thrillophilia.com", "addr:housenumber": null, "addr:street": null }, "geometry": { "type": "Point", "coordinates": [ 77.6518394, 12.9186251 ] } },
{ "type": "Feature", "properties": { "osm_id": "node/4377707481", "amenity": null, "shop": "supermarket", "office": null, "tourism": null, "healthcare": null, "craft": null, "name": "Aishwarya Supermarket", "addr:housenumber": null, "addr:street": null }, "geometry": { "type": "Point", "coordinates": [ 77.6446906, 12.9083472 ] } },
{ "type": "Feature", "properties": { "osm_id": "node/4377707482", "amenity": null, "shop": "alcohol", "office": null, "tourism": null, "healthcare": null, "craft": null, "name": "Kaveri's Honey Pot", "addr:housenumber": null, "addr:street": null }, "geometry": { "type": "Point", "coordinates": [ 77.6436802, 12.9050379 ] } },
{ "type": "Feature", "properties": { "osm_id": "node/4377743080", "amenity": "school", "shop": null, "office": null, "tourism": null, "healthcare": null, "craft": null, "name": "GHPS Yellukunte", "addr:housenumber": null, "addr:street": null }, "geometry": { "type": "Point", "coordinates": [ 77.6414765, 12.9056484 ] } },
{ "type": "Feature", "properties": { "osm_id": "node/4406867615", "amenity": "bar", "shop": null, "office": null, "tourism": null, "healthcare": null, "craft": null, "name": "Mishmash", "addr:housenumber": null, "addr:street": null }, "geometry": { "type": "Point", "coordinates": [ 77.6509657, 12.9121238 ] } },
{ "type": "Feature", "properties": { "osm_id": "node/4442511855", "amenity": "hospital", "shop": null, "office": null, "tourism": null, "healthcare": null, "craft": null, "name": "Bhagavathi Hospitals Private Limited", "addr:housenumber": ".L-168", "addr:street": "HSR Layout Sector 6" }, "geometry": { "type": "Point", "coordinates": [ 77.6311505, 12.9161259 ] } },
{ "type": "Feature", "properties": { "osm_id": "node/4442661797", "amenity": "clinic", "shop": null, "office": null, "tourism": null, "healthcare": "clinic", "craft": null, "name": "Annayya Healthcare Pvt Ltd", "addr:housenumber": "14", "addr:street": "14th Main, 5th Sector, HSR Layout" }, "geometry": { "type": "Point", "coordinates": [ 77.6381293, 12.9182603 ] } },
{ "type": "Feature", "properties": { "osm_id": "node/4444433725", "amenity": "restaurant", "shop": null, "office": null, "tourism": null, "healthcare": null, "craft": null, "name": "Earth Plate", "addr:housenumber": "14", "addr:street": "17th Cross, Sector 7, HSR Layout, Bengaluru" }, "geometry": { "type": "Point", "coordinates": [ 77.637908, 12.9120592 ] } },
{ "type": "Feature", "properties": { "osm_id": "node/4445083916", "amenity": "restaurant", "shop": null, "office": null, "tourism": null, "healthcare": null, "craft": null, "name": "Reddy Restaurant", "addr:housenumber": "1131", "addr:street": "17TH CROSS,7TH SECTOR,HSRLAYOUT" }, "geometry": { "type": "Point", "coordinates": [ 77.6502115, 12.912147 ] } },
{ "type": "Feature", "properties": { "osm_id": "node/4445094274", "amenity": "restaurant", "shop": null, "office": null, "tourism": null, "healthcare": null, "craft": null, "name": "Kohinoor", "addr:housenumber": "426", "addr:street": "27th Main, 1st Sector, HSR Layout" }, "geometry": { "type": "Point", "coordinates": [ 77.6519079, 12.9174988 ] } },
{ "type": "Feature", "properties": { "osm_id": "node/4445101752", "amenity": "restaurant", "shop": null, "office": null, "tourism": null, "healthcare": null, "craft": null, "name": "The Punjabi Rasoi", "addr:housenumber": "1082", "addr:street": "18th Cross, 3rd Sector, HSR" }, "geometry": { "type": "Point", "coordinates": [ 77.6384331, 12.9118274 ] } },
{ "type": "Feature", "properties": { "osm_id": "node/4445372309", "amenity": "restaurant", "shop": null, "office": null, "tourism": null, "healthcare": null, "craft": null, "name": "Helloo Delhi", "addr:housenumber": "17", "addr:street": "18th Cross Road, Near Reliance Digital, Sector 3, HSR layout" }, "geometry": { "type": "Point", "coordinates": [ 77.6432674, 12.911789 ] } },
{ "type": "Feature", "properties": { "osm_id": "node/4445404066", "amenity": "restaurant", "shop": null, "office": null, "tourism": null, "healthcare": null, "craft": null, "name": "Fish & Fries", "addr:housenumber": "1677", "addr:street": "27th Main, 22nd Cross, Sector 2, Near NIFT College, HSR Layout" }, "geometry": { "type": "Point", "coordinates": [ 77.6515084, 12.9085132 ] } },
{ "type": "Feature", "properties": { "osm_id": "node/4445411931", "amenity": "restaurant", "shop": null, "office": null, "tourism": null, "healthcare": null, "craft": null, "name": "Cinnamon", "addr:housenumber": "78", "addr:street": "Ground Floor, Right Wing, 11th Main, 14th Cross, Behind BDA Complex, HSR" }, "geometry": { "type": "Point", "coordinates": [ 77.6367517, 12.9153185 ] } },
{ "type": "Feature", "properties": { "osm_id": "node/4445423961", "amenity": "restaurant", "shop": null, "office": null, "tourism": null, "healthcare": null, "craft": null, "name": "Tomatina", "addr:housenumber": "2631", "addr:street": "4th floor, 27th Main, Above Gold's Gym, Near CPWD Complex, Sector 1" }, "geometry": { "type": "Point", "coordinates": [ 77.6516588, 12.9153154 ] } },
{ "type": "Feature", "properties": { "osm_id": "node/4445449989", "amenity": "restaurant", "shop": null, "office": null, "tourism": null, "healthcare": null, "craft": null, "name": "Sardarji Ka Dhaba", "addr:housenumber": "67/7", "addr:street": "Rupena Agrahara, Bommanahalli" }, "geometry": { "type": "Point", "coordinates": [ 77.6262626, 12.9121011 ] } },
{ "type": "Feature", "properties": { "osm_id": "node/4445529399", "amenity": "driving_school", "shop": null, "office": null, "tourism": null, "healthcare": null, "craft": null, "name": "Maruti Pratham Motors Limited", "addr:housenumber": "235", "addr:street": "17th Cross, 19th Main Road, Sector 4, HSR Layout" }, "geometry": { "type": "Point", "coordinates": [ 77.6462847, 12.9122756 ] } },
{ "type": "Feature", "properties": { "osm_id": "node/4446826362", "amenity": "hospital", "shop": null, "office": null, "tourism": null, "healthcare": null, "craft": null, "name": "Healing Earth Multispeciality Ayurveda Hospital", "addr:housenumber": "149", "addr:street": "HSR Ring Road, 5th Sector , HSR Layout, Karnataka" }, "geometry": { "type": "Point", "coordinates": [ 77.6361865, 12.9165359 ] } },
{ "type": "Feature", "properties": { "osm_id": "node/4446833350", "amenity": "hospital", "shop": null, "office": null, "tourism": null, "healthcare": null, "craft": null, "name": "Global Ayurveda Multispeciality Hospital", "addr:housenumber": "149", "addr:street": "HSR Ring Road, 5th Sector , HSR Layout, Jakkasandra, 1st Block Koramangala, HSR Layout, Karnataka" }, "geometry": { "type": "Point", "coordinates": [ 77.6362187, 12.9165795 ] } },
{ "type": "Feature", "properties": { "osm_id": "node/4446869487", "amenity": "clinic", "shop": null, "office": null, "tourism": null, "healthcare": "clinic", "craft": null, "name": "Dr Batra's HealthCare Clinics", "addr:housenumber": "419", "addr:street": "27th Main Road" }, "geometry": { "type": "Point", "coordinates": [ 77.6518482, 12.9184267 ] } },
{ "type": "Feature", "properties": { "osm_id": "node/4448110384", "amenity": "pharmacy", "shop": null, "office": null, "tourism": null, "healthcare": null, "craft": null, "name": "Focus Diagnostics Centre & Speciality Clinics", "addr:housenumber": "167", "addr:street": "Outer Ring Road, Sector 6, HSR Layout" }, "geometry": { "type": "Point", "coordinates": [ 77.6285313, 12.9159162 ] } },
{ "type": "Feature", "properties": { "osm_id": "node/4448886964", "amenity": "restaurant", "shop": null, "office": null, "tourism": null, "healthcare": null, "craft": null, "name": "Ira Residency", "addr:housenumber": "39/13,", "addr:street": "5th Cross, Near Ibblur Bus Stop, Outer Ring Rd, Agara Village, Sector 4, HSR Layou" }, "geometry": { "type": "Point", "coordinates": [ 77.6341276, 12.9233799 ] } },
{ "type": "Feature", "properties": { "osm_id": "node/4472318420", "amenity": "police", "shop": null, "office": null, "tourism": null, "healthcare": null, "craft": null, "name": null, "addr:housenumber": null, "addr:street": null }, "geometry": { "type": "Point", "coordinates": [ 77.6368327, 12.9081741 ] } },
{ "type": "Feature", "properties": { "osm_id": "node/4487208227", "amenity": null, "shop": "clothes", "office": null, "tourism": null, "healthcare": null, "craft": null, "name": "Puma", "addr:housenumber": null, "addr:street": "27th Main Road" }, "geometry": { "type": "Point", "coordinates": [ 77.6515929, 12.916898 ] } },
{ "type": "Feature", "properties": { "osm_id": "node/4487296403", "amenity": null, "shop": "sports", "office": null, "tourism": null, "healthcare": null, "craft": null, "name": "Adidas", "addr:housenumber": "434", "addr:street": "23rd Main Road" }, "geometry": { "type": "Point", "coordinates": [ 77.6476635, 12.908209 ] } },
{ "type": "Feature", "properties": { "osm_id": "node/4487933394", "amenity": null, "shop": "sports", "office": null, "tourism": null, "healthcare": null, "craft": null, "name": "PVR Sports & Trophies", "addr:housenumber": "519", "addr:street": "24th Main Road" }, "geometry": { "type": "Point", "coordinates": [ 77.6493392, 12.9102262 ] } },
{ "type": "Feature", "properties": { "osm_id": "node/4488136102", "amenity": null, "shop": "supermarket", "office": null, "tourism": null, "healthcare": null, "craft": null, "name": "Shoba supermarket", "addr:housenumber": null, "addr:street": "9th Main Road" }, "geometry": { "type": "Point", "coordinates": [ 77.6352099, 12.9149937 ] } },
{ "type": "Feature", "properties": { "osm_id": "node/4488144701", "amenity": null, "shop": "sports", "office": null, "tourism": null, "healthcare": null, "craft": null, "name": "Avin Sports", "addr:housenumber": "2", "addr:street": "27th Main, Sector 1, Behind-Titan Eye, Hsr Layout, Bengaluru" }, "geometry": { "type": "Point", "coordinates": [ 77.6513614, 12.9222889 ] } },
{ "type": "Feature", "properties": { "osm_id": "node/4488149190", "amenity": null, "shop": "sports", "office": null, "tourism": null, "healthcare": null, "craft": null, "name": "Lets Gear Up", "addr:housenumber": "810", "addr:street": "27th Main Rd, 1st Sector, HSR Layout" }, "geometry": { "type": "Point", "coordinates": [ 77.6513649, 12.9174716 ] } },
{ "type": "Feature", "properties": { "osm_id": "node/4489763591", "amenity": null, "shop": null, "office": null, "tourism": "apartment", "healthcare": null, "craft": null, "name": "Brundavana RentMyStay", "addr:housenumber": "2224", "addr:street": "15B Cross,1st Sector, HSR Layout" }, "geometry": { "type": "Point", "coordinates": [ 77.646259, 12.9131841 ] } },
{ "type": "Feature", "properties": { "osm_id": "node/4489831271", "amenity": null, "shop": "beauty", "office": null, "tourism": null, "healthcare": null, "craft": null, "name": "Aha Unisex Spa and Salon", "addr:housenumber": "No 421, 27th Main Sector 1", "addr:street": "HSR Layout" }, "geometry": { "type": "Point", "coordinates": [ 77.6519048, 12.9184112 ] } },
{ "type": "Feature", "properties": { "osm_id": "node/4489833295", "amenity": null, "shop": "beauty", "office": null, "tourism": null, "healthcare": null, "craft": null, "name": "Kimera Wellness Spa And Salon", "addr:housenumber": "Bhagyalakshmi Square, 3rd Floor, 18th Cross", "addr:street": "17th Cross" }, "geometry": { "type": "Point", "coordinates": [ 77.6434056, 12.9117839 ] } },
{ "type": "Feature", "properties": { "osm_id": "node/4489835971", "amenity": null, "shop": "beauty", "office": null, "tourism": null, "healthcare": null, "craft": null, "name": "Naturals", "addr:housenumber": "3", "addr:street": "14th Main Road" }, "geometry": { "type": "Point", "coordinates": [ 77.6383594, 12.9147112 ] } },
{ "type": "Feature", "properties": { "osm_id": "node/4489875036", "amenity": null, "shop": "beauty", "office": null, "tourism": null, "healthcare": null, "craft": null, "name": "Magic Hands", "addr:housenumber": "No.806,Pgr Tower, 19th Main, Hsr Layout Sector 2,", "addr:street": "Hsr Layout Sector 2" }, "geometry": { "type": "Point", "coordinates": [ 77.6447689, 12.9078244 ] } },
{ "type": "Feature", "properties": { "osm_id": "node/4489889293", "amenity": null, "shop": "supermarket", "office": null, "tourism": null, "healthcare": null, "craft": null, "name": "Food Palace Supermarket", "addr:housenumber": "No.1195/1276/82,", "addr:street": "Suraamy Plaza, Outer Ring Road Bellandur, Bellandur," }, "geometry": { "type": "Point", "coordinates": [ 77.6491752, 12.9138175 ] } },
{ "type": "Feature", "properties": { "osm_id": "node/4490356400", "amenity": null, "shop": null, "office": "company", "tourism": null, "healthcare": null, "craft": null, "name": "M S Shelters Pvt Ltd", "addr:housenumber": "No 2", "addr:street": "13th Cross, Service Road, 6th Sector, Hsr Layout, Bangalore" }, "geometry": { "type": "Point", "coordinates": [ 77.6365815, 12.9155609 ] } },
{ "type": "Feature", "properties": { "osm_id": "node/4537369390", "amenity": "courthouse", "shop": null, "office": null, "tourism": null, "healthcare": null, "craft": null, "name": "Hsr layout", "addr:housenumber": "216", "addr:street": "24th Main Road" }, "geometry": { "type": "Point", "coordinates": [ 77.6486831, 12.9220052 ] } },
{ "type": "Feature", "properties": { "osm_id": "node/4565735791", "amenity": null, "shop": "convenience", "office": null, "tourism": null, "healthcare": null, "craft": null, "name": "Clay Station", "addr:housenumber": null, "addr:street": null }, "geometry": { "type": "Point", "coordinates": [ 77.6272019, 12.9160728 ] } },
{ "type": "Feature", "properties": { "osm_id": "node/4695733989", "amenity": "cafe", "shop": null, "office": null, "tourism": null, "healthcare": null, "craft": null, "name": "Agarwal Bhavan", "addr:housenumber": null, "addr:street": null }, "geometry": { "type": "Point", "coordinates": [ 77.6351438, 12.9132492 ] } },
{ "type": "Feature", "properties": { "osm_id": "node/4799061087", "amenity": null, "shop": null, "office": "company", "tourism": null, "healthcare": null, "craft": null, "name": "Zool Tech Solutions Pvt Ltd", "addr:housenumber": null, "addr:street": null }, "geometry": { "type": "Point", "coordinates": [ 77.6445912, 12.9077497 ] } },
{ "type": "Feature", "properties": { "osm_id": "node/4996563703", "amenity": null, "shop": "bakery", "office": null, "tourism": null, "healthcare": null, "craft": null, "name": "Lemoni Fresh Condiments", "addr:housenumber": null, "addr:street": "Outer Ring Road" }, "geometry": { "type": "Point", "coordinates": [ 77.6283437, 12.9171674 ] } },
{ "type": "Feature", "properties": { "osm_id": "node/5198846422", "amenity": "bar", "shop": null, "office": null, "tourism": null, "healthcare": null, "craft": null, "name": "House of Commons Rest-o-bar", "addr:housenumber": null, "addr:street": null }, "geometry": { "type": "Point", "coordinates": [ 77.6391649, 12.9118942 ] } },
{ "type": "Feature", "properties": { "osm_id": "node/5227827578", "amenity": null, "shop": null, "office": "estate_agent", "tourism": null, "healthcare": null, "craft": null, "name": "Kumari Builders and Developers", "addr:housenumber": "1197", "addr:street": "22nd Cross Road, 24th Main" }, "geometry": { "type": "Point", "coordinates": [ 77.6504838, 12.9085789 ] } },
{ "type": "Feature", "properties": { "osm_id": "node/5402224023", "amenity": "bank", "shop": null, "office": null, "tourism": null, "healthcare": null, "craft": null, "name": "State Bank of India", "addr:housenumber": null, "addr:street": null }, "geometry": { "type": "Point", "coordinates": [ 77.6271039, 12.9105609 ] } },
{ "type": "Feature", "properties": { "osm_id": "node/5402307922", "amenity": null, "shop": "car_repair", "office": null, "tourism": null, "healthcare": null, "craft": null, "name": "Garage Renault", "addr:housenumber": null, "addr:street": null }, "geometry": { "type": "Point", "coordinates": [ 77.6250349, 12.9142555 ] } },
{ "type": "Feature", "properties": { "osm_id": "node/5402308122", "amenity": null, "shop": "car_repair", "office": null, "tourism": null, "healthcare": null, "craft": null, "name": "Isuzu", "addr:housenumber": null, "addr:street": null }, "geometry": { "type": "Point", "coordinates": [ 77.6247856, 12.9144055 ] } },
{ "type": "Feature", "properties": { "osm_id": "node/5402308123", "amenity": null, "shop": "motorcycle", "office": null, "tourism": null, "healthcare": null, "craft": null, "name": "Ananda Honda", "addr:housenumber": null, "addr:street": null }, "geometry": { "type": "Point", "coordinates": [ 77.627487, 12.9100294 ] } },
{ "type": "Feature", "properties": { "osm_id": "node/5668887124", "amenity": null, "shop": null, "office": "it", "tourism": null, "healthcare": null, "craft": null, "name": "codemancers", "addr:housenumber": null, "addr:street": "27th Main Road" }, "geometry": { "type": "Point", "coordinates": [ 77.6516183, 12.9082067 ] } },
{ "type": "Feature", "properties": { "osm_id": "node/5780841177", "amenity": null, "shop": "bicycle", "office": null, "tourism": null, "healthcare": null, "craft": null, "name": "Track and Trail", "addr:housenumber": "1585", "addr:street": "27th Main Road, HSR Layout, Sector 2" }, "geometry": { "type": "Point", "coordinates": [ 77.6511262, 12.905697 ] } },
{ "type": "Feature", "properties": { "osm_id": "node/5784276606", "amenity": null, "shop": "supermarket", "office": null, "tourism": null, "healthcare": null, "craft": null, "name": null, "addr:housenumber": null, "addr:street": null }, "geometry": { "type": "Point", "coordinates": [ 77.6510831, 12.9056908 ] } },
{ "type": "Feature", "properties": { "osm_id": "node/5824776414", "amenity": "cafe", "shop": null, "office": null, "tourism": null, "healthcare": null, "craft": null, "name": "Cafe Coffee Day", "addr:housenumber": "No. 451", "addr:street": "17th Cross Road" }, "geometry": { "type": "Point", "coordinates": [ 77.6415145, 12.9124456 ] } },
{ "type": "Feature", "properties": { "osm_id": "node/5840922366", "amenity": null, "shop": "department_store", "office": null, "tourism": null, "healthcare": null, "craft": null, "name": "Grocery Market", "addr:housenumber": null, "addr:street": null }, "geometry": { "type": "Point", "coordinates": [ 77.6429444, 12.912357 ] } },
{ "type": "Feature", "properties": { "osm_id": "node/5922023349", "amenity": null, "shop": null, "office": "company", "tourism": null, "healthcare": null, "craft": null, "name": "GeoSpark", "addr:housenumber": null, "addr:street": null }, "geometry": { "type": "Point", "coordinates": [ 77.6354985, 12.9144825 ] } },
{ "type": "Feature", "properties": { "osm_id": "node/5961217500", "amenity": null, "shop": "clothes", "office": null, "tourism": null, "healthcare": null, "craft": null, "name": "Indian Terrain", "addr:housenumber": null, "addr:street": null }, "geometry": { "type": "Point", "coordinates": [ 77.6513338, 12.9225324 ] } },
{ "type": "Feature", "properties": { "osm_id": "node/5961237643", "amenity": "cafe", "shop": null, "office": null, "tourism": null, "healthcare": null, "craft": null, "name": "Cafe Coffee Day", "addr:housenumber": null, "addr:street": null }, "geometry": { "type": "Point", "coordinates": [ 77.6519142, 12.9162445 ] } },
{ "type": "Feature", "properties": { "osm_id": "node/5961239398", "amenity": "fast_food", "shop": null, "office": null, "tourism": null, "healthcare": null, "craft": null, "name": "Belgian Waffles", "addr:housenumber": null, "addr:street": null }, "geometry": { "type": "Point", "coordinates": [ 77.6519293, 12.9161291 ] } },
{ "type": "Feature", "properties": { "osm_id": "node/5961262331", "amenity": "ice_cream", "shop": null, "office": null, "tourism": null, "healthcare": null, "craft": null, "name": "Cream and Stone", "addr:housenumber": null, "addr:street": null }, "geometry": { "type": "Point", "coordinates": [ 77.6386317, 12.9124823 ] } },
{ "type": "Feature", "properties": { "osm_id": "node/5961264219", "amenity": "bank", "shop": null, "office": null, "tourism": null, "healthcare": null, "craft": null, "name": "Yes Bank", "addr:housenumber": null, "addr:street": null }, "geometry": { "type": "Point", "coordinates": [ 77.6387009, 12.9124277 ] } },
{ "type": "Feature", "properties": { "osm_id": "node/5961324191", "amenity": "clinic", "shop": null, "office": null, "tourism": null, "healthcare": "clinic", "craft": null, "name": "Apollo Clinic", "addr:housenumber": null, "addr:street": null }, "geometry": { "type": "Point", "coordinates": [ 77.6366855, 12.9138052 ] } },
{ "type": "Feature", "properties": { "osm_id": "node/5961493019", "amenity": null, "shop": "electronics", "office": null, "tourism": null, "healthcare": null, "craft": null, "name": "iMagine", "addr:housenumber": null, "addr:street": "27th Main Road" }, "geometry": { "type": "Point", "coordinates": [ 77.6519226, 12.916748 ] } },
{ "type": "Feature", "properties": { "osm_id": "node/5984919168", "amenity": "restaurant", "shop": null, "office": null, "tourism": null, "healthcare": null, "craft": null, "name": "Hotel Tanish", "addr:housenumber": "1811", "addr:street": "13th Cross Road" }, "geometry": { "type": "Point", "coordinates": [ 77.6468534, 12.9156309 ] } },
{ "type": "Feature", "properties": { "osm_id": "node/5984934294", "amenity": null, "shop": "supermarket", "office": null, "tourism": null, "healthcare": null, "craft": null, "name": "Maha Bazaar", "addr:housenumber": "1027", "addr:street": "24th Main Road" }, "geometry": { "type": "Point", "coordinates": [ 77.6493143, 12.9173946 ] } },
{ "type": "Feature", "properties": { "osm_id": "node/6013826796", "amenity": null, "shop": null, "office": "company", "tourism": null, "healthcare": null, "craft": null, "name": "Wizely office", "addr:housenumber": "#C-10", "addr:street": "1st c main" }, "geometry": { "type": "Point", "coordinates": [ 77.6269344, 12.9155822 ] } },
{ "type": "Feature", "properties": { "osm_id": "node/6137182616", "amenity": null, "shop": "electronics", "office": null, "tourism": null, "healthcare": null, "craft": null, "name": "TCL", "addr:housenumber": null, "addr:street": null }, "geometry": { "type": "Point", "coordinates": [ 77.6518224, 12.9203883 ] } },
{ "type": "Feature", "properties": { "osm_id": "node/6137183110", "amenity": null, "shop": "clothes", "office": null, "tourism": null, "healthcare": null, "craft": null, "name": "Celio", "addr:housenumber": null, "addr:street": null }, "geometry": { "type": "Point", "coordinates": [ 77.6517895, 12.9200838 ] } },
{ "type": "Feature", "properties": { "osm_id": "node/6137186787", "amenity": "bicycle_parking", "shop": null, "office": null, "tourism": null, "healthcare": null, "craft": null, "name": null, "addr:housenumber": null, "addr:street": null }, "geometry": { "type": "Point", "coordinates": [ 77.6517878, 12.918021 ] } },
{ "type": "Feature", "properties": { "osm_id": "node/6204917485", "amenity": null, "shop": "supermarket", "office": null, "tourism": null, "healthcare": null, "craft": null, "name": "Organic World", "addr:housenumber": null, "addr:street": null }, "geometry": { "type": "Point", "coordinates": [ 77.6514532, 12.9118073 ] } },
{ "type": "Feature", "properties": { "osm_id": "node/6204918826", "amenity": "coworking_space", "shop": null, "office": null, "tourism": null, "healthcare": null, "craft": null, "name": "Workshala", "addr:housenumber": null, "addr:street": null }, "geometry": { "type": "Point", "coordinates": [ 77.6444415, 12.9123124 ] } },
{ "type": "Feature", "properties": { "osm_id": "node/6209860334", "amenity": "restaurant", "shop": null, "office": null, "tourism": null, "healthcare": null, "craft": null, "name": "Arogya Ahaara Takeaway", "addr:housenumber": null, "addr:street": "13th Main Road,jakkasandra, 1st Block Koramangala, 5th Sector,HSR Layout" }, "geometry": { "type": "Point", "coordinates": [ 77.6378597, 12.9180605 ] } },
{ "type": "Feature", "properties": { "osm_id": "node/6346914856", "amenity": "school", "shop": null, "office": null, "tourism": null, "healthcare": null, "craft": null, "name": "GHPS Agara", "addr:housenumber": null, "addr:street": null }, "geometry": { "type": "Point", "coordinates": [ 77.6501646, 12.9237787 ] } },
{ "type": "Feature", "properties": { "osm_id": "node/6348976690", "amenity": "school", "shop": null, "office": null, "tourism": null, "healthcare": null, "craft": null, "name": "Chikanna Madevi HPS Venkatapur", "addr:housenumber": null, "addr:street": null }, "geometry": { "type": "Point", "coordinates": [ 77.6363478, 12.9217806 ] } },
{ "type": "Feature", "properties": { "osm_id": "node/6400226653", "amenity": "school", "shop": null, "office": null, "tourism": null, "healthcare": null, "craft": null, "name": "Brilliant HPS HSR Layout, BBMP Agara", "addr:housenumber": null, "addr:street": null }, "geometry": { "type": "Point", "coordinates": [ 77.648656, 12.9177887 ] } },
{ "type": "Feature", "properties": { "osm_id": "node/6400279714", "amenity": "school", "shop": null, "office": null, "tourism": null, "healthcare": null, "craft": null, "name": "GULPS Parangipalya, BBMP Agara", "addr:housenumber": null, "addr:street": null }, "geometry": { "type": "Point", "coordinates": [ 77.650152, 12.9097245 ] } },
{ "type": "Feature", "properties": { "osm_id": "node/6400298824", "amenity": "school", "shop": null, "office": null, "tourism": null, "healthcare": null, "craft": null, "name": "Mount Carmel EHPS HSR Layout, BBMP Agara", "addr:housenumber": null, "addr:street": null }, "geometry": { "type": "Point", "coordinates": [ 77.6484692, 12.9137798 ] } },
{ "type": "Feature", "properties": { "osm_id": "node/6485705387", "amenity": null, "shop": null, "office": "company", "tourism": null, "healthcare": null, "craft": null, "name": "Playlyfe", "addr:housenumber": "#758", "addr:street": "19th Main Road, 14th Cross, Sector 2, HSR Layout" }, "geometry": { "type": "Point", "coordinates": [ 77.64474, 12.90991 ] } },
{ "type": "Feature", "properties": { "osm_id": "node/6494851124", "amenity": "school", "shop": null, "office": null, "tourism": null, "healthcare": null, "craft": null, "name": "EHPS Baldwin School", "addr:housenumber": null, "addr:street": null }, "geometry": { "type": "Point", "coordinates": [ 77.6357046, 12.9102228 ] } },
{ "type": "Feature", "properties": { "osm_id": "node/6536971001", "amenity": "school", "shop": null, "office": null, "tourism": null, "healthcare": null, "craft": null, "name": null, "addr:housenumber": null, "addr:street": null }, "geometry": { "type": "Point", "coordinates": [ 77.6368501, 12.9176584 ] } },
{ "type": "Feature", "properties": { "osm_id": "node/6544146352", "amenity": "school", "shop": null, "office": null, "tourism": null, "healthcare": null, "craft": null, "name": "Goldwyn Memorial Pub Sch Jakka, Madiwala", "addr:housenumber": null, "addr:street": null }, "geometry": { "type": "Point", "coordinates": [ 77.6364709, 12.923222 ] } },
{ "type": "Feature", "properties": { "osm_id": "node/6601865346", "amenity": null, "shop": "clothes", "office": null, "tourism": null, "healthcare": null, "craft": null, "name": "SRK weavers", "addr:housenumber": null, "addr:street": null }, "geometry": { "type": "Point", "coordinates": [ 77.6353479, 12.9119441 ] } },
{ "type": "Feature", "properties": { "osm_id": "node/6601876144", "amenity": null, "shop": "clothes", "office": null, "tourism": null, "healthcare": null, "craft": null, "name": "Srirangam", "addr:housenumber": null, "addr:street": null }, "geometry": { "type": "Point", "coordinates": [ 77.6353944, 12.9121685 ] } },
{ "type": "Feature", "properties": { "osm_id": "node/6601882386", "amenity": null, "shop": "clothes", "office": null, "tourism": null, "healthcare": null, "craft": null, "name": "Kapas", "addr:housenumber": null, "addr:street": null }, "geometry": { "type": "Point", "coordinates": [ 77.647847, 12.912086 ] } },
{ "type": "Feature", "properties": { "osm_id": "node/6601884724", "amenity": "restaurant", "shop": null, "office": null, "tourism": null, "healthcare": null, "craft": null, "name": "Udaan", "addr:housenumber": null, "addr:street": null }, "geometry": { "type": "Point", "coordinates": [ 77.643421, 12.9116699 ] } },
{ "type": "Feature", "properties": { "osm_id": "node/6601884725", "amenity": null, "shop": null, "office": "company", "tourism": null, "healthcare": null, "craft": null, "name": "Tila", "addr:housenumber": null, "addr:street": null }, "geometry": { "type": "Point", "coordinates": [ 77.6431885, 12.9118145 ] } },
{ "type": "Feature", "properties": { "osm_id": "node/6616983911", "amenity": null, "shop": null, "office": "company", "tourism": null, "healthcare": null, "craft": null, "name": "Arzoo", "addr:housenumber": null, "addr:street": null }, "geometry": { "type": "Point", "coordinates": [ 77.6517249, 12.9096427 ] } },
{ "type": "Feature", "properties": { "osm_id": "node/6616986483", "amenity": "ice_cream", "shop": null, "office": null, "tourism": null, "healthcare": null, "craft": null, "name": "Corner House", "addr:housenumber": null, "addr:street": null }, "geometry": { "type": "Point", "coordinates": [ 77.6517528, 12.9099641 ] } },
{ "type": "Feature", "properties": { "osm_id": "node/6617029390", "amenity": null, "shop": "optician", "office": null, "tourism": null, "healthcare": null, "craft": null, "name": "Titan", "addr:housenumber": null, "addr:street": null }, "geometry": { "type": "Point", "coordinates": [ 77.6513634, 12.9218517 ] } },
{ "type": "Feature", "properties": { "osm_id": "node/6690688892", "amenity": "school", "shop": null, "office": null, "tourism": null, "healthcare": null, "craft": null, "name": "Aditya Venkatapura, Madiwala", "addr:housenumber": null, "addr:street": null }, "geometry": { "type": "Point", "coordinates": [ 77.6330233, 12.9173053 ] } },
{ "type": "Feature", "properties": { "osm_id": "node/6702684880", "amenity": "school", "shop": null, "office": null, "tourism": null, "healthcare": null, "craft": null, "name": "Carmel Garden Public School", "addr:housenumber": null, "addr:street": null }, "geometry": { "type": "Point", "coordinates": [ 77.6319494, 12.9172814 ] } },
{ "type": "Feature", "properties": { "osm_id": "node/6782785279", "amenity": "bicycle_rental", "shop": null, "office": null, "tourism": null, "healthcare": null, "craft": null, "name": "Yulu Zone", "addr:housenumber": null, "addr:street": null }, "geometry": { "type": "Point", "coordinates": [ 77.6377162, 12.9123832 ] } },
{ "type": "Feature", "properties": { "osm_id": "node/6869474285", "amenity": null, "shop": null, "office": "company", "tourism": null, "healthcare": null, "craft": null, "name": "Hexagon Global", "addr:housenumber": "1236", "addr:street": "18th Cross Road" }, "geometry": { "type": "Point", "coordinates": [ 77.6320337, 12.9115308 ] } },
{ "type": "Feature", "properties": { "osm_id": "node/6871418831", "amenity": null, "shop": null, "office": "company", "tourism": null, "healthcare": null, "craft": null, "name": "Capillary Technologies", "addr:housenumber": null, "addr:street": null }, "geometry": { "type": "Point", "coordinates": [ 77.6257144, 12.9131875 ] } },
{ "type": "Feature", "properties": { "osm_id": "node/6877176218", "amenity": null, "shop": "jewelry", "office": null, "tourism": null, "healthcare": null, "craft": null, "name": "Mangal Jewellers", "addr:housenumber": null, "addr:street": "24th Main Road" }, "geometry": { "type": "Point", "coordinates": [ 77.6493427, 12.9209248 ] } },
{ "type": "Feature", "properties": { "osm_id": "node/6938819159", "amenity": "clinic", "shop": null, "office": null, "tourism": null, "healthcare": "clinic", "craft": null, "name": "Sankalp Netralaya and Polyclinic", "addr:housenumber": null, "addr:street": null }, "geometry": { "type": "Point", "coordinates": [ 77.6448494, 12.9132125 ] } },
{ "type": "Feature", "properties": { "osm_id": "node/6944290482", "amenity": "hospital", "shop": null, "office": null, "tourism": null, "healthcare": null, "craft": null, "name": "Bhagavathi Multi Speciality Hospital", "addr:housenumber": null, "addr:street": null }, "geometry": { "type": "Point", "coordinates": [ 77.6308219, 12.9160636 ] } },
{ "type": "Feature", "properties": { "osm_id": "node/6944578918", "amenity": "doctors", "shop": null, "office": null, "tourism": null, "healthcare": "doctor", "craft": null, "name": "Vasan Eye Care Hospital HSR Layout", "addr:housenumber": null, "addr:street": null }, "geometry": { "type": "Point", "coordinates": [ 77.6347685, 12.9121673 ] } },
{ "type": "Feature", "properties": { "osm_id": "node/6959716598", "amenity": "restaurant", "shop": null, "office": null, "tourism": null, "healthcare": null, "craft": null, "name": "Dindigul Thalapakkatti", "addr:housenumber": "1", "addr:street": "17th Cross Road" }, "geometry": { "type": "Point", "coordinates": [ 77.6379727, 12.9121078 ] } },
{ "type": "Feature", "properties": { "osm_id": "node/7031782791", "amenity": null, "shop": "gift", "office": null, "tourism": null, "healthcare": null, "craft": null, "name": "Jute Cottage", "addr:housenumber": null, "addr:street": null }, "geometry": { "type": "Point", "coordinates": [ 77.6520627, 12.9095465 ] } },
{ "type": "Feature", "properties": { "osm_id": "node/7085456425", "amenity": null, "shop": null, "office": "company", "tourism": null, "healthcare": null, "craft": null, "name": "Udaan", "addr:housenumber": null, "addr:street": null }, "geometry": { "type": "Point", "coordinates": [ 77.6403914, 12.9118878 ] } },
{ "type": "Feature", "properties": { "osm_id": "node/7085461657", "amenity": null, "shop": null, "office": "coworking", "tourism": null, "healthcare": null, "craft": null, "name": "Hustle Hub", "addr:housenumber": null, "addr:street": null }, "geometry": { "type": "Point", "coordinates": [ 77.6449872, 12.9161045 ] } },
{ "type": "Feature", "properties": { "osm_id": "node/7085464942", "amenity": "cafe", "shop": null, "office": null, "tourism": null, "healthcare": null, "craft": null, "name": "Pappu Chaiwala", "addr:housenumber": null, "addr:street": null }, "geometry": { "type": "Point", "coordinates": [ 77.6445226, 12.913213 ] } },
{ "type": "Feature", "properties": { "osm_id": "node/7085465358", "amenity": "restaurant", "shop": null, "office": null, "tourism": null, "healthcare": null, "craft": null, "name": "Rebarbiq", "addr:housenumber": null, "addr:street": null }, "geometry": { "type": "Point", "coordinates": [ 77.6425923, 12.9123452 ] } },
{ "type": "Feature", "properties": { "osm_id": "node/7085470153", "amenity": "cafe", "shop": null, "office": null, "tourism": null, "healthcare": null, "craft": null, "name": "Lassi Treat", "addr:housenumber": null, "addr:street": null }, "geometry": { "type": "Point", "coordinates": [ 77.6449309, 12.9163542 ] } },
{ "type": "Feature", "properties": { "osm_id": "node/7085471354", "amenity": null, "shop": null, "office": null, "tourism": null, "healthcare": null, "craft": "basket_maker", "name": "Tarang", "addr:housenumber": null, "addr:street": null }, "geometry": { "type": "Point", "coordinates": [ 77.6383355, 12.9145699 ] } },
{ "type": "Feature", "properties": { "osm_id": "node/7087460575", "amenity": null, "shop": null, "office": "educational_institution", "tourism": null, "healthcare": null, "craft": null, "name": "The Final Sem", "addr:housenumber": "No. 734, 3rd Floor ,15th ‘A’ Main, 22nd Cross, Club Road,HSR Layout, Sector 3,Bangalore, Karnataka", "addr:street": null }, "geometry": { "type": "Point", "coordinates": [ 77.6398674, 12.9092342 ] } },
{ "type": "Feature", "properties": { "osm_id": "node/7087524162", "amenity": null, "shop": null, "office": null, "tourism": null, "healthcare": null, "craft": "cleaning", "name": "V3 Care", "addr:housenumber": "2296", "addr:street": "24th Main Road" }, "geometry": { "type": "Point", "coordinates": [ 77.6488239, 12.9125573 ] } },
{ "type": "Feature", "properties": { "osm_id": "node/7118976618", "amenity": "place_of_worship", "shop": null, "office": null, "tourism": null, "healthcare": null, "craft": null, "name": "Buddha Yoga Mandir", "addr:housenumber": null, "addr:street": null }, "geometry": { "type": "Point", "coordinates": [ 77.6398824, 12.9109556 ] } },
{ "type": "Feature", "properties": { "osm_id": "node/7202724053", "amenity": null, "shop": null, "office": null, "tourism": null, "healthcare": "centre", "craft": null, "name": "Agara uphc", "addr:housenumber": null, "addr:street": null }, "geometry": { "type": "Point", "coordinates": [ 77.6493802, 12.9240684 ] } },
{ "type": "Feature", "properties": { "osm_id": "node/7218434663", "amenity": null, "shop": null, "office": "company", "tourism": null, "healthcare": null, "craft": null, "name": "kognitiv_", "addr:housenumber": "164", "addr:street": "9th Main Road" }, "geometry": { "type": "Point", "coordinates": [ 77.6355359, 12.9144593 ] } },
{ "type": "Feature", "properties": { "osm_id": "node/7294283006", "amenity": null, "shop": "furniture", "office": null, "tourism": null, "healthcare": null, "craft": null, "name": "Royal Oak", "addr:housenumber": null, "addr:street": null }, "geometry": { "type": "Point", "coordinates": [ 77.6474994, 12.9238084 ] } },
{ "type": "Feature", "properties": { "osm_id": "node/7294283007", "amenity": "fast_food", "shop": null, "office": null, "tourism": null, "healthcare": null, "craft": null, "name": "Domino's", "addr:housenumber": null, "addr:street": null }, "geometry": { "type": "Point", "coordinates": [ 77.6471347, 12.9235705 ] } },
{ "type": "Feature", "properties": { "osm_id": "node/7294283044", "amenity": null, "shop": null, "office": "estate_agent", "tourism": null, "healthcare": null, "craft": null, "name": "BuildNext", "addr:housenumber": "L-151", "addr:street": "14th Cross Road" }, "geometry": { "type": "Point", "coordinates": [ 77.6321773, 12.9157223 ] } },
{ "type": "Feature", "properties": { "osm_id": "node/7294283050", "amenity": null, "shop": "car", "office": null, "tourism": null, "healthcare": null, "craft": null, "name": "Škoda", "addr:housenumber": null, "addr:street": null }, "geometry": { "type": "Point", "coordinates": [ 77.6281339, 12.9172609 ] } },
{ "type": "Feature", "properties": { "osm_id": "node/7294283054", "amenity": null, "shop": "motorcycle", "office": null, "tourism": null, "healthcare": null, "craft": null, "name": "Mahindra", "addr:housenumber": null, "addr:street": null }, "geometry": { "type": "Point", "coordinates": [ 77.6248053, 12.9180556 ] } },
{ "type": "Feature", "properties": { "osm_id": "node/7294283058", "amenity": "coworking_space", "shop": null, "office": "coworking", "tourism": null, "healthcare": null, "craft": null, "name": "BHIVE Workspace", "addr:housenumber": null, "addr:street": "Outer Ring Road" }, "geometry": { "type": "Point", "coordinates": [ 77.624584, 12.9180295 ] } },
{ "type": "Feature", "properties": { "osm_id": "node/7294283059", "amenity": null, "shop": "furniture", "office": null, "tourism": null, "healthcare": null, "craft": null, "name": "Comfold", "addr:housenumber": "192", "addr:street": "Outer Ring Road" }, "geometry": { "type": "Point", "coordinates": [ 77.6242849, 12.9179053 ] } },
{ "type": "Feature", "properties": { "osm_id": "node/7294299935", "amenity": "restaurant", "shop": null, "office": null, "tourism": null, "healthcare": null, "craft": null, "name": "Lounge 189", "addr:housenumber": null, "addr:street": null }, "geometry": { "type": "Point", "coordinates": [ 77.6238799, 12.9179105 ] } },
{ "type": "Feature", "properties": { "osm_id": "node/7294299936", "amenity": "restaurant", "shop": null, "office": null, "tourism": null, "healthcare": null, "craft": null, "name": "The Aroma", "addr:housenumber": null, "addr:street": null }, "geometry": { "type": "Point", "coordinates": [ 77.6241066, 12.9178543 ] } },
{ "type": "Feature", "properties": { "osm_id": "node/7294299937", "amenity": "cafe", "shop": null, "office": null, "tourism": null, "healthcare": null, "craft": null, "name": "Cafe Awesome", "addr:housenumber": null, "addr:street": null }, "geometry": { "type": "Point", "coordinates": [ 77.6237981, 12.9178269 ] } },
{ "type": "Feature", "properties": { "osm_id": "node/8178641673", "amenity": null, "shop": null, "office": null, "tourism": "apartment", "healthcare": null, "craft": null, "name": "Zolo Park View", "addr:housenumber": "Near to BDA Complex", "addr:street": "Sector 4, HSR Layout" }, "geometry": { "type": "Point", "coordinates": [ 77.6402199, 12.9139248 ] } },
{ "type": "Feature", "properties": { "osm_id": "node/8240285264", "amenity": null, "shop": "butcher", "office": null, "tourism": null, "healthcare": null, "craft": null, "name": "Meisterwurst German Sausages and Cuts", "addr:housenumber": null, "addr:street": null }, "geometry": { "type": "Point", "coordinates": [ 77.6325783, 12.9143367 ] } },
{ "type": "Feature", "properties": { "osm_id": "node/8252529146", "amenity": "cafe", "shop": null, "office": null, "tourism": null, "healthcare": null, "craft": null, "name": "Go Native HSR", "addr:housenumber": null, "addr:street": "14th Main Road" }, "geometry": { "type": "Point", "coordinates": [ 77.6383239, 12.9133296 ] } },
{ "type": "Feature", "properties": { "osm_id": "node/8424469096", "amenity": null, "shop": null, "office": null, "tourism": "apartment", "healthcare": null, "craft": null, "name": "Zolo Enigma", "addr:housenumber": "1804", "addr:street": "13th Cross Road" }, "geometry": { "type": "Point", "coordinates": [ 77.64611, 12.9155664 ] } },
{ "type": "Feature", "properties": { "osm_id": "node/9312685207", "amenity": "restaurant", "shop": null, "office": null, "tourism": null, "healthcare": null, "craft": null, "name": "Cafe 27", "addr:housenumber": null, "addr:street": null }, "geometry": { "type": "Point", "coordinates": [ 77.6522374, 12.9113501 ] } },
{ "type": "Feature", "properties": { "osm_id": "node/9312716290", "amenity": "cafe", "shop": "tea", "office": null, "tourism": null, "healthcare": null, "craft": null, "name": "Chai Point", "addr:housenumber": null, "addr:street": null }, "geometry": { "type": "Point", "coordinates": [ 77.6520113, 12.9126498 ] } },
{ "type": "Feature", "properties": { "osm_id": "node/9514389117", "amenity": "restaurant", "shop": null, "office": null, "tourism": null, "healthcare": null, "craft": null, "name": "You Me And Tea", "addr:housenumber": null, "addr:street": null }, "geometry": { "type": "Point", "coordinates": [ 77.6517168, 12.9089414 ] } },
{ "type": "Feature", "properties": { "osm_id": "node/9648977217", "amenity": null, "shop": null, "office": "company", "tourism": null, "healthcare": null, "craft": null, "name": "Uncle Delivery Express", "addr:housenumber": null, "addr:street": null }, "geometry": { "type": "Point", "coordinates": [ 77.6333003, 12.9123154 ] } },
{ "type": "Feature", "properties": { "osm_id": "node/9648977317", "amenity": null, "shop": null, "office": "company", "tourism": null, "healthcare": null, "craft": null, "name": "Crestaerospace", "addr:housenumber": null, "addr:street": null }, "geometry": { "type": "Point", "coordinates": [ 77.6333884, 12.9122964 ] } },
{ "type": "Feature", "properties": { "osm_id": "node/9648979517", "amenity": null, "shop": "clothes", "office": null, "tourism": null, "healthcare": null, "craft": null, "name": "Louis Philippe Factory Outlet", "addr:housenumber": null, "addr:street": null }, "geometry": { "type": "Point", "coordinates": [ 77.6333343, 12.9122935 ] } },
{ "type": "Feature", "properties": { "osm_id": "node/9649527545", "amenity": null, "shop": "clothes", "office": null, "tourism": null, "healthcare": null, "craft": null, "name": "Ramraj", "addr:housenumber": null, "addr:street": null }, "geometry": { "type": "Point", "coordinates": [ 77.6517306, 12.9108583 ] } },
{ "type": "Feature", "properties": { "osm_id": "node/9649527550", "amenity": null, "shop": null, "office": "company", "tourism": null, "healthcare": null, "craft": null, "name": "Cybrilla", "addr:housenumber": "1660", "addr:street": "27th Main Road" }, "geometry": { "type": "Point", "coordinates": [ 77.6516877, 12.9105563 ] } },
{ "type": "Feature", "properties": { "osm_id": "node/9649527840", "amenity": "fast_food", "shop": null, "office": null, "tourism": null, "healthcare": null, "craft": null, "name": "Burger King", "addr:housenumber": null, "addr:street": null }, "geometry": { "type": "Point", "coordinates": [ 77.6382861, 12.9119001 ] } },
{ "type": "Feature", "properties": { "osm_id": "node/9649527841", "amenity": "fast_food", "shop": null, "office": null, "tourism": null, "healthcare": null, "craft": null, "name": "Popeyes", "addr:housenumber": null, "addr:street": null }, "geometry": { "type": "Point", "coordinates": [ 77.6378046, 12.9121563 ] } },
{ "type": "Feature", "properties": { "osm_id": "node/9649527842", "amenity": "cafe", "shop": null, "office": null, "tourism": null, "healthcare": null, "craft": null, "name": "The Pet People Cafe", "addr:housenumber": null, "addr:street": null }, "geometry": { "type": "Point", "coordinates": [ 77.6445048, 12.9127406 ] } },
{ "type": "Feature", "properties": { "osm_id": "node/9649527853", "amenity": "cafe", "shop": null, "office": null, "tourism": null, "healthcare": null, "craft": null, "name": "Starbucks", "addr:housenumber": null, "addr:street": null }, "geometry": { "type": "Point", "coordinates": [ 77.6508737, 12.9121236 ] } },
{ "type": "Feature", "properties": { "osm_id": "node/9649527854", "amenity": "restaurant", "shop": null, "office": null, "tourism": null, "healthcare": null, "craft": null, "name": "Onesta", "addr:housenumber": null, "addr:street": null }, "geometry": { "type": "Point", "coordinates": [ 77.6517119, 12.9122779 ] } },
{ "type": "Feature", "properties": { "osm_id": "node/9649527855", "amenity": "fast_food", "shop": null, "office": null, "tourism": null, "healthcare": null, "craft": null, "name": "Domino's", "addr:housenumber": null, "addr:street": null }, "geometry": { "type": "Point", "coordinates": [ 77.6520009, 12.9128583 ] } },
{ "type": "Feature", "properties": { "osm_id": "node/9649527860", "amenity": "fast_food", "shop": null, "office": null, "tourism": null, "healthcare": null, "craft": null, "name": "Juice Shop", "addr:housenumber": null, "addr:street": null }, "geometry": { "type": "Point", "coordinates": [ 77.6507878, 12.9087132 ] } },
{ "type": "Feature", "properties": { "osm_id": "node/9649527870", "amenity": null, "shop": "clothes", "office": null, "tourism": null, "healthcare": null, "craft": null, "name": "KLM Fashion", "addr:housenumber": null, "addr:street": null }, "geometry": { "type": "Point", "coordinates": [ 77.6517078, 12.9084399 ] } },
{ "type": "Feature", "properties": { "osm_id": "node/9649527871", "amenity": "restaurant", "shop": null, "office": null, "tourism": null, "healthcare": null, "craft": null, "name": "Kapoor's Cafe", "addr:housenumber": null, "addr:street": null }, "geometry": { "type": "Point", "coordinates": [ 77.6519331, 12.9080295 ] } },
{ "type": "Feature", "properties": { "osm_id": "node/9796708090", "amenity": "restaurant", "shop": null, "office": null, "tourism": null, "healthcare": null, "craft": null, "name": "Annapurna Andhra Veg", "addr:housenumber": null, "addr:street": null }, "geometry": { "type": "Point", "coordinates": [ 77.6399027, 12.91459 ] } },
{ "type": "Feature", "properties": { "osm_id": "node/9796708091", "amenity": null, "shop": "shoes", "office": null, "tourism": null, "healthcare": null, "craft": null, "name": "Bata", "addr:housenumber": null, "addr:street": null }, "geometry": { "type": "Point", "coordinates": [ 77.6383274, 12.9141671 ] } },
{ "type": "Feature", "properties": { "osm_id": "node/9833465619", "amenity": null, "shop": null, "office": "government", "tourism": null, "healthcare": null, "craft": null, "name": "Bangalore One", "addr:housenumber": null, "addr:street": null }, "geometry": { "type": "Point", "coordinates": [ 77.6491947, 12.9127764 ] } },
{ "type": "Feature", "properties": { "osm_id": "node/9833465632", "amenity": "pharmacy", "shop": null, "office": null, "tourism": null, "healthcare": "clinic", "craft": null, "name": "Apollo Pharamacy", "addr:housenumber": null, "addr:street": null }, "geometry": { "type": "Point", "coordinates": [ 77.6491004, 12.9133573 ] } },
{ "type": "Feature", "properties": { "osm_id": "node/9833465653", "amenity": null, "shop": null, "office": null, "tourism": "hotel", "healthcare": null, "craft": null, "name": "Astra Hotels and Suits", "addr:housenumber": null, "addr:street": null }, "geometry": { "type": "Point", "coordinates": [ 77.6513844, 12.9229069 ] } },
{ "type": "Feature", "properties": { "osm_id": "node/9833465654", "amenity": null, "shop": "clothes", "office": null, "tourism": null, "healthcare": null, "craft": null, "name": "Planet Fasion", "addr:housenumber": null, "addr:street": null }, "geometry": { "type": "Point", "coordinates": [ 77.6513382, 12.9224627 ] } },
{ "type": "Feature", "properties": { "osm_id": "node/9833465655", "amenity": "bank", "shop": null, "office": null, "tourism": null, "healthcare": null, "craft": null, "name": "IDFC First Bank", "addr:housenumber": null, "addr:street": null }, "geometry": { "type": "Point", "coordinates": [ 77.6513571, 12.9220705 ] } },
{ "type": "Feature", "properties": { "osm_id": "node/9833465656", "amenity": null, "shop": "electronics", "office": null, "tourism": null, "healthcare": null, "craft": null, "name": "Pai International", "addr:housenumber": null, "addr:street": null }, "geometry": { "type": "Point", "coordinates": [ 77.6514509, 12.9191574 ] } },
{ "type": "Feature", "properties": { "osm_id": "node/9833465657", "amenity": null, "shop": "copyshop", "office": null, "tourism": null, "healthcare": null, "craft": null, "name": "Printo", "addr:housenumber": null, "addr:street": null }, "geometry": { "type": "Point", "coordinates": [ 77.6514913, 12.9189353 ] } },
{ "type": "Feature", "properties": { "osm_id": "node/9833465658", "amenity": null, "shop": "kiosk", "office": null, "tourism": null, "healthcare": null, "craft": null, "name": "Nandini", "addr:housenumber": null, "addr:street": null }, "geometry": { "type": "Point", "coordinates": [ 77.6491055, 12.9130867 ] } },
{ "type": "Feature", "properties": { "osm_id": "node/9833630902", "amenity": "restaurant", "shop": null, "office": null, "tourism": null, "healthcare": null, "craft": null, "name": "Leon Grill", "addr:housenumber": null, "addr:street": null }, "geometry": { "type": "Point", "coordinates": [ 77.6437931, 12.9117875 ] } },
{ "type": "Feature", "properties": { "osm_id": "node/9833630907", "amenity": "cafe", "shop": null, "office": null, "tourism": null, "healthcare": null, "craft": null, "name": "Chai Point", "addr:housenumber": null, "addr:street": null }, "geometry": { "type": "Point", "coordinates": [ 77.6379397, 12.9115857 ] } },
{ "type": "Feature", "properties": { "osm_id": "node/9858668160", "amenity": null, "shop": "clothes", "office": null, "tourism": null, "healthcare": null, "craft": null, "name": "Peter England", "addr:housenumber": null, "addr:street": null }, "geometry": { "type": "Point", "coordinates": [ 77.6520632, 12.9102086 ] } },
{ "type": "Feature", "properties": { "osm_id": "node/9858668161", "amenity": null, "shop": "cosmetics", "office": null, "tourism": null, "healthcare": null, "craft": null, "name": "Nykaa On Trend", "addr:housenumber": null, "addr:street": null }, "geometry": { "type": "Point", "coordinates": [ 77.6520605, 12.9103289 ] } },
{ "type": "Feature", "properties": { "osm_id": "node/9858668162", "amenity": null, "shop": "beauty", "office": null, "tourism": null, "healthcare": null, "craft": null, "name": "Plum and Sugar", "addr:housenumber": null, "addr:street": null }, "geometry": { "type": "Point", "coordinates": [ 77.65174, 12.9112243 ] } },
{ "type": "Feature", "properties": { "osm_id": "node/9858668171", "amenity": null, "shop": null, "office": null, "tourism": "artwork", "healthcare": null, "craft": null, "name": "Wings", "addr:housenumber": null, "addr:street": null }, "geometry": { "type": "Point", "coordinates": [ 77.64552, 12.9120308 ] } },
{ "type": "Feature", "properties": { "osm_id": "node/9858668172", "amenity": null, "shop": null, "office": "company", "tourism": null, "healthcare": null, "craft": null, "name": "Whatfix", "addr:housenumber": null, "addr:street": null }, "geometry": { "type": "Point", "coordinates": [ 77.6402488, 12.9118576 ] } },
{ "type": "Feature", "properties": { "osm_id": "node/9858668174", "amenity": null, "shop": "dairy", "office": null, "tourism": null, "healthcare": null, "craft": null, "name": "Nandini", "addr:housenumber": null, "addr:street": null }, "geometry": { "type": "Point", "coordinates": [ 77.6384617, 12.912121 ] } },
{ "type": "Feature", "properties": { "osm_id": "node/9858668211", "amenity": null, "shop": "furniture", "office": null, "tourism": null, "healthcare": null, "craft": null, "name": "Furlenco", "addr:housenumber": null, "addr:street": null }, "geometry": { "type": "Point", "coordinates": [ 77.6239148, 12.9163445 ] } },
{ "type": "Feature", "properties": { "osm_id": "node/9858668212", "amenity": null, "shop": "motorcycle", "office": null, "tourism": null, "healthcare": null, "craft": null, "name": "BGauss", "addr:housenumber": null, "addr:street": null }, "geometry": { "type": "Point", "coordinates": [ 77.6291558, 12.9072883 ] } },
{ "type": "Feature", "properties": { "osm_id": "node/9892036255", "amenity": "cafe", "shop": null, "office": null, "tourism": null, "healthcare": null, "craft": null, "name": "SLAY Coffee", "addr:housenumber": null, "addr:street": null }, "geometry": { "type": "Point", "coordinates": [ 77.6523221, 12.9126949 ] } },
{ "type": "Feature", "properties": { "osm_id": "node/9904108239", "amenity": null, "shop": "jewelry", "office": null, "tourism": null, "healthcare": null, "craft": null, "name": "MP Jewellers", "addr:housenumber": null, "addr:street": null }, "geometry": { "type": "Point", "coordinates": [ 77.6444457, 12.91304 ] } },
{ "type": "Feature", "properties": { "osm_id": "node/9904108240", "amenity": null, "shop": "car_repair", "office": null, "tourism": null, "healthcare": null, "craft": null, "name": "Shell Express Car Care", "addr:housenumber": null, "addr:street": null }, "geometry": { "type": "Point", "coordinates": [ 77.6445235, 12.9144897 ] } },
{ "type": "Feature", "properties": { "osm_id": "node/9904108241", "amenity": null, "shop": null, "office": "company", "tourism": null, "healthcare": null, "craft": null, "name": "Quizizz", "addr:housenumber": null, "addr:street": null }, "geometry": { "type": "Point", "coordinates": [ 77.6446724, 12.9169301 ] } },
{ "type": "Feature", "properties": { "osm_id": "node/9904143769", "amenity": "ice_cream", "shop": null, "office": null, "tourism": null, "healthcare": null, "craft": null, "name": "Baskin-Robbins", "addr:housenumber": null, "addr:street": null }, "geometry": { "type": "Point", "coordinates": [ 77.6516756, 12.910253 ] } },
{ "type": "Feature", "properties": { "osm_id": "node/9904143772", "amenity": "restaurant", "shop": null, "office": null, "tourism": null, "healthcare": null, "craft": null, "name": "Bhartiya Jalpan", "addr:housenumber": null, "addr:street": null }, "geometry": { "type": "Point", "coordinates": [ 77.6515804, 12.9155289 ] } },
{ "type": "Feature", "properties": { "osm_id": "node/9969109517", "amenity": "toilets", "shop": null, "office": null, "tourism": null, "healthcare": null, "craft": null, "name": null, "addr:housenumber": null, "addr:street": null }, "geometry": { "type": "Point", "coordinates": [ 77.6318906, 12.916802 ] } },
{ "type": "Feature", "properties": { "osm_id": "node/9969767664", "amenity": null, "shop": null, "office": "it", "tourism": null, "healthcare": null, "craft": null, "name": "Raincode Labs India", "addr:housenumber": "1144", "addr:street": "22nd Cross Road" }, "geometry": { "type": "Point", "coordinates": [ 77.6486567, 12.9086807 ] } },
{ "type": "Feature", "properties": { "osm_id": "node/9983411019", "amenity": "restaurant", "shop": null, "office": null, "tourism": null, "healthcare": null, "craft": null, "name": "Broadway", "addr:housenumber": null, "addr:street": null }, "geometry": { "type": "Point", "coordinates": [ 77.651372, 12.9237747 ] } },
{ "type": "Feature", "properties": { "osm_id": "node/9983607328", "amenity": null, "shop": null, "office": "company", "tourism": null, "healthcare": null, "craft": null, "name": "Phable", "addr:housenumber": null, "addr:street": null }, "geometry": { "type": "Point", "coordinates": [ 77.6451539, 12.918537 ] } },
{ "type": "Feature", "properties": { "osm_id": "node/9983607329", "amenity": null, "shop": null, "office": "company", "tourism": null, "healthcare": null, "craft": null, "name": "Great Learning", "addr:housenumber": null, "addr:street": null }, "geometry": { "type": "Point", "coordinates": [ 77.6450844, 12.9178594 ] } },
{ "type": "Feature", "properties": { "osm_id": "node/9983607338", "amenity": null, "shop": null, "office": "company", "tourism": null, "healthcare": null, "craft": null, "name": "Tata Health", "addr:housenumber": null, "addr:street": null }, "geometry": { "type": "Point", "coordinates": [ 77.6450717, 12.9174365 ] } },
{ "type": "Feature", "properties": { "osm_id": "node/9983607339", "amenity": "ice_cream", "shop": null, "office": null, "tourism": null, "healthcare": null, "craft": null, "name": "Ibaco", "addr:housenumber": "1503", "addr:street": "19th Main Road" }, "geometry": { "type": "Point", "coordinates": [ 77.6450692, 12.9176646 ] } },
{ "type": "Feature", "properties": { "osm_id": "node/10048828368", "amenity": null, "shop": "clothes", "office": null, "tourism": null, "healthcare": null, "craft": null, "name": "Wrogn", "addr:housenumber": null, "addr:street": null }, "geometry": { "type": "Point", "coordinates": [ 77.6518888, 12.917381 ] } },
{ "type": "Feature", "properties": { "osm_id": "node/10049251543", "amenity": null, "shop": "clothes", "office": null, "tourism": null, "healthcare": null, "craft": null, "name": "Linen Club", "addr:housenumber": null, "addr:street": null }, "geometry": { "type": "Point", "coordinates": [ 77.6515044, 12.9235753 ] } },
{ "type": "Feature", "properties": { "osm_id": "node/10049251544", "amenity": null, "shop": "interior_decoration", "office": null, "tourism": null, "healthcare": null, "craft": null, "name": "Decor India", "addr:housenumber": null, "addr:street": null }, "geometry": { "type": "Point", "coordinates": [ 77.651423, 12.9232319 ] } },
{ "type": "Feature", "properties": { "osm_id": "node/10049251545", "amenity": null, "shop": "mobile_phone", "office": null, "tourism": null, "healthcare": null, "craft": null, "name": "Airtel", "addr:housenumber": null, "addr:street": null }, "geometry": { "type": "Point", "coordinates": [ 77.65144, 12.9230199 ] } },
{ "type": "Feature", "properties": { "osm_id": "node/10049251546", "amenity": null, "shop": "bag", "office": null, "tourism": null, "healthcare": null, "craft": null, "name": "VIP", "addr:housenumber": null, "addr:street": null }, "geometry": { "type": "Point", "coordinates": [ 77.6514315, 12.9229702 ] } },
{ "type": "Feature", "properties": { "osm_id": "node/10049251547", "amenity": "restaurant", "shop": null, "office": null, "tourism": null, "healthcare": null, "craft": null, "name": "To Be Continued", "addr:housenumber": "2795", "addr:street": "27th Main Road" }, "geometry": { "type": "Point", "coordinates": [ 77.6514302, 12.9229003 ] } },
{ "type": "Feature", "properties": { "osm_id": "node/10049251548", "amenity": null, "shop": "motorcycle", "office": null, "tourism": null, "healthcare": null, "craft": null, "name": "Amba", "addr:housenumber": null, "addr:street": null }, "geometry": { "type": "Point", "coordinates": [ 77.6514303, 12.9228482 ] } },
{ "type": "Feature", "properties": { "osm_id": "node/10049251549", "amenity": null, "shop": "fashion_accessories", "office": null, "tourism": null, "healthcare": null, "craft": null, "name": "Fastrack", "addr:housenumber": null, "addr:street": null }, "geometry": { "type": "Point", "coordinates": [ 77.6514218, 12.9227819 ] } },
{ "type": "Feature", "properties": { "osm_id": "node/10049251550", "amenity": null, "shop": "bag", "office": null, "tourism": null, "healthcare": null, "craft": null, "name": "Samsonite", "addr:housenumber": null, "addr:street": null }, "geometry": { "type": "Point", "coordinates": [ 77.6513538, 12.922371 ] } },
{ "type": "Feature", "properties": { "osm_id": "node/10049251551", "amenity": null, "shop": "clothes", "office": null, "tourism": null, "healthcare": null, "craft": null, "name": "The Label", "addr:housenumber": null, "addr:street": null }, "geometry": { "type": "Point", "coordinates": [ 77.6513611, 12.9222135 ] } },
{ "type": "Feature", "properties": { "osm_id": "node/10049251556", "amenity": null, "shop": "clothes", "office": null, "tourism": null, "healthcare": null, "craft": null, "name": "Mufti", "addr:housenumber": null, "addr:street": null }, "geometry": { "type": "Point", "coordinates": [ 77.651372, 12.9217103 ] } },
{ "type": "Feature", "properties": { "osm_id": "node/10049251557", "amenity": "fast_food", "shop": null, "office": null, "tourism": null, "healthcare": null, "craft": null, "name": "Goli Vada Pav", "addr:housenumber": null, "addr:street": null }, "geometry": { "type": "Point", "coordinates": [ 77.651389, 12.9211928 ] } },
{ "type": "Feature", "properties": { "osm_id": "node/10049251558", "amenity": null, "shop": "optician", "office": null, "tourism": null, "healthcare": null, "craft": null, "name": "Vision Rabbit", "addr:housenumber": null, "addr:street": null }, "geometry": { "type": "Point", "coordinates": [ 77.6514, 12.9212875 ] } },
{ "type": "Feature", "properties": { "osm_id": "node/10049251559", "amenity": null, "shop": "optician", "office": null, "tourism": null, "healthcare": null, "craft": null, "name": "Lens Kart", "addr:housenumber": null, "addr:street": null }, "geometry": { "type": "Point", "coordinates": [ 77.6513866, 12.9213775 ] } },
{ "type": "Feature", "properties": { "osm_id": "node/10049251560", "amenity": null, "shop": "bed", "office": null, "tourism": null, "healthcare": null, "craft": null, "name": "Duroflex", "addr:housenumber": null, "addr:street": null }, "geometry": { "type": "Point", "coordinates": [ 77.6518118, 12.9205071 ] } },
{ "type": "Feature", "properties": { "osm_id": "node/10049251561", "amenity": null, "shop": "clothes", "office": null, "tourism": null, "healthcare": null, "craft": null, "name": "Rare Rabbit", "addr:housenumber": null, "addr:street": null }, "geometry": { "type": "Point", "coordinates": [ 77.6517741, 12.9201555 ] } },
{ "type": "Feature", "properties": { "osm_id": "node/10049251566", "amenity": null, "shop": "houseware", "office": null, "tourism": null, "healthcare": null, "craft": null, "name": "Tupperware", "addr:housenumber": null, "addr:street": null }, "geometry": { "type": "Point", "coordinates": [ 77.6518142, 12.9197966 ] } },
{ "type": "Feature", "properties": { "osm_id": "node/10049251583", "amenity": null, "shop": null, "office": null, "tourism": null, "healthcare": null, "craft": "yes", "name": "Terra Cottage", "addr:housenumber": null, "addr:street": null }, "geometry": { "type": "Point", "coordinates": [ 77.6518398, 12.919055 ] } },
{ "type": "Feature", "properties": { "osm_id": "node/10049251586", "amenity": null, "shop": "clothes", "office": null, "tourism": null, "healthcare": null, "craft": null, "name": "Jaypore", "addr:housenumber": null, "addr:street": null }, "geometry": { "type": "Point", "coordinates": [ 77.6518033, 12.9190182 ] } },
{ "type": "Feature", "properties": { "osm_id": "node/10049251587", "amenity": null, "shop": "clothes", "office": null, "tourism": null, "healthcare": null, "craft": null, "name": "Louise Philippe", "addr:housenumber": null, "addr:street": null }, "geometry": { "type": "Point", "coordinates": [ 77.6518341, 12.9187235 ] } },
{ "type": "Feature", "properties": { "osm_id": "node/10049251588", "amenity": null, "shop": "clothes", "office": null, "tourism": null, "healthcare": null, "craft": null, "name": "Pepe Jeans", "addr:housenumber": null, "addr:street": null }, "geometry": { "type": "Point", "coordinates": [ 77.6518776, 12.9181577 ] } },
{ "type": "Feature", "properties": { "osm_id": "node/10049251589", "amenity": null, "shop": "optician", "office": null, "tourism": null, "healthcare": null, "craft": null, "name": "Spexhouse", "addr:housenumber": null, "addr:street": null }, "geometry": { "type": "Point", "coordinates": [ 77.6518467, 12.918382 ] } },
{ "type": "Feature", "properties": { "osm_id": "node/10049251590", "amenity": "restaurant", "shop": null, "office": null, "tourism": null, "healthcare": null, "craft": null, "name": "Bathinda Station", "addr:housenumber": null, "addr:street": null }, "geometry": { "type": "Point", "coordinates": [ 77.6515432, 12.9186175 ] } },
{ "type": "Feature", "properties": { "osm_id": "node/10049251591", "amenity": null, "shop": "baby_goods", "office": null, "tourism": null, "healthcare": null, "craft": null, "name": "Firstcry!", "addr:housenumber": null, "addr:street": null }, "geometry": { "type": "Point", "coordinates": [ 77.6515501, 12.918574 ] } },
{ "type": "Feature", "properties": { "osm_id": "node/10049251592", "amenity": null, "shop": "jewelry", "office": null, "tourism": null, "healthcare": null, "craft": null, "name": "Blue Stone", "addr:housenumber": null, "addr:street": null }, "geometry": { "type": "Point", "coordinates": [ 77.6515604, 12.9180215 ] } },
{ "type": "Feature", "properties": { "osm_id": "node/10049251593", "amenity": null, "shop": "clothes", "office": null, "tourism": null, "healthcare": null, "craft": null, "name": "Aurelia", "addr:housenumber": null, "addr:street": null }, "geometry": { "type": "Point", "coordinates": [ 77.6515501, 12.9175941 ] } },
{ "type": "Feature", "properties": { "osm_id": "node/10049251594", "amenity": null, "shop": "hairdresser", "office": null, "tourism": null, "healthcare": null, "craft": null, "name": "Cut me Good", "addr:housenumber": null, "addr:street": null }, "geometry": { "type": "Point", "coordinates": [ 77.651502, 12.9175852 ] } },
{ "type": "Feature", "properties": { "osm_id": "node/10049251595", "amenity": "clinic", "shop": null, "office": null, "tourism": null, "healthcare": "clinic", "craft": null, "name": "Olivia Hair & Skin Clinic", "addr:housenumber": null, "addr:street": null }, "geometry": { "type": "Point", "coordinates": [ 77.6515123, 12.9174635 ] } },
{ "type": "Feature", "properties": { "osm_id": "node/10049251596", "amenity": null, "shop": "laundry", "office": null, "tourism": null, "healthcare": null, "craft": null, "name": "Glims Dry Cleaners", "addr:housenumber": null, "addr:street": null }, "geometry": { "type": "Point", "coordinates": [ 77.6521535, 12.9181677 ] } },
{ "type": "Feature", "properties": { "osm_id": "node/10049251597", "amenity": null, "shop": "clothes", "office": null, "tourism": null, "healthcare": null, "craft": null, "name": "Allen Solly", "addr:housenumber": null, "addr:street": null }, "geometry": { "type": "Point", "coordinates": [ 77.6518764, 12.9179568 ] } },
{ "type": "Feature", "properties": { "osm_id": "node/10049251598", "amenity": null, "shop": "clothes", "office": null, "tourism": null, "healthcare": null, "craft": null, "name": "Van Heusen", "addr:housenumber": null, "addr:street": null }, "geometry": { "type": "Point", "coordinates": [ 77.6518764, 12.9180015 ] } },
{ "type": "Feature", "properties": { "osm_id": "node/10049251599", "amenity": null, "shop": "computer", "office": null, "tourism": null, "healthcare": null, "craft": null, "name": "Laptop Mall", "addr:housenumber": null, "addr:street": null }, "geometry": { "type": "Point", "coordinates": [ 77.6518741, 12.9179099 ] } },
{ "type": "Feature", "properties": { "osm_id": "node/10049251608", "amenity": null, "shop": "clothes", "office": null, "tourism": null, "healthcare": null, "craft": null, "name": "Nike Factory Store", "addr:housenumber": null, "addr:street": null }, "geometry": { "type": "Point", "coordinates": [ 77.6519131, 12.9176164 ] } },
{ "type": "Feature", "properties": { "osm_id": "node/10049251609", "amenity": null, "shop": "clothes", "office": null, "tourism": null, "healthcare": null, "craft": null, "name": "Van Heusen", "addr:housenumber": null, "addr:street": null }, "geometry": { "type": "Point", "coordinates": [ 77.651952, 12.9175227 ] } },
{ "type": "Feature", "properties": { "osm_id": "node/10049251610", "amenity": null, "shop": "clothes", "office": null, "tourism": null, "healthcare": null, "craft": null, "name": "Peter England", "addr:housenumber": null, "addr:street": null }, "geometry": { "type": "Point", "coordinates": [ 77.6519428, 12.917468 ] } },
{ "type": "Feature", "properties": { "osm_id": "node/10049251611", "amenity": null, "shop": "clothes", "office": null, "tourism": null, "healthcare": null, "craft": null, "name": "Basics", "addr:housenumber": null, "addr:street": null }, "geometry": { "type": "Point", "coordinates": [ 77.6518833, 12.9174557 ] } },
{ "type": "Feature", "properties": { "osm_id": "node/10049313429", "amenity": null, "shop": "clothes", "office": null, "tourism": null, "healthcare": null, "craft": null, "name": "Soch", "addr:housenumber": null, "addr:street": null }, "geometry": { "type": "Point", "coordinates": [ 77.6515718, 12.9166744 ] } },
{ "type": "Feature", "properties": { "osm_id": "node/10049313430", "amenity": null, "shop": "outdoor", "office": null, "tourism": null, "healthcare": null, "craft": null, "name": "Wildcraft", "addr:housenumber": "646", "addr:street": "27th Main Road" }, "geometry": { "type": "Point", "coordinates": [ 77.6519234, 12.91618 ] } },
{ "type": "Feature", "properties": { "osm_id": "node/10049313435", "amenity": null, "shop": "clothes", "office": null, "tourism": null, "healthcare": null, "craft": null, "name": "Zivame", "addr:housenumber": null, "addr:street": null }, "geometry": { "type": "Point", "coordinates": [ 77.6515959, 12.9162704 ] } },
{ "type": "Feature", "properties": { "osm_id": "node/10049313436", "amenity": null, "shop": "clothes", "office": null, "tourism": null, "healthcare": null, "craft": null, "name": "Biba", "addr:housenumber": null, "addr:street": null }, "geometry": { "type": "Point", "coordinates": [ 77.6516245, 12.9160985 ] } },
{ "type": "Feature", "properties": { "osm_id": "node/10049313437", "amenity": null, "shop": "clothes", "office": null, "tourism": null, "healthcare": null, "craft": null, "name": "Sabhyata", "addr:housenumber": null, "addr:street": null }, "geometry": { "type": "Point", "coordinates": [ 77.6516165, 12.9160517 ] } },
{ "type": "Feature", "properties": { "osm_id": "node/10049313438", "amenity": null, "shop": "greengrocer", "office": null, "tourism": null, "healthcare": null, "craft": null, "name": "Bangalore Horticulture Fruits & Vegetables Sales Centre", "addr:housenumber": null, "addr:street": null }, "geometry": { "type": "Point", "coordinates": [ 77.6523035, 12.9181443 ] } },
{ "type": "Feature", "properties": { "osm_id": "node/10049313439", "amenity": "fast_food", "shop": null, "office": null, "tourism": null, "healthcare": null, "craft": null, "name": "Juice Junction", "addr:housenumber": null, "addr:street": null }, "geometry": { "type": "Point", "coordinates": [ 77.6516428, 12.9152023 ] } },
{ "type": "Feature", "properties": { "osm_id": "node/10049313448", "amenity": null, "shop": "craft", "office": null, "tourism": null, "healthcare": null, "craft": "handicraft", "name": "Raga Arts", "addr:housenumber": null, "addr:street": null }, "geometry": { "type": "Point", "coordinates": [ 77.6517034, 12.9139649 ] } },
{ "type": "Feature", "properties": { "osm_id": "node/10049313457", "amenity": null, "shop": "clothes", "office": null, "tourism": null, "healthcare": null, "craft": null, "name": "Fabindia", "addr:housenumber": null, "addr:street": null }, "geometry": { "type": "Point", "coordinates": [ 77.6516841, 12.9131111 ] } },
{ "type": "Feature", "properties": { "osm_id": "node/10049313479", "amenity": null, "shop": "clothes", "office": null, "tourism": null, "healthcare": null, "craft": null, "name": "VRK Silks", "addr:housenumber": null, "addr:street": null }, "geometry": { "type": "Point", "coordinates": [ 77.6516842, 12.91042 ] } },
{ "type": "Feature", "properties": { "osm_id": "node/10049313480", "amenity": null, "shop": "clothes", "office": null, "tourism": null, "healthcare": null, "craft": null, "name": "Raymond", "addr:housenumber": null, "addr:street": null }, "geometry": { "type": "Point", "coordinates": [ 77.6516761, 12.9101059 ] } },
{ "type": "Feature", "properties": { "osm_id": "node/10049377704", "amenity": null, "shop": "furniture", "office": null, "tourism": null, "healthcare": null, "craft": null, "name": "Loom Craft", "addr:housenumber": null, "addr:street": null }, "geometry": { "type": "Point", "coordinates": [ 77.6515219, 12.9121728 ] } },
{ "type": "Feature", "properties": { "osm_id": "node/10049386125", "amenity": "bar", "shop": null, "office": null, "tourism": null, "healthcare": null, "craft": null, "name": "Plan B", "addr:housenumber": null, "addr:street": null }, "geometry": { "type": "Point", "coordinates": [ 77.6507097, 12.9122237 ] } },
{ "type": "Feature", "properties": { "osm_id": "node/10049386139", "amenity": null, "shop": "clothes", "office": null, "tourism": null, "healthcare": null, "craft": null, "name": "Zudio", "addr:housenumber": null, "addr:street": null }, "geometry": { "type": "Point", "coordinates": [ 77.6492031, 12.9120672 ] } },
{ "type": "Feature", "properties": { "osm_id": "node/10049386157", "amenity": null, "shop": "supermarket", "office": null, "tourism": null, "healthcare": null, "craft": null, "name": "More", "addr:housenumber": null, "addr:street": null }, "geometry": { "type": "Point", "coordinates": [ 77.6480039, 12.9120746 ] } },
{ "type": "Feature", "properties": { "osm_id": "node/10049386158", "amenity": "restaurant", "shop": null, "office": null, "tourism": null, "healthcare": null, "craft": null, "name": "Paris Panini", "addr:housenumber": null, "addr:street": null }, "geometry": { "type": "Point", "coordinates": [ 77.6471343, 12.912117 ] } },
{ "type": "Feature", "properties": { "osm_id": "node/10049434065", "amenity": null, "shop": null, "office": null, "tourism": "artwork", "healthcare": null, "craft": null, "name": "Global Children", "addr:housenumber": null, "addr:street": null }, "geometry": { "type": "Point", "coordinates": [ 77.6448414, 12.9221735 ] } },
{ "type": "Feature", "properties": { "osm_id": "node/10049434080", "amenity": null, "shop": null, "office": "coworking", "tourism": null, "healthcare": null, "craft": null, "name": "Incubex", "addr:housenumber": null, "addr:street": null }, "geometry": { "type": "Point", "coordinates": [ 77.6450597, 12.9170297 ] } },
{ "type": "Feature", "properties": { "osm_id": "node/10049434083", "amenity": null, "shop": "bicycle", "office": null, "tourism": null, "healthcare": null, "craft": null, "name": "Jayant Probikes & Fitness", "addr:housenumber": "1778", "addr:street": "19th Main Road" }, "geometry": { "type": "Point", "coordinates": [ 77.6449606, 12.9155206 ] } },
{ "type": "Feature", "properties": { "osm_id": "node/10049434094", "amenity": "restaurant", "shop": null, "office": null, "tourism": null, "healthcare": null, "craft": null, "name": "Sri Muthanahalli Veg", "addr:housenumber": null, "addr:street": null }, "geometry": { "type": "Point", "coordinates": [ 77.6445927, 12.9166069 ] } },
{ "type": "Feature", "properties": { "osm_id": "node/10049437550", "amenity": null, "shop": "greengrocer", "office": null, "tourism": null, "healthcare": null, "craft": null, "name": "Have Nuts", "addr:housenumber": null, "addr:street": null }, "geometry": { "type": "Point", "coordinates": [ 77.6518547, 12.907836 ] } },
{ "type": "Feature", "properties": { "osm_id": "node/10066854614", "amenity": null, "shop": null, "office": "company", "tourism": null, "healthcare": null, "craft": null, "name": "DealShare", "addr:housenumber": null, "addr:street": null }, "geometry": { "type": "Point", "coordinates": [ 77.6408893, 12.9123885 ] } },
{ "type": "Feature", "properties": { "osm_id": "node/10066854615", "amenity": null, "shop": null, "office": "company", "tourism": null, "healthcare": null, "craft": null, "name": "Zepto", "addr:housenumber": null, "addr:street": null }, "geometry": { "type": "Point", "coordinates": [ 77.6406528, 12.9123873 ] } },
{ "type": "Feature", "properties": { "osm_id": "node/10066854616", "amenity": null, "shop": null, "office": "company", "tourism": null, "healthcare": null, "craft": null, "name": "Simpli Contract", "addr:housenumber": null, "addr:street": null }, "geometry": { "type": "Point", "coordinates": [ 77.6406602, 12.9124449 ] } },
{ "type": "Feature", "properties": { "osm_id": "node/10066902926", "amenity": null, "shop": null, "office": "company", "tourism": null, "healthcare": null, "craft": null, "name": "Zetwerk", "addr:housenumber": null, "addr:street": null }, "geometry": { "type": "Point", "coordinates": [ 77.640063, 12.9124315 ] } },
{ "type": "Feature", "properties": { "osm_id": "node/10066902927", "amenity": null, "shop": null, "office": "company", "tourism": null, "healthcare": null, "craft": null, "name": "DealShare", "addr:housenumber": null, "addr:street": null }, "geometry": { "type": "Point", "coordinates": [ 77.6396711, 12.9124512 ] } },
{ "type": "Feature", "properties": { "osm_id": "node/10066902928", "amenity": null, "shop": null, "office": "company", "tourism": null, "healthcare": null, "craft": null, "name": "Urban Vault 97", "addr:housenumber": null, "addr:street": null }, "geometry": { "type": "Point", "coordinates": [ 77.6396251, 12.9125158 ] } },
{ "type": "Feature", "properties": { "osm_id": "node/10066902933", "amenity": "restaurant", "shop": null, "office": null, "tourism": null, "healthcare": null, "craft": null, "name": "Mirchi Maharaj", "addr:housenumber": null, "addr:street": null }, "geometry": { "type": "Point", "coordinates": [ 77.6386588, 12.9124528 ] } },
{ "type": "Feature", "properties": { "osm_id": "node/10066902934", "amenity": "fast_food", "shop": null, "office": null, "tourism": null, "healthcare": null, "craft": null, "name": null, "addr:housenumber": null, "addr:street": null }, "geometry": { "type": "Point", "coordinates": [ 77.6385262, 12.912439 ] } },
{ "type": "Feature", "properties": { "osm_id": "node/10066902935", "amenity": "restaurant", "shop": null, "office": null, "tourism": null, "healthcare": null, "craft": null, "name": "Once Upon a Flame", "addr:housenumber": null, "addr:street": null }, "geometry": { "type": "Point", "coordinates": [ 77.6379087, 12.9118525 ] } },
{ "type": "Feature", "properties": { "osm_id": "node/10066902936", "amenity": "fast_food", "shop": null, "office": null, "tourism": null, "healthcare": null, "craft": null, "name": "Subway", "addr:housenumber": null, "addr:street": null }, "geometry": { "type": "Point", "coordinates": [ 77.6379135, 12.9118171 ] } },
{ "type": "Feature", "properties": { "osm_id": "node/10066902937", "amenity": "fast_food", "shop": null, "office": null, "tourism": null, "healthcare": "pharmacy", "craft": null, "name": "Samosa Party", "addr:housenumber": "36", "addr:street": "14th Main Road" }, "geometry": { "type": "Point", "coordinates": [ 77.6379593, 12.9118695 ] } },
{ "type": "Feature", "properties": { "osm_id": "node/10066902938", "amenity": "ice_cream", "shop": null, "office": null, "tourism": null, "healthcare": null, "craft": null, "name": "Giani", "addr:housenumber": null, "addr:street": null }, "geometry": { "type": "Point", "coordinates": [ 77.637948, 12.9114499 ] } },
{ "type": "Feature", "properties": { "osm_id": "node/10066902939", "amenity": null, "shop": "pastry", "office": null, "tourism": null, "healthcare": null, "craft": null, "name": "Theobroma", "addr:housenumber": null, "addr:street": null }, "geometry": { "type": "Point", "coordinates": [ 77.6379555, 12.9113877 ] } },
{ "type": "Feature", "properties": { "osm_id": "node/10066902940", "amenity": "restaurant", "shop": null, "office": null, "tourism": null, "healthcare": null, "craft": null, "name": "Gustom", "addr:housenumber": null, "addr:street": null }, "geometry": { "type": "Point", "coordinates": [ 77.6378892, 12.9113914 ] } },
{ "type": "Feature", "properties": { "osm_id": "node/10066902941", "amenity": "ice_cream", "shop": null, "office": null, "tourism": null, "healthcare": null, "craft": null, "name": "Naturals", "addr:housenumber": null, "addr:street": null }, "geometry": { "type": "Point", "coordinates": [ 77.6379155, 12.9107043 ] } },
{ "type": "Feature", "properties": { "osm_id": "node/10066902942", "amenity": "restaurant", "shop": null, "office": null, "tourism": null, "healthcare": null, "craft": null, "name": "California Burrito", "addr:housenumber": null, "addr:street": null }, "geometry": { "type": "Point", "coordinates": [ 77.6379155, 12.9105761 ] } },
{ "type": "Feature", "properties": { "osm_id": "node/10066902943", "amenity": null, "shop": "bakery", "office": null, "tourism": null, "healthcare": null, "craft": null, "name": "For Gods Sake", "addr:housenumber": null, "addr:street": null }, "geometry": { "type": "Point", "coordinates": [ 77.6382585, 12.9112437 ] } },
{ "type": "Feature", "properties": { "osm_id": "node/10066902995", "amenity": "restaurant", "shop": null, "office": null, "tourism": null, "healthcare": null, "craft": null, "name": "Donne Biryani House", "addr:housenumber": null, "addr:street": null }, "geometry": { "type": "Point", "coordinates": [ 77.6383155, 12.9092069 ] } },
{ "type": "Feature", "properties": { "osm_id": "node/10066903000", "amenity": null, "shop": "bakery", "office": null, "tourism": null, "healthcare": null, "craft": null, "name": "Iyengar Bakery", "addr:housenumber": null, "addr:street": null }, "geometry": { "type": "Point", "coordinates": [ 77.6384705, 12.9092252 ] } },
{ "type": "Feature", "properties": { "osm_id": "node/10066903001", "amenity": null, "shop": "craft", "office": null, "tourism": null, "healthcare": null, "craft": null, "name": "Itsy Bitsy", "addr:housenumber": null, "addr:street": null }, "geometry": { "type": "Point", "coordinates": [ 77.6384908, 12.9094215 ] } },
{ "type": "Feature", "properties": { "osm_id": "node/10066903002", "amenity": "restaurant", "shop": null, "office": null, "tourism": null, "healthcare": null, "craft": null, "name": "Chinese Wok", "addr:housenumber": null, "addr:street": null }, "geometry": { "type": "Point", "coordinates": [ 77.6386269, 12.909461 ] } },
{ "type": "Feature", "properties": { "osm_id": "node/10066903003", "amenity": "restaurant", "shop": null, "office": null, "tourism": null, "healthcare": null, "craft": null, "name": "Daily Sushi", "addr:housenumber": null, "addr:street": null }, "geometry": { "type": "Point", "coordinates": [ 77.6386255, 12.9094243 ] } },
{ "type": "Feature", "properties": { "osm_id": "node/10066903004", "amenity": null, "shop": null, "office": "company", "tourism": null, "healthcare": null, "craft": null, "name": "GroupCyber ID Technology", "addr:housenumber": null, "addr:street": null }, "geometry": { "type": "Point", "coordinates": [ 77.6386458, 12.909413 ] } },
{ "type": "Feature", "properties": { "osm_id": "node/10066903029", "amenity": "cafe", "shop": null, "office": null, "tourism": null, "healthcare": null, "craft": null, "name": "Hebe's Cafe", "addr:housenumber": null, "addr:street": null }, "geometry": { "type": "Point", "coordinates": [ 77.6401913, 12.9091843 ] } },
{ "type": "Feature", "properties": { "osm_id": "node/10066903094", "amenity": null, "shop": "photo", "office": null, "tourism": null, "healthcare": null, "craft": null, "name": "Kodak Express", "addr:housenumber": null, "addr:street": null }, "geometry": { "type": "Point", "coordinates": [ 77.6423653, 12.9093522 ] } },
{ "type": "Feature", "properties": { "osm_id": "node/10066903107", "amenity": "ice_cream", "shop": null, "office": null, "tourism": null, "healthcare": null, "craft": null, "name": "Polar Bear", "addr:housenumber": null, "addr:street": null }, "geometry": { "type": "Point", "coordinates": [ 77.6432732, 12.9090622 ] } },
{ "type": "Feature", "properties": { "osm_id": "node/10066903114", "amenity": null, "shop": null, "office": null, "tourism": null, "healthcare": "laboratory", "craft": null, "name": "Safe Hands Diagnostics", "addr:housenumber": null, "addr:street": null }, "geometry": { "type": "Point", "coordinates": [ 77.6436232, 12.909025 ] } },
{ "type": "Feature", "properties": { "osm_id": "node/10066903119", "amenity": "dentist", "shop": null, "office": null, "tourism": null, "healthcare": "dentist", "craft": null, "name": "Tooth Flora", "addr:housenumber": null, "addr:street": null }, "geometry": { "type": "Point", "coordinates": [ 77.6439852, 12.9092427 ] } },
{ "type": "Feature", "properties": { "osm_id": "node/10066903148", "amenity": "pharmacy", "shop": null, "office": null, "tourism": null, "healthcare": "pharmacy", "craft": null, "name": "Sanjeevani Medicals", "addr:housenumber": null, "addr:street": null }, "geometry": { "type": "Point", "coordinates": [ 77.6383752, 12.9141711 ] } },
{ "type": "Feature", "properties": { "osm_id": "node/10066903149", "amenity": null, "shop": "clothes", "office": null, "tourism": null, "healthcare": null, "craft": null, "name": "Utsa", "addr:housenumber": null, "addr:street": null }, "geometry": { "type": "Point", "coordinates": [ 77.6383391, 12.9140448 ] } },
{ "type": "Feature", "properties": { "osm_id": "node/10066903150", "amenity": null, "shop": "confectionery", "office": null, "tourism": null, "healthcare": null, "craft": null, "name": "Kanti Sweets", "addr:housenumber": null, "addr:street": null }, "geometry": { "type": "Point", "coordinates": [ 77.638327, 12.9148824 ] } },
{ "type": "Feature", "properties": { "osm_id": "node/10177662894", "amenity": "restaurant", "shop": null, "office": null, "tourism": null, "healthcare": null, "craft": null, "name": "Andhra Vilas", "addr:housenumber": null, "addr:street": null }, "geometry": { "type": "Point", "coordinates": [ 77.6449154, 12.9142185 ] } },
{ "type": "Feature", "properties": { "osm_id": "node/10177662895", "amenity": "car_wash", "shop": null, "office": null, "tourism": null, "healthcare": null, "craft": null, "name": "Express Car Care", "addr:housenumber": null, "addr:street": null }, "geometry": { "type": "Point", "coordinates": [ 77.6449119, 12.9140677 ] } },
{ "type": "Feature", "properties": { "osm_id": "node/10177662896", "amenity": "charging_station", "shop": null, "office": null, "tourism": null, "healthcare": null, "craft": null, "name": null, "addr:housenumber": null, "addr:street": null }, "geometry": { "type": "Point", "coordinates": [ 77.6441735, 12.9137732 ] } },
{ "type": "Feature", "properties": { "osm_id": "node/10213564140", "amenity": "clinic", "shop": null, "office": null, "tourism": null, "healthcare": "clinic", "craft": null, "name": "Aspire", "addr:housenumber": null, "addr:street": null }, "geometry": { "type": "Point", "coordinates": [ 77.64467, 12.9174363 ] } },
{ "type": "Feature", "properties": { "osm_id": "node/10228963971", "amenity": "ice_cream", "shop": null, "office": null, "tourism": null, "healthcare": null, "craft": null, "name": "Polar Bear", "addr:housenumber": null, "addr:street": null }, "geometry": { "type": "Point", "coordinates": [ 77.6517239, 12.9110517 ] } },
{ "type": "Feature", "properties": { "osm_id": "node/10228963972", "amenity": null, "shop": "beauty", "office": null, "tourism": null, "healthcare": null, "craft": null, "name": "Aveda x Nykaa", "addr:housenumber": null, "addr:street": null }, "geometry": { "type": "Point", "coordinates": [ 77.6520525, 12.9104347 ] } },
{ "type": "Feature", "properties": { "osm_id": "node/10228963973", "amenity": null, "shop": "jewelry", "office": null, "tourism": null, "healthcare": null, "craft": null, "name": "Allura Imitation", "addr:housenumber": null, "addr:street": null }, "geometry": { "type": "Point", "coordinates": [ 77.6520297, 12.9105511 ] } },
{ "type": "Feature", "properties": { "osm_id": "node/10228963974", "amenity": null, "shop": "beauty", "office": null, "tourism": null, "healthcare": null, "craft": null, "name": "VLCC Wellness Centre", "addr:housenumber": null, "addr:street": null }, "geometry": { "type": "Point", "coordinates": [ 77.6516823, 12.9106178 ] } },
{ "type": "Feature", "properties": { "osm_id": "node/10293635625", "amenity": null, "shop": null, "office": null, "tourism": "hotel", "healthcare": null, "craft": null, "name": "Nestaway", "addr:housenumber": null, "addr:street": null }, "geometry": { "type": "Point", "coordinates": [ 77.6456594, 12.9158426 ] } },
{ "type": "Feature", "properties": { "osm_id": "node/10293635626", "amenity": null, "shop": null, "office": null, "tourism": null, "healthcare": null, "craft": "gardener", "name": null, "addr:housenumber": null, "addr:street": null }, "geometry": { "type": "Point", "coordinates": [ 77.6451606, 12.9190242 ] } },
{ "type": "Feature", "properties": { "osm_id": "node/10293635627", "amenity": "coworking_space", "shop": null, "office": "coworking", "tourism": null, "healthcare": null, "craft": null, "name": "Attic Space", "addr:housenumber": null, "addr:street": "Outer Ring Road" }, "geometry": { "type": "Point", "coordinates": [ 77.6378911, 12.9162419 ] } },
{ "type": "Feature", "properties": { "osm_id": "node/10295539815", "amenity": null, "shop": null, "office": "company", "tourism": null, "healthcare": null, "craft": null, "name": "Ignitarium", "addr:housenumber": null, "addr:street": null }, "geometry": { "type": "Point", "coordinates": [ 77.6516207, 12.9135511 ] } },
{ "type": "Feature", "properties": { "osm_id": "node/10296378589", "amenity": "pub", "shop": null, "office": null, "tourism": null, "healthcare": null, "craft": null, "name": "Atlantis", "addr:housenumber": null, "addr:street": null }, "geometry": { "type": "Point", "coordinates": [ 77.6403192, 12.924028 ] } },
{ "type": "Feature", "properties": { "osm_id": "node/10302879020", "amenity": "cafe", "shop": null, "office": null, "tourism": null, "healthcare": null, "craft": null, "name": "Banoffee", "addr:housenumber": null, "addr:street": null }, "geometry": { "type": "Point", "coordinates": [ 77.6383685, 12.9148942 ] } },
{ "type": "Feature", "properties": { "osm_id": "node/10617515634", "amenity": "cafe", "shop": null, "office": null, "tourism": null, "healthcare": null, "craft": null, "name": "Lama's Cafe", "addr:housenumber": null, "addr:street": null }, "geometry": { "type": "Point", "coordinates": [ 77.6522127, 12.9125805 ] } },
{ "type": "Feature", "properties": { "osm_id": "node/10617515635", "amenity": "cafe", "shop": null, "office": null, "tourism": null, "healthcare": null, "craft": null, "name": "Ice Treat Cafe", "addr:housenumber": null, "addr:street": null }, "geometry": { "type": "Point", "coordinates": [ 77.6535082, 12.912647 ] } },
{ "type": "Feature", "properties": { "osm_id": "node/10685071179", "amenity": null, "shop": "boutique", "office": null, "tourism": null, "healthcare": null, "craft": null, "name": "Avantra by Trends", "addr:housenumber": null, "addr:street": null }, "geometry": { "type": "Point", "coordinates": [ 77.6376204, 12.9121614 ] } },
{ "type": "Feature", "properties": { "osm_id": "node/10687892746", "amenity": "bank", "shop": null, "office": null, "tourism": null, "healthcare": null, "craft": null, "name": "State Bank of India", "addr:housenumber": null, "addr:street": null }, "geometry": { "type": "Point", "coordinates": [ 77.6407794, 12.9093675 ] } },
{ "type": "Feature", "properties": { "osm_id": "node/10687892747", "amenity": "atm", "shop": null, "office": null, "tourism": null, "healthcare": null, "craft": null, "name": null, "addr:housenumber": null, "addr:street": null }, "geometry": { "type": "Point", "coordinates": [ 77.640848, 12.9093651 ] } },
{ "type": "Feature", "properties": { "osm_id": "node/10688131570", "amenity": "bank", "shop": null, "office": null, "tourism": null, "healthcare": null, "craft": null, "name": "HDFC Bank", "addr:housenumber": null, "addr:street": null }, "geometry": { "type": "Point", "coordinates": [ 77.6379835, 12.9165476 ] } },
{ "type": "Feature", "properties": { "osm_id": "node/10718179795", "amenity": "atm", "shop": null, "office": null, "tourism": null, "healthcare": null, "craft": null, "name": "SBI Sector 2‌, HSR Layout", "addr:housenumber": null, "addr:street": null }, "geometry": { "type": "Point", "coordinates": [ 77.6517238, 12.9118578 ] } },
{ "type": "Feature", "properties": { "osm_id": "node/10718179796", "amenity": "atm", "shop": null, "office": null, "tourism": null, "healthcare": null, "craft": null, "name": "Union Bank HSR Layout", "addr:housenumber": null, "addr:street": null }, "geometry": { "type": "Point", "coordinates": [ 77.6523053, 12.9126149 ] } },
{ "type": "Feature", "properties": { "osm_id": "node/10718514443", "amenity": "clinic", "shop": null, "office": null, "tourism": null, "healthcare": "clinic", "craft": null, "name": "Jiva Ayurveda", "addr:housenumber": null, "addr:street": null }, "geometry": { "type": "Point", "coordinates": [ 77.6519241, 12.9127582 ] } },
{ "type": "Feature", "properties": { "osm_id": "node/10718658055", "amenity": "pharmacy", "shop": null, "office": null, "tourism": null, "healthcare": "pharmacy", "craft": null, "name": "Ram Medicals HSR Layout", "addr:housenumber": null, "addr:street": null }, "geometry": { "type": "Point", "coordinates": [ 77.6519251, 12.9127558 ] } },
{ "type": "Feature", "properties": { "osm_id": "node/10746272637", "amenity": "post_office", "shop": null, "office": null, "tourism": null, "healthcare": null, "craft": null, "name": "India Post Office", "addr:housenumber": null, "addr:street": null }, "geometry": { "type": "Point", "coordinates": [ 77.6536904, 12.9118509 ] } },
{ "type": "Feature", "properties": { "osm_id": "node/10778975981", "amenity": "doctors", "shop": null, "office": null, "tourism": null, "healthcare": null, "craft": null, "name": "Padithem Health Centre", "addr:housenumber": null, "addr:street": null }, "geometry": { "type": "Point", "coordinates": [ 77.651886, 12.9078712 ] } },
{ "type": "Feature", "properties": { "osm_id": "node/10857375012", "amenity": "fast_food", "shop": null, "office": null, "tourism": null, "healthcare": null, "craft": null, "name": "ARLO'S", "addr:housenumber": null, "addr:street": null }, "geometry": { "type": "Point", "coordinates": [ 77.6508924, 12.9195863 ] } },
{ "type": "Feature", "properties": { "osm_id": "node/10861562367", "amenity": null, "shop": "supermarket", "office": null, "tourism": null, "healthcare": null, "craft": null, "name": "DMart X", "addr:housenumber": null, "addr:street": null }, "geometry": { "type": "Point", "coordinates": [ 77.649252, 12.9167621 ] } },
{ "type": "Feature", "properties": { "osm_id": "node/10878211108", "amenity": null, "shop": null, "office": "company", "tourism": null, "healthcare": null, "craft": null, "name": "Urban Vault 591", "addr:housenumber": null, "addr:street": null }, "geometry": { "type": "Point", "coordinates": [ 77.6394036, 12.9091529 ] } },
{ "type": "Feature", "properties": { "osm_id": "node/10924790339", "amenity": null, "shop": "electronics", "office": null, "tourism": null, "healthcare": null, "craft": null, "name": "Asus", "addr:housenumber": null, "addr:street": null }, "geometry": { "type": "Point", "coordinates": [ 77.6513464, 12.9211896 ] } },
{ "type": "Feature", "properties": { "osm_id": "node/11006391105", "amenity": null, "shop": null, "office": null, "tourism": null, "healthcare": null, "craft": "electronics_repair", "name": "F1 info solutions and services pvt ltd", "addr:housenumber": null, "addr:street": "13th Cross Road" }, "geometry": { "type": "Point", "coordinates": [ 77.6309745, 12.9161421 ] } },
{ "type": "Feature", "properties": { "osm_id": "node/11061488462", "amenity": "restaurant", "shop": null, "office": null, "tourism": null, "healthcare": null, "craft": null, "name": "Biryani Blues", "addr:housenumber": null, "addr:street": null }, "geometry": { "type": "Point", "coordinates": [ 77.6383224, 12.9139024 ] } },
{ "type": "Feature", "properties": { "osm_id": "node/11061488463", "amenity": null, "shop": "furniture", "office": null, "tourism": null, "healthcare": null, "craft": null, "name": "Urban Ladder", "addr:housenumber": null, "addr:street": null }, "geometry": { "type": "Point", "coordinates": [ 77.638385, 12.91384 ] } },
{ "type": "Feature", "properties": { "osm_id": "node/11061527357", "amenity": "cafe", "shop": null, "office": null, "tourism": null, "healthcare": null, "craft": null, "name": "Beanlore", "addr:housenumber": null, "addr:street": null }, "geometry": { "type": "Point", "coordinates": [ 77.6417639, 12.9123548 ] } },
{ "type": "Feature", "properties": { "osm_id": "node/11061527358", "amenity": "fast_food", "shop": null, "office": null, "tourism": null, "healthcare": null, "craft": null, "name": "Taco Bell", "addr:housenumber": null, "addr:street": null }, "geometry": { "type": "Point", "coordinates": [ 77.6413723, 12.9123847 ] } },
{ "type": "Feature", "properties": { "osm_id": "node/11061527379", "amenity": null, "shop": null, "office": "company", "tourism": null, "healthcare": null, "craft": null, "name": "Khatabook", "addr:housenumber": null, "addr:street": null }, "geometry": { "type": "Point", "coordinates": [ 77.6442736, 12.9117415 ] } },
{ "type": "Feature", "properties": { "osm_id": "node/11082745158", "amenity": "ice_cream", "shop": null, "office": null, "tourism": null, "healthcare": null, "craft": null, "name": "Italian Creamery", "addr:housenumber": null, "addr:street": null }, "geometry": { "type": "Point", "coordinates": [ 77.6413689, 12.911802 ] } },
{ "type": "Feature", "properties": { "osm_id": "node/11082745159", "amenity": null, "shop": "confectionery", "office": null, "tourism": null, "healthcare": null, "craft": null, "name": "Ledikeni Sweets", "addr:housenumber": "810", "addr:street": "27th Main Road" }, "geometry": { "type": "Point", "coordinates": [ 77.6512923, 12.9174139 ] } },
{ "type": "Feature", "properties": { "osm_id": "node/11082745160", "amenity": null, "shop": "confectionery", "office": null, "tourism": null, "healthcare": null, "craft": null, "name": "Sangam", "addr:housenumber": null, "addr:street": null }, "geometry": { "type": "Point", "coordinates": [ 77.6412174, 12.9118138 ] } },
{ "type": "Feature", "properties": { "osm_id": "node/11082745161", "amenity": null, "shop": "bakery", "office": null, "tourism": null, "healthcare": null, "craft": null, "name": "Le Crostini", "addr:housenumber": null, "addr:street": null }, "geometry": { "type": "Point", "coordinates": [ 77.6413756, 12.9117114 ] } },
{ "type": "Feature", "properties": { "osm_id": "node/11085582492", "amenity": null, "shop": "pastry", "office": null, "tourism": null, "healthcare": null, "craft": null, "name": "Cakes For Treat", "addr:housenumber": null, "addr:street": null }, "geometry": { "type": "Point", "coordinates": [ 77.6478046, 12.9151663 ] } },
{ "type": "Feature", "properties": { "osm_id": "node/11085582494", "amenity": null, "shop": "hairdresser", "office": null, "tourism": null, "healthcare": null, "craft": null, "name": "RG Unisex Salon", "addr:housenumber": null, "addr:street": null }, "geometry": { "type": "Point", "coordinates": [ 77.6491105, 12.9051719 ] } },
{ "type": "Feature", "properties": { "osm_id": "node/11085582497", "amenity": "cafe", "shop": "pastry", "office": null, "tourism": null, "healthcare": null, "craft": null, "name": "Glen's Bakehouse", "addr:housenumber": null, "addr:street": "17th Cross" }, "geometry": { "type": "Point", "coordinates": [ 77.6482942, 12.9120817 ] } },
{ "type": "Feature", "properties": { "osm_id": "node/11085582498", "amenity": "fast_food", "shop": null, "office": null, "tourism": null, "healthcare": null, "craft": null, "name": "Fresh Cane Juice", "addr:housenumber": null, "addr:street": null }, "geometry": { "type": "Point", "coordinates": [ 77.64933, 12.9053754 ] } },
{ "type": "Feature", "properties": { "osm_id": "node/11085582499", "amenity": "fast_food", "shop": null, "office": null, "tourism": null, "healthcare": null, "craft": null, "name": "Sai Ram Hot Chips", "addr:housenumber": null, "addr:street": "24th Main Road" }, "geometry": { "type": "Point", "coordinates": [ 77.649146, 12.9139796 ] } },
{ "type": "Feature", "properties": { "osm_id": "node/11085582500", "amenity": "restaurant", "shop": null, "office": null, "tourism": null, "healthcare": null, "craft": null, "name": "Kolkata Famous Kati Roll", "addr:housenumber": null, "addr:street": null }, "geometry": { "type": "Point", "coordinates": [ 77.6516824, 12.9136695 ] } },
{ "type": "Feature", "properties": { "osm_id": "node/11085582502", "amenity": null, "shop": "confectionery", "office": null, "tourism": null, "healthcare": null, "craft": null, "name": "Banoffee", "addr:housenumber": null, "addr:street": null }, "geometry": { "type": "Point", "coordinates": [ 77.63836, 12.9148275 ] } },
{ "type": "Feature", "properties": { "osm_id": "node/11085582503", "amenity": "fast_food", "shop": null, "office": null, "tourism": null, "healthcare": null, "craft": null, "name": "HSR Fresh Cane Juice", "addr:housenumber": "25333", "addr:street": "24th Main Rd, Vanganahalli, 1st Sector, HSR Layout 5th Sector, Bengaluru," }, "geometry": { "type": "Point", "coordinates": [ 77.6489032, 12.9122001 ] } },
{ "type": "Feature", "properties": { "osm_id": "node/11085582504", "amenity": "hospital", "shop": null, "office": null, "tourism": null, "healthcare": "hospital", "craft": null, "name": "Lotus Hospital", "addr:housenumber": null, "addr:street": "24th Main Rd, Vanganahalli, 1st Sector, HSR Layout 5th Sector, Bengaluru," }, "geometry": { "type": "Point", "coordinates": [ 77.6491563, 12.9144825 ] } },
{ "type": "Feature", "properties": { "osm_id": "node/11085606205", "amenity": null, "shop": "bakery", "office": null, "tourism": null, "healthcare": null, "craft": null, "name": "CBNB", "addr:housenumber": null, "addr:street": null }, "geometry": { "type": "Point", "coordinates": [ 77.6471164, 12.9167605 ] } },
{ "type": "Feature", "properties": { "osm_id": "node/11085606207", "amenity": null, "shop": "tea", "office": null, "tourism": null, "healthcare": null, "craft": null, "name": "Mashallah Tea", "addr:housenumber": null, "addr:street": "24th Main Rd, Vanganahalli, 1st Sector, HSR Layout 5th Sector, Bengaluru," }, "geometry": { "type": "Point", "coordinates": [ 77.6491762, 12.9140126 ] } },
{ "type": "Feature", "properties": { "osm_id": "node/11085606209", "amenity": null, "shop": "bakery", "office": null, "tourism": null, "healthcare": null, "craft": "brunch", "name": "Ciciana", "addr:housenumber": null, "addr:street": null }, "geometry": { "type": "Point", "coordinates": [ 77.6517283, 12.9137907 ] } },
{ "type": "Feature", "properties": { "osm_id": "node/11085606210", "amenity": "restaurant", "shop": null, "office": null, "tourism": null, "healthcare": null, "craft": null, "name": "Sri Balaji Sweets", "addr:housenumber": null, "addr:street": null }, "geometry": { "type": "Point", "coordinates": [ 77.6519727, 12.9134457 ] } },
{ "type": "Feature", "properties": { "osm_id": "node/11085606211", "amenity": null, "shop": "confectionery", "office": null, "tourism": null, "healthcare": null, "craft": null, "name": "Pooja Sweets", "addr:housenumber": null, "addr:street": null }, "geometry": { "type": "Point", "coordinates": [ 77.644901, 12.9154164 ] } },
{ "type": "Feature", "properties": { "osm_id": "node/11085606212", "amenity": "fast_food", "shop": null, "office": null, "tourism": null, "healthcare": null, "craft": null, "name": "Nagashree Juice", "addr:housenumber": null, "addr:street": "24th Main Rd, Vanganahalli, 1st Sector, HSR Layout 5th Sector, Bengaluru," }, "geometry": { "type": "Point", "coordinates": [ 77.6489844, 12.9137655 ] } },
{ "type": "Feature", "properties": { "osm_id": "node/11085606213", "amenity": "restaurant", "shop": null, "office": null, "tourism": null, "healthcare": null, "craft": null, "name": "Shree Muthahalli Veg", "addr:housenumber": null, "addr:street": "19th Main Road" }, "geometry": { "type": "Point", "coordinates": [ 77.6446256, 12.9148413 ] } },
{ "type": "Feature", "properties": { "osm_id": "node/11085606214", "amenity": null, "shop": "pastry", "office": null, "tourism": null, "healthcare": null, "craft": null, "name": "Ank Cakeland", "addr:housenumber": null, "addr:street": null }, "geometry": { "type": "Point", "coordinates": [ 77.6467714, 12.9151622 ] } },
{ "type": "Feature", "properties": { "osm_id": "node/11085704835", "amenity": "restaurant", "shop": null, "office": null, "tourism": null, "healthcare": null, "craft": null, "name": "Suku", "addr:housenumber": null, "addr:street": null }, "geometry": { "type": "Point", "coordinates": [ 77.6490166, 12.9038504 ] } },
{ "type": "Feature", "properties": { "osm_id": "node/11085704838", "amenity": null, "shop": "farm", "office": null, "tourism": null, "healthcare": null, "craft": null, "name": "Coconut Seller", "addr:housenumber": null, "addr:street": null }, "geometry": { "type": "Point", "coordinates": [ 77.6472892, 12.915607 ] } },
{ "type": "Feature", "properties": { "osm_id": "node/11085704839", "amenity": null, "shop": "convenience", "office": null, "tourism": null, "healthcare": null, "craft": null, "name": "Sri Lakshmi Venkateshwara Papers", "addr:housenumber": null, "addr:street": null }, "geometry": { "type": "Point", "coordinates": [ 77.6471367, 12.915292 ] } },
{ "type": "Feature", "properties": { "osm_id": "node/11085704840", "amenity": null, "shop": "dry_cleaning", "office": null, "tourism": null, "healthcare": null, "craft": null, "name": "VR Dry Cleaners", "addr:housenumber": null, "addr:street": null }, "geometry": { "type": "Point", "coordinates": [ 77.6473764, 12.9155686 ] } },
{ "type": "Feature", "properties": { "osm_id": "node/11086634346", "amenity": null, "shop": null, "office": null, "tourism": "gallery", "healthcare": null, "craft": null, "name": "NIFT College Art Gallery", "addr:housenumber": null, "addr:street": null }, "geometry": { "type": "Point", "coordinates": [ 77.653312, 12.9118297 ] } },
{ "type": "Feature", "properties": { "osm_id": "node/11100881387", "amenity": null, "shop": "supermarket", "office": null, "tourism": null, "healthcare": null, "craft": null, "name": "Green Fresh", "addr:housenumber": null, "addr:street": null }, "geometry": { "type": "Point", "coordinates": [ 77.6392625, 12.9091698 ] } },
{ "type": "Feature", "properties": { "osm_id": "node/11147908529", "amenity": null, "shop": "supermarket", "office": null, "tourism": null, "healthcare": null, "craft": null, "name": "Star Bazaar", "addr:housenumber": null, "addr:street": null }, "geometry": { "type": "Point", "coordinates": [ 77.6330862, 12.9123087 ] } },
{ "type": "Feature", "properties": { "osm_id": "node/11202391302", "amenity": "cafe", "shop": null, "office": null, "tourism": null, "healthcare": null, "craft": null, "name": "Shades of Coffee", "addr:housenumber": null, "addr:street": null }, "geometry": { "type": "Point", "coordinates": [ 77.6393304, 12.9094275 ] } },
{ "type": "Feature", "properties": { "osm_id": "node/11230900718", "amenity": null, "shop": "toys", "office": null, "tourism": null, "healthcare": null, "craft": null, "name": "Hamleys", "addr:housenumber": null, "addr:street": null }, "geometry": { "type": "Point", "coordinates": [ 77.6519448, 12.9169426 ] } },
{ "type": "Feature", "properties": { "osm_id": "node/11230900719", "amenity": null, "shop": "clothes", "office": null, "tourism": null, "healthcare": null, "craft": null, "name": "Reliance Trends", "addr:housenumber": null, "addr:street": null }, "geometry": { "type": "Point", "coordinates": [ 77.6518903, 12.9171255 ] } },
{ "type": "Feature", "properties": { "osm_id": "node/11230900720", "amenity": null, "shop": "sports", "office": null, "tourism": null, "healthcare": null, "craft": null, "name": "Adidas", "addr:housenumber": null, "addr:street": null }, "geometry": { "type": "Point", "coordinates": [ 77.6519145, 12.9168182 ] } },
{ "type": "Feature", "properties": { "osm_id": "node/11232366369", "amenity": null, "shop": null, "office": "coworking", "tourism": null, "healthcare": null, "craft": null, "name": "Honeykomb", "addr:housenumber": null, "addr:street": null }, "geometry": { "type": "Point", "coordinates": [ 77.6521933, 12.9159975 ] } },
{ "type": "Feature", "properties": { "osm_id": "node/11232366410", "amenity": null, "shop": null, "office": "company", "tourism": null, "healthcare": null, "craft": null, "name": "Exdera - UI UX Design Agency in Bangalore", "addr:housenumber": null, "addr:street": null }, "geometry": { "type": "Point", "coordinates": [ 77.6514772, 12.9164269 ] } },
{ "type": "Feature", "properties": { "osm_id": "node/11232366431", "amenity": "bicycle_parking", "shop": null, "office": null, "tourism": null, "healthcare": null, "craft": null, "name": null, "addr:housenumber": null, "addr:street": null }, "geometry": { "type": "Point", "coordinates": [ 77.6518714, 12.9149995 ] } },
{ "type": "Feature", "properties": { "osm_id": "node/11232366432", "amenity": "bicycle_parking", "shop": null, "office": null, "tourism": null, "healthcare": null, "craft": null, "name": null, "addr:housenumber": null, "addr:street": null }, "geometry": { "type": "Point", "coordinates": [ 77.6518688, 12.91504 ] } },
{ "type": "Feature", "properties": { "osm_id": "node/11232366433", "amenity": "bicycle_parking", "shop": null, "office": null, "tourism": null, "healthcare": null, "craft": null, "name": null, "addr:housenumber": null, "addr:street": null }, "geometry": { "type": "Point", "coordinates": [ 77.6518661, 12.9151236 ] } },
{ "type": "Feature", "properties": { "osm_id": "node/11232366434", "amenity": "bicycle_parking", "shop": null, "office": null, "tourism": null, "healthcare": null, "craft": null, "name": null, "addr:housenumber": null, "addr:street": null }, "geometry": { "type": "Point", "coordinates": [ 77.6518661, 12.9150766 ] } },
{ "type": "Feature", "properties": { "osm_id": "node/11232366435", "amenity": "cafe", "shop": null, "office": null, "tourism": null, "healthcare": null, "craft": null, "name": "Napoli", "addr:housenumber": null, "addr:street": null }, "geometry": { "type": "Point", "coordinates": [ 77.6524696, 12.912674 ] } },
{ "type": "Feature", "properties": { "osm_id": "node/11232384244", "amenity": "cafe", "shop": null, "office": null, "tourism": null, "healthcare": null, "craft": null, "name": "Yes Sir", "addr:housenumber": null, "addr:street": null }, "geometry": { "type": "Point", "coordinates": [ 77.6536565, 12.9131129 ] } },
{ "type": "Feature", "properties": { "osm_id": "node/11232384245", "amenity": "cafe", "shop": null, "office": null, "tourism": null, "healthcare": null, "craft": null, "name": "Toping Twist", "addr:housenumber": null, "addr:street": null }, "geometry": { "type": "Point", "coordinates": [ 77.6536558, 12.9130612 ] } },
{ "type": "Feature", "properties": { "osm_id": "node/11232392244", "amenity": "events_venue", "shop": null, "office": null, "tourism": null, "healthcare": null, "craft": null, "name": "Mello Experience Center", "addr:housenumber": null, "addr:street": null }, "geometry": { "type": "Point", "coordinates": [ 77.6383415, 12.9132765 ] } },
{ "type": "Feature", "properties": { "osm_id": "node/11241236756", "amenity": null, "shop": "hairdresser", "office": null, "tourism": null, "healthcare": null, "craft": null, "name": "N K Waris Salon", "addr:housenumber": null, "addr:street": null }, "geometry": { "type": "Point", "coordinates": [ 77.6363959, 12.912479 ] } },
{ "type": "Feature", "properties": { "osm_id": "node/11242033363", "amenity": null, "shop": "electronics", "office": null, "tourism": null, "healthcare": null, "craft": null, "name": "Samsung SmartCafe", "addr:housenumber": null, "addr:street": null }, "geometry": { "type": "Point", "coordinates": [ 77.6362476, 12.9125011 ] } },
{ "type": "Feature", "properties": { "osm_id": "node/11245989083", "amenity": null, "shop": "tailor", "office": null, "tourism": null, "healthcare": null, "craft": null, "name": "Raj Tailor", "addr:housenumber": "314", "addr:street": "6th Main Road" }, "geometry": { "type": "Point", "coordinates": [ 77.6359691, 12.9206511 ] } },
{ "type": "Feature", "properties": { "osm_id": "node/11248222101", "amenity": null, "shop": "furniture", "office": null, "tourism": null, "healthcare": null, "craft": null, "name": "Furlenco", "addr:housenumber": null, "addr:street": null }, "geometry": { "type": "Point", "coordinates": [ 77.6436353, 12.9123483 ] } },
{ "type": "Feature", "properties": { "osm_id": "node/11248222102", "amenity": null, "shop": "clothes", "office": null, "tourism": null, "healthcare": null, "craft": null, "name": "Yazhi Silks", "addr:housenumber": null, "addr:street": null }, "geometry": { "type": "Point", "coordinates": [ 77.6437874, 12.9124098 ] } },
{ "type": "Feature", "properties": { "osm_id": "node/11248247737", "amenity": null, "shop": "clothes", "office": null, "tourism": null, "healthcare": null, "craft": null, "name": "Kapdachar", "addr:housenumber": null, "addr:street": null }, "geometry": { "type": "Point", "coordinates": [ 77.644082, 12.912311 ] } },
{ "type": "Feature", "properties": { "osm_id": "node/11248247738", "amenity": "bank", "shop": null, "office": null, "tourism": null, "healthcare": null, "craft": null, "name": "Axis Bank", "addr:housenumber": null, "addr:street": null }, "geometry": { "type": "Point", "coordinates": [ 77.6439107, 12.9123225 ] } },
{ "type": "Feature", "properties": { "osm_id": "node/11248247739", "amenity": null, "shop": null, "office": "company", "tourism": null, "healthcare": null, "craft": null, "name": "AppsForBharat", "addr:housenumber": null, "addr:street": null }, "geometry": { "type": "Point", "coordinates": [ 77.6439104, 12.9123671 ] } },
{ "type": "Feature", "properties": { "osm_id": "node/11248247740", "amenity": "bar", "shop": null, "office": null, "tourism": null, "healthcare": null, "craft": null, "name": "The Cirkus Bar", "addr:housenumber": null, "addr:street": null }, "geometry": { "type": "Point", "coordinates": [ 77.6437969, 12.9123355 ] } },
{ "type": "Feature", "properties": { "osm_id": "node/11248332956", "amenity": null, "shop": "clothes", "office": null, "tourism": null, "healthcare": null, "craft": null, "name": "Ownd", "addr:housenumber": null, "addr:street": null }, "geometry": { "type": "Point", "coordinates": [ 77.6493964, 12.9117618 ] } },
{ "type": "Feature", "properties": { "osm_id": "node/11250697610", "amenity": null, "shop": "clothes", "office": null, "tourism": null, "healthcare": null, "craft": null, "name": "Adco", "addr:housenumber": null, "addr:street": null }, "geometry": { "type": "Point", "coordinates": [ 77.6325388, 12.9127486 ] } },
{ "type": "Feature", "properties": { "osm_id": "node/11250697654", "amenity": null, "shop": "mobile_phone", "office": null, "tourism": null, "healthcare": null, "craft": null, "name": "Airtel", "addr:housenumber": null, "addr:street": null }, "geometry": { "type": "Point", "coordinates": [ 77.6328172, 12.9126127 ] } },
{ "type": "Feature", "properties": { "osm_id": "node/11250719123", "amenity": "doctors", "shop": null, "office": null, "tourism": null, "healthcare": "doctor", "craft": null, "name": "Chandini Neuro Specialty Clinic", "addr:housenumber": null, "addr:street": null }, "geometry": { "type": "Point", "coordinates": [ 77.6325493, 12.912655 ] } },
{ "type": "Feature", "properties": { "osm_id": "node/11250726315", "amenity": null, "shop": "interior_decoration", "office": null, "tourism": null, "healthcare": null, "craft": null, "name": "Puran Interiors", "addr:housenumber": null, "addr:street": null }, "geometry": { "type": "Point", "coordinates": [ 77.6328115, 12.9126728 ] } },
{ "type": "Feature", "properties": { "osm_id": "node/11250726425", "amenity": "fast_food", "shop": null, "office": null, "tourism": null, "healthcare": null, "craft": null, "name": "Domino's", "addr:housenumber": null, "addr:street": null }, "geometry": { "type": "Point", "coordinates": [ 77.6322984, 12.9129158 ] } },
{ "type": "Feature", "properties": { "osm_id": "node/11250733209", "amenity": null, "shop": null, "office": null, "tourism": null, "healthcare": "physiotherapist", "craft": null, "name": "Quantum Physiotherapy", "addr:housenumber": null, "addr:street": null }, "geometry": { "type": "Point", "coordinates": [ 77.6325615, 12.9127191 ] } },
{ "type": "Feature", "properties": { "osm_id": "node/11250737409", "amenity": "ice_cream", "shop": null, "office": null, "tourism": null, "healthcare": null, "craft": null, "name": "Polar Bear Ice Cream", "addr:housenumber": null, "addr:street": null }, "geometry": { "type": "Point", "coordinates": [ 77.6327999, 12.9126156 ] } },
{ "type": "Feature", "properties": { "osm_id": "node/11250739211", "amenity": "pub", "shop": null, "office": null, "tourism": null, "healthcare": null, "craft": null, "name": "Catchup Pub and Kitchen", "addr:housenumber": null, "addr:street": null }, "geometry": { "type": "Point", "coordinates": [ 77.6331202, 12.9126085 ] } },
{ "type": "Feature", "properties": { "osm_id": "node/11250746988", "amenity": null, "shop": null, "office": "company", "tourism": null, "healthcare": null, "craft": null, "name": "Klay Child Development and Care", "addr:housenumber": null, "addr:street": null }, "geometry": { "type": "Point", "coordinates": [ 77.6321691, 12.9144546 ] } },
{ "type": "Feature", "properties": { "osm_id": "node/11250746994", "amenity": null, "shop": "health_food", "office": null, "tourism": null, "healthcare": null, "craft": null, "name": "Sufiyan Dates and Nuts", "addr:housenumber": null, "addr:street": null }, "geometry": { "type": "Point", "coordinates": [ 77.6325538, 12.9144813 ] } },
{ "type": "Feature", "properties": { "osm_id": "node/11250748512", "amenity": null, "shop": "car_parts", "office": null, "tourism": null, "healthcare": null, "craft": null, "name": "Fitwell - Car Seat Cover Makers", "addr:housenumber": null, "addr:street": null }, "geometry": { "type": "Point", "coordinates": [ 77.6325085, 12.9134255 ] } },
{ "type": "Feature", "properties": { "osm_id": "node/11250750534", "amenity": null, "shop": "optician", "office": null, "tourism": null, "healthcare": null, "craft": null, "name": "Titan Eyeplus", "addr:housenumber": null, "addr:street": null }, "geometry": { "type": "Point", "coordinates": [ 77.6322851, 12.9131807 ] } },
{ "type": "Feature", "properties": { "osm_id": "node/11250752263", "amenity": null, "shop": null, "office": "company", "tourism": null, "healthcare": null, "craft": null, "name": "Hudini", "addr:housenumber": null, "addr:street": null }, "geometry": { "type": "Point", "coordinates": [ 77.6332361, 12.9123029 ] } },
{ "type": "Feature", "properties": { "osm_id": "node/11250752333", "amenity": null, "shop": null, "office": "company", "tourism": null, "healthcare": null, "craft": null, "name": "Greet Technologies", "addr:housenumber": null, "addr:street": null }, "geometry": { "type": "Point", "coordinates": [ 77.6321772, 12.914575 ] } },
{ "type": "Feature", "properties": { "osm_id": "node/11250754318", "amenity": null, "shop": null, "office": "company", "tourism": null, "healthcare": null, "craft": null, "name": "Raythink", "addr:housenumber": null, "addr:street": null }, "geometry": { "type": "Point", "coordinates": [ 77.633186, 12.9122982 ] } },
{ "type": "Feature", "properties": { "osm_id": "node/11250757272", "amenity": null, "shop": "shoes", "office": null, "tourism": null, "healthcare": null, "craft": null, "name": "Khadims", "addr:housenumber": null, "addr:street": null }, "geometry": { "type": "Point", "coordinates": [ 77.6330059, 12.9125822 ] } },
{ "type": "Feature", "properties": { "osm_id": "node/11250759679", "amenity": "dentist", "shop": null, "office": null, "tourism": null, "healthcare": "dentist", "craft": null, "name": "Denton Dental Clinic", "addr:housenumber": null, "addr:street": null }, "geometry": { "type": "Point", "coordinates": [ 77.6325502, 12.9126891 ] } },
{ "type": "Feature", "properties": { "osm_id": "node/11250759681", "amenity": null, "shop": null, "office": "company", "tourism": null, "healthcare": null, "craft": null, "name": "Athma", "addr:housenumber": null, "addr:street": null }, "geometry": { "type": "Point", "coordinates": [ 77.6325202, 12.9137799 ] } },
{ "type": "Feature", "properties": { "osm_id": "node/11250759891", "amenity": null, "shop": null, "office": "estate_agent", "tourism": null, "healthcare": null, "craft": null, "name": "Golden Real Estate", "addr:housenumber": null, "addr:street": null }, "geometry": { "type": "Point", "coordinates": [ 77.6326755, 12.9123279 ] } },
{ "type": "Feature", "properties": { "osm_id": "node/11250759916", "amenity": null, "shop": "alcohol", "office": null, "tourism": null, "healthcare": null, "craft": null, "name": "Baggana UB Spirits", "addr:housenumber": null, "addr:street": null }, "geometry": { "type": "Point", "coordinates": [ 77.6325187, 12.9133475 ] } },
{ "type": "Feature", "properties": { "osm_id": "node/11250760175", "amenity": "bank", "shop": null, "office": null, "tourism": null, "healthcare": null, "craft": null, "name": "Sreenidhi Souhardha Sahakari Bank", "addr:housenumber": null, "addr:street": null }, "geometry": { "type": "Point", "coordinates": [ 77.6325549, 12.9131925 ] } },
{ "type": "Feature", "properties": { "osm_id": "node/11250760185", "amenity": null, "shop": null, "office": "company", "tourism": null, "healthcare": null, "craft": null, "name": "Medha Analytics", "addr:housenumber": null, "addr:street": null }, "geometry": { "type": "Point", "coordinates": [ 77.6325155, 12.913824 ] } },
{ "type": "Feature", "properties": { "osm_id": "node/11250760186", "amenity": null, "shop": null, "office": "insurance", "tourism": null, "healthcare": null, "craft": null, "name": "Pazcare", "addr:housenumber": null, "addr:street": null }, "geometry": { "type": "Point", "coordinates": [ 77.6325111, 12.9139226 ] } },
{ "type": "Feature", "properties": { "osm_id": "node/11250765213", "amenity": null, "shop": null, "office": "company", "tourism": null, "healthcare": null, "craft": null, "name": "Bewakoof.com", "addr:housenumber": null, "addr:street": null }, "geometry": { "type": "Point", "coordinates": [ 77.6321544, 12.9140768 ] } },
{ "type": "Feature", "properties": { "osm_id": "node/11250766548", "amenity": null, "shop": "optician", "office": null, "tourism": null, "healthcare": null, "craft": null, "name": "Eye World Optician", "addr:housenumber": null, "addr:street": null }, "geometry": { "type": "Point", "coordinates": [ 77.6325628, 12.9125847 ] } },
{ "type": "Feature", "properties": { "osm_id": "node/11250766549", "amenity": null, "shop": "copyshop", "office": null, "tourism": null, "healthcare": null, "craft": null, "name": "PrintQ", "addr:housenumber": null, "addr:street": null }, "geometry": { "type": "Point", "coordinates": [ 77.6325518, 12.9131528 ] } },
{ "type": "Feature", "properties": { "osm_id": "node/11250767001", "amenity": null, "shop": "interior_decoration", "office": null, "tourism": null, "healthcare": null, "craft": null, "name": "Space Trend", "addr:housenumber": null, "addr:street": null }, "geometry": { "type": "Point", "coordinates": [ 77.6322623, 12.9132184 ] } },
{ "type": "Feature", "properties": { "osm_id": "node/11250768210", "amenity": null, "shop": null, "office": "company", "tourism": null, "healthcare": null, "craft": null, "name": "Codilar Technologies Pvt Ltd", "addr:housenumber": null, "addr:street": null }, "geometry": { "type": "Point", "coordinates": [ 77.6321989, 12.9143533 ] } },
{ "type": "Feature", "properties": { "osm_id": "node/11250768948", "amenity": null, "shop": "supermarket", "office": null, "tourism": null, "healthcare": null, "craft": null, "name": "Easyday Club", "addr:housenumber": null, "addr:street": null }, "geometry": { "type": "Point", "coordinates": [ 77.6322175, 12.914311 ] } },
{ "type": "Feature", "properties": { "osm_id": "node/11250773208", "amenity": null, "shop": "clothes", "office": null, "tourism": null, "healthcare": null, "craft": null, "name": "Jockey", "addr:housenumber": null, "addr:street": null }, "geometry": { "type": "Point", "coordinates": [ 77.632283, 12.9135353 ] } },
{ "type": "Feature", "properties": { "osm_id": "node/11250773386", "amenity": null, "shop": "pottery", "office": null, "tourism": null, "healthcare": null, "craft": null, "name": "Maati Sona Pottery", "addr:housenumber": null, "addr:street": null }, "geometry": { "type": "Point", "coordinates": [ 77.6326525, 12.9144848 ] } },
{ "type": "Feature", "properties": { "osm_id": "node/11250773703", "amenity": null, "shop": "jewelry", "office": null, "tourism": null, "healthcare": null, "craft": null, "name": "Rajesh Jewellery Mart", "addr:housenumber": null, "addr:street": null }, "geometry": { "type": "Point", "coordinates": [ 77.6325278, 12.9142144 ] } },
{ "type": "Feature", "properties": { "osm_id": "node/11250775969", "amenity": "bank", "shop": null, "office": null, "tourism": null, "healthcare": null, "craft": null, "name": "Jana Small Finance Bank", "addr:housenumber": null, "addr:street": null }, "geometry": { "type": "Point", "coordinates": [ 77.6322295, 12.9140046 ] } },
{ "type": "Feature", "properties": { "osm_id": "node/11250781823", "amenity": "restaurant", "shop": null, "office": null, "tourism": null, "healthcare": null, "craft": null, "name": "Atthemane Restaurants", "addr:housenumber": null, "addr:street": null }, "geometry": { "type": "Point", "coordinates": [ 77.6322007, 12.9139562 ] } },
{ "type": "Feature", "properties": { "osm_id": "node/11250781934", "amenity": null, "shop": null, "office": "coworking", "tourism": null, "healthcare": null, "craft": null, "name": "HoneyKomb", "addr:housenumber": null, "addr:street": null }, "geometry": { "type": "Point", "coordinates": [ 77.6322286, 12.9141673 ] } },
{ "type": "Feature", "properties": { "osm_id": "node/11250784101", "amenity": null, "shop": "laundry", "office": null, "tourism": null, "healthcare": null, "craft": null, "name": "Wash n Wear", "addr:housenumber": null, "addr:street": null }, "geometry": { "type": "Point", "coordinates": [ 77.6328031, 12.9147007 ] } },
{ "type": "Feature", "properties": { "osm_id": "node/11250785226", "amenity": null, "shop": null, "office": "company", "tourism": null, "healthcare": null, "craft": null, "name": "Unbxd", "addr:housenumber": null, "addr:street": null }, "geometry": { "type": "Point", "coordinates": [ 77.6325419, 12.9142772 ] } },
{ "type": "Feature", "properties": { "osm_id": "node/11250788395", "amenity": "restaurant", "shop": null, "office": null, "tourism": null, "healthcare": null, "craft": null, "name": "Curries N Fries", "addr:housenumber": null, "addr:street": null }, "geometry": { "type": "Point", "coordinates": [ 77.6329266, 12.9144911 ] } },
{ "type": "Feature", "properties": { "osm_id": "node/11250792466", "amenity": null, "shop": null, "office": "company", "tourism": null, "healthcare": null, "craft": null, "name": "Betterhalf New Age Matrimony", "addr:housenumber": null, "addr:street": null }, "geometry": { "type": "Point", "coordinates": [ 77.632492, 12.9146907 ] } },
{ "type": "Feature", "properties": { "osm_id": "node/11250794467", "amenity": null, "shop": null, "office": "company", "tourism": null, "healthcare": null, "craft": null, "name": "Magnum Technologies", "addr:housenumber": null, "addr:street": null }, "geometry": { "type": "Point", "coordinates": [ 77.6328301, 12.9144762 ] } },
{ "type": "Feature", "properties": { "osm_id": "node/11250799170", "amenity": null, "shop": null, "office": "company", "tourism": null, "healthcare": null, "craft": null, "name": "Thumbay Technologies", "addr:housenumber": null, "addr:street": null }, "geometry": { "type": "Point", "coordinates": [ 77.6325055, 12.9147669 ] } },
{ "type": "Feature", "properties": { "osm_id": "node/11250800535", "amenity": null, "shop": null, "office": "company", "tourism": null, "healthcare": null, "craft": null, "name": "Sanjeevani Farms", "addr:housenumber": null, "addr:street": null }, "geometry": { "type": "Point", "coordinates": [ 77.6325041, 12.914486 ] } },
{ "type": "Feature", "properties": { "osm_id": "node/11250800536", "amenity": null, "shop": null, "office": "accountant", "tourism": null, "healthcare": null, "craft": null, "name": "SVA associates", "addr:housenumber": null, "addr:street": null }, "geometry": { "type": "Point", "coordinates": [ 77.6325106, 12.9144581 ] } },
{ "type": "Feature", "properties": { "osm_id": "node/11250800951", "amenity": null, "shop": "pet", "office": null, "tourism": null, "healthcare": null, "craft": null, "name": "Furrever Happy", "addr:housenumber": null, "addr:street": null }, "geometry": { "type": "Point", "coordinates": [ 77.6328761, 12.9144882 ] } },
{ "type": "Feature", "properties": { "osm_id": "node/11250802192", "amenity": null, "shop": "computer", "office": null, "tourism": null, "healthcare": null, "craft": null, "name": "Axion Computers", "addr:housenumber": null, "addr:street": null }, "geometry": { "type": "Point", "coordinates": [ 77.6321739, 12.9159987 ] } },
{ "type": "Feature", "properties": { "osm_id": "node/11250802535", "amenity": null, "shop": "optician", "office": null, "tourism": null, "healthcare": null, "craft": null, "name": "Prism Eye Care", "addr:housenumber": null, "addr:street": null }, "geometry": { "type": "Point", "coordinates": [ 77.6324904, 12.9148824 ] } },
{ "type": "Feature", "properties": { "osm_id": "node/11250803686", "amenity": null, "shop": "bakery", "office": null, "tourism": null, "healthcare": null, "craft": null, "name": "Celebrations Bake", "addr:housenumber": null, "addr:street": null }, "geometry": { "type": "Point", "coordinates": [ 77.6329471, 12.9144416 ] } },
{ "type": "Feature", "properties": { "osm_id": "node/11250804964", "amenity": null, "shop": "interior_decoration", "office": null, "tourism": null, "healthcare": null, "craft": null, "name": "Metilli", "addr:housenumber": null, "addr:street": null }, "geometry": { "type": "Point", "coordinates": [ 77.6325028, 12.9151456 ] } },
{ "type": "Feature", "properties": { "osm_id": "node/11250804966", "amenity": null, "shop": "convenience", "office": null, "tourism": null, "healthcare": null, "craft": null, "name": "The Smoke Store", "addr:housenumber": null, "addr:street": null }, "geometry": { "type": "Point", "coordinates": [ 77.6321925, 12.9153592 ] } },
{ "type": "Feature", "properties": { "osm_id": "node/11250809079", "amenity": null, "shop": "clothes", "office": null, "tourism": null, "healthcare": null, "craft": null, "name": "Blissclub", "addr:housenumber": null, "addr:street": null }, "geometry": { "type": "Point", "coordinates": [ 77.6322477, 12.9146969 ] } },
{ "type": "Feature", "properties": { "osm_id": "node/11250809080", "amenity": "restaurant", "shop": null, "office": null, "tourism": null, "healthcare": null, "craft": null, "name": "Tawa Ghar Ka", "addr:housenumber": null, "addr:street": null }, "geometry": { "type": "Point", "coordinates": [ 77.6321844, 12.9152666 ] } },
{ "type": "Feature", "properties": { "osm_id": "node/11250811583", "amenity": "restaurant", "shop": null, "office": null, "tourism": null, "healthcare": null, "craft": null, "name": "Copper Kitchen", "addr:housenumber": null, "addr:street": null }, "geometry": { "type": "Point", "coordinates": [ 77.6321974, 12.9149523 ] } },
{ "type": "Feature", "properties": { "osm_id": "node/11250811584", "amenity": null, "shop": null, "office": "company", "tourism": null, "healthcare": null, "craft": null, "name": "Margadarsi Chits", "addr:housenumber": null, "addr:street": null }, "geometry": { "type": "Point", "coordinates": [ 77.6325371, 12.9152101 ] } },
{ "type": "Feature", "properties": { "osm_id": "node/11250811585", "amenity": null, "shop": "chocolate", "office": null, "tourism": null, "healthcare": null, "craft": null, "name": "Zoroy", "addr:housenumber": null, "addr:street": null }, "geometry": { "type": "Point", "coordinates": [ 77.6321995, 12.915232 ] } },
{ "type": "Feature", "properties": { "osm_id": "node/11250816374", "amenity": "clinic", "shop": null, "office": null, "tourism": null, "healthcare": "clinic", "craft": null, "name": "Epicorium Skin Hair Nail Clinic", "addr:housenumber": null, "addr:street": null }, "geometry": { "type": "Point", "coordinates": [ 77.6325124, 12.9150191 ] } },
{ "type": "Feature", "properties": { "osm_id": "node/11250819195", "amenity": null, "shop": "florist", "office": null, "tourism": null, "healthcare": null, "craft": null, "name": "Fresh Knots", "addr:housenumber": null, "addr:street": null }, "geometry": { "type": "Point", "coordinates": [ 77.6322067, 12.9152006 ] } },
{ "type": "Feature", "properties": { "osm_id": "node/11250819485", "amenity": null, "shop": "clothes", "office": null, "tourism": null, "healthcare": null, "craft": null, "name": "Sporto", "addr:housenumber": null, "addr:street": null }, "geometry": { "type": "Point", "coordinates": [ 77.6321932, 12.9150906 ] } },
{ "type": "Feature", "properties": { "osm_id": "node/11250867039", "amenity": null, "shop": "stationery", "office": null, "tourism": null, "healthcare": null, "craft": null, "name": "Sagar Stationery", "addr:housenumber": null, "addr:street": null }, "geometry": { "type": "Point", "coordinates": [ 77.632111, 12.9182648 ] } },
{ "type": "Feature", "properties": { "osm_id": "node/11258032862", "amenity": null, "shop": "betel", "office": null, "tourism": null, "healthcare": null, "craft": null, "name": "High Street Maghai Paan Shop", "addr:housenumber": null, "addr:street": null }, "geometry": { "type": "Point", "coordinates": [ 77.635112, 12.9127322 ] } },
{ "type": "Feature", "properties": { "osm_id": "node/11258034031", "amenity": "restaurant", "shop": null, "office": null, "tourism": null, "healthcare": null, "craft": null, "name": "Babai Tiffins HSR High Street", "addr:housenumber": null, "addr:street": null }, "geometry": { "type": "Point", "coordinates": [ 77.635114, 12.912748 ] } },
{ "type": "Feature", "properties": { "osm_id": "node/11258035416", "amenity": null, "shop": "bakery", "office": null, "tourism": null, "healthcare": null, "craft": null, "name": "Indian Sweet House", "addr:housenumber": null, "addr:street": null }, "geometry": { "type": "Point", "coordinates": [ 77.6351088, 12.9128181 ] } },
{ "type": "Feature", "properties": { "osm_id": "node/11258036123", "amenity": "restaurant", "shop": null, "office": null, "tourism": null, "healthcare": null, "craft": null, "name": "Quickbites", "addr:housenumber": null, "addr:street": null }, "geometry": { "type": "Point", "coordinates": [ 77.6351149, 12.9127939 ] } },
{ "type": "Feature", "properties": { "osm_id": "node/11258036375", "amenity": "restaurant", "shop": null, "office": null, "tourism": null, "healthcare": null, "craft": null, "name": "Mr. Shawarma & Miss Grills", "addr:housenumber": null, "addr:street": null }, "geometry": { "type": "Point", "coordinates": [ 77.6351127, 12.9127707 ] } },
{ "type": "Feature", "properties": { "osm_id": "node/11259449032", "amenity": null, "shop": "electronics", "office": null, "tourism": null, "healthcare": null, "craft": null, "name": "Fab.to.lab", "addr:housenumber": "525", "addr:street": "2nd A Main Road" }, "geometry": { "type": "Point", "coordinates": [ 77.6286677, 12.9134504 ] } },
{ "type": "Feature", "properties": { "osm_id": "node/11259898775", "amenity": null, "shop": null, "office": null, "tourism": "hostel", "healthcare": null, "craft": null, "name": "PSR Luxury PG for Gents", "addr:housenumber": null, "addr:street": null }, "geometry": { "type": "Point", "coordinates": [ 77.6284933, 12.9126681 ] } },
{ "type": "Feature", "properties": { "osm_id": "node/11259898776", "amenity": null, "shop": null, "office": null, "tourism": "hostel", "healthcare": null, "craft": null, "name": "Zolo Vinson", "addr:housenumber": null, "addr:street": null }, "geometry": { "type": "Point", "coordinates": [ 77.6290049, 12.9127243 ] } },
{ "type": "Feature", "properties": { "osm_id": "node/11259898960", "amenity": null, "shop": null, "office": "company", "tourism": null, "healthcare": null, "craft": null, "name": "MyGate", "addr:housenumber": null, "addr:street": null }, "geometry": { "type": "Point", "coordinates": [ 77.6362368, 12.912187 ] } },
{ "type": "Feature", "properties": { "osm_id": "node/11259899013", "amenity": "restaurant", "shop": null, "office": null, "tourism": null, "healthcare": null, "craft": null, "name": "Raghavendra Tiffins", "addr:housenumber": null, "addr:street": null }, "geometry": { "type": "Point", "coordinates": [ 77.6353859, 12.912755 ] } },
{ "type": "Feature", "properties": { "osm_id": "node/11259899014", "amenity": null, "shop": "bakery", "office": null, "tourism": null, "healthcare": null, "craft": null, "name": "Honey Special Cake", "addr:housenumber": null, "addr:street": null }, "geometry": { "type": "Point", "coordinates": [ 77.6353557, 12.9125178 ] } },
{ "type": "Feature", "properties": { "osm_id": "node/11259899015", "amenity": "cafe", "shop": null, "office": null, "tourism": null, "healthcare": null, "craft": null, "name": "Teatings", "addr:housenumber": null, "addr:street": null }, "geometry": { "type": "Point", "coordinates": [ 77.6354074, 12.9130125 ] } },
{ "type": "Feature", "properties": { "osm_id": "node/11259899016", "amenity": null, "shop": null, "office": "company", "tourism": null, "healthcare": null, "craft": null, "name": "Etap", "addr:housenumber": null, "addr:street": null }, "geometry": { "type": "Point", "coordinates": [ 77.6354261, 12.9131034 ] } },
{ "type": "Feature", "properties": { "osm_id": "node/11259899018", "amenity": "restaurant", "shop": null, "office": null, "tourism": null, "healthcare": null, "craft": null, "name": "Aromas of Biryani", "addr:housenumber": null, "addr:street": "No.219, Ground and First Floor, 9th Main, 15th A Cross, Sector 6,  HRS Layout, Bengaluru 560102" }, "geometry": { "type": "Point", "coordinates": [ 77.635162, 12.9133576 ] } },
{ "type": "Feature", "properties": { "osm_id": "node/11259899019", "amenity": null, "shop": "confectionery", "office": null, "tourism": null, "healthcare": null, "craft": null, "name": "Amma's Pastries", "addr:housenumber": null, "addr:street": null }, "geometry": { "type": "Point", "coordinates": [ 77.6351827, 12.914091 ] } },
{ "type": "Feature", "properties": { "osm_id": "node/11260122956", "amenity": "atm", "shop": null, "office": null, "tourism": null, "healthcare": null, "craft": null, "name": null, "addr:housenumber": null, "addr:street": null }, "geometry": { "type": "Point", "coordinates": [ 77.6365397, 12.9164063 ] } },
{ "type": "Feature", "properties": { "osm_id": "node/11262510298", "amenity": null, "shop": null, "office": null, "tourism": null, "healthcare": null, "craft": "tailor", "name": "Kripa Ladies Tailor", "addr:housenumber": null, "addr:street": null }, "geometry": { "type": "Point", "coordinates": [ 77.6446132, 12.908652 ] } },
{ "type": "Feature", "properties": { "osm_id": "node/11262514226", "amenity": "restaurant", "shop": null, "office": null, "tourism": null, "healthcare": null, "craft": null, "name": "Anands Kitchen", "addr:housenumber": null, "addr:street": null }, "geometry": { "type": "Point", "coordinates": [ 77.6445904, 12.9086561 ] } },
{ "type": "Feature", "properties": { "osm_id": "node/11262514227", "amenity": "fast_food", "shop": null, "office": null, "tourism": null, "healthcare": null, "craft": null, "name": "Juicy Fresh", "addr:housenumber": null, "addr:street": null }, "geometry": { "type": "Point", "coordinates": [ 77.6353557, 12.9127423 ] } },
{ "type": "Feature", "properties": { "osm_id": "node/11262530859", "amenity": "fast_food", "shop": null, "office": null, "tourism": null, "healthcare": null, "craft": null, "name": "Litti Chokha corner", "addr:housenumber": null, "addr:street": null }, "geometry": { "type": "Point", "coordinates": [ 77.6353626, 12.9128393 ] } },
{ "type": "Feature", "properties": { "osm_id": "node/11262540085", "amenity": "studio", "shop": null, "office": null, "tourism": null, "healthcare": null, "craft": null, "name": "Red Jampad", "addr:housenumber": null, "addr:street": null }, "geometry": { "type": "Point", "coordinates": [ 77.6446411, 12.908545 ] } },
{ "type": "Feature", "properties": { "osm_id": "node/11262546939", "amenity": "restaurant", "shop": null, "office": null, "tourism": null, "healthcare": null, "craft": null, "name": "Fruit Bae", "addr:housenumber": null, "addr:street": null }, "geometry": { "type": "Point", "coordinates": [ 77.6379404, 12.9108215 ] } },
{ "type": "Feature", "properties": { "osm_id": "node/11274342369", "amenity": "ice_cream", "shop": null, "office": null, "tourism": null, "healthcare": null, "craft": null, "name": "Amadora", "addr:housenumber": null, "addr:street": null }, "geometry": { "type": "Point", "coordinates": [ 77.6445358, 12.9134772 ] } },
{ "type": "Feature", "properties": { "osm_id": "node/11277885672", "amenity": "cafe", "shop": null, "office": null, "tourism": null, "healthcare": null, "craft": null, "name": "Coffeetales", "addr:housenumber": null, "addr:street": null }, "geometry": { "type": "Point", "coordinates": [ 77.6479631, 12.9120591 ] } },
{ "type": "Feature", "properties": { "osm_id": "node/11277885723", "amenity": "restaurant", "shop": null, "office": null, "tourism": null, "healthcare": null, "craft": null, "name": "Light of Italy", "addr:housenumber": null, "addr:street": null }, "geometry": { "type": "Point", "coordinates": [ 77.6511084, 12.9160112 ] } },
{ "type": "Feature", "properties": { "osm_id": "node/11279852904", "amenity": null, "shop": "curtain", "office": null, "tourism": null, "healthcare": null, "craft": null, "name": "Shubham Decor", "addr:housenumber": null, "addr:street": null }, "geometry": { "type": "Point", "coordinates": [ 77.651685, 12.9104557 ] } },
{ "type": "Feature", "properties": { "osm_id": "node/11279852905", "amenity": "dentist", "shop": null, "office": null, "tourism": null, "healthcare": "dentist", "craft": null, "name": "smiles.ai", "addr:housenumber": null, "addr:street": null }, "geometry": { "type": "Point", "coordinates": [ 77.6515529, 12.9162635 ] } },
{ "type": "Feature", "properties": { "osm_id": "node/11279852906", "amenity": "dentist", "shop": null, "office": null, "tourism": null, "healthcare": "dentist", "craft": null, "name": "Sabka Dentist", "addr:housenumber": null, "addr:street": null }, "geometry": { "type": "Point", "coordinates": [ 77.6515415, 12.9164452 ] } },
{ "type": "Feature", "properties": { "osm_id": "node/11279852918", "amenity": null, "shop": "interior_decoration", "office": null, "tourism": null, "healthcare": null, "craft": null, "name": "Homzinterio", "addr:housenumber": null, "addr:street": null }, "geometry": { "type": "Point", "coordinates": [ 77.6518165, 12.920266 ] } },
{ "type": "Feature", "properties": { "osm_id": "node/11279852919", "amenity": null, "shop": "hairdresser", "office": null, "tourism": null, "healthcare": null, "craft": null, "name": "Alora Luxury Unisex Salon", "addr:housenumber": null, "addr:street": null }, "geometry": { "type": "Point", "coordinates": [ 77.6517749, 12.920466 ] } },
{ "type": "Feature", "properties": { "osm_id": "node/11279852920", "amenity": null, "shop": "party", "office": null, "tourism": null, "healthcare": null, "craft": null, "name": "Wanna Party", "addr:housenumber": null, "addr:street": null }, "geometry": { "type": "Point", "coordinates": [ 77.6513799, 12.9227797 ] } },
{ "type": "Feature", "properties": { "osm_id": "node/11279852932", "amenity": null, "shop": "motorcycle", "office": null, "tourism": null, "healthcare": null, "craft": null, "name": "Ola", "addr:housenumber": null, "addr:street": null }, "geometry": { "type": "Point", "coordinates": [ 77.6514946, 12.9237888 ] } },
{ "type": "Feature", "properties": { "osm_id": "node/11292688562", "amenity": "atm", "shop": null, "office": null, "tourism": null, "healthcare": null, "craft": null, "name": "Bank of India", "addr:housenumber": null, "addr:street": null }, "geometry": { "type": "Point", "coordinates": [ 77.6443014, 12.9097143 ] } },
{ "type": "Feature", "properties": { "osm_id": "node/11293640388", "amenity": "fast_food", "shop": null, "office": null, "tourism": null, "healthcare": null, "craft": null, "name": "My Affair with food", "addr:housenumber": null, "addr:street": null }, "geometry": { "type": "Point", "coordinates": [ 77.6441698, 12.9068979 ] } },
{ "type": "Feature", "properties": { "osm_id": "node/11299967815", "amenity": "bench", "shop": null, "office": null, "tourism": null, "healthcare": null, "craft": null, "name": null, "addr:housenumber": null, "addr:street": null }, "geometry": { "type": "Point", "coordinates": [ 77.6403396, 12.908221 ] } },
{ "type": "Feature", "properties": { "osm_id": "node/11299968791", "amenity": "bench", "shop": null, "office": null, "tourism": null, "healthcare": null, "craft": null, "name": null, "addr:housenumber": null, "addr:street": null }, "geometry": { "type": "Point", "coordinates": [ 77.6405581, 12.9073365 ] } },
{ "type": "Feature", "properties": { "osm_id": "node/11299968792", "amenity": "bench", "shop": null, "office": null, "tourism": null, "healthcare": null, "craft": null, "name": null, "addr:housenumber": null, "addr:street": null }, "geometry": { "type": "Point", "coordinates": [ 77.640653, 12.9078941 ] } },
{ "type": "Feature", "properties": { "osm_id": "node/11299969074", "amenity": "bench", "shop": null, "office": null, "tourism": null, "healthcare": null, "craft": null, "name": null, "addr:housenumber": null, "addr:street": null }, "geometry": { "type": "Point", "coordinates": [ 77.6408437, 12.9077077 ] } },
{ "type": "Feature", "properties": { "osm_id": "node/11299970410", "amenity": "bench", "shop": null, "office": null, "tourism": null, "healthcare": null, "craft": null, "name": null, "addr:housenumber": null, "addr:street": null }, "geometry": { "type": "Point", "coordinates": [ 77.6405538, 12.9078974 ] } },
{ "type": "Feature", "properties": { "osm_id": "node/11299973843", "amenity": "bench", "shop": null, "office": null, "tourism": null, "healthcare": null, "craft": null, "name": null, "addr:housenumber": null, "addr:street": null }, "geometry": { "type": "Point", "coordinates": [ 77.640509, 12.907341 ] } },
{ "type": "Feature", "properties": { "osm_id": "node/11299974161", "amenity": "bench", "shop": null, "office": null, "tourism": null, "healthcare": null, "craft": null, "name": null, "addr:housenumber": null, "addr:street": null }, "geometry": { "type": "Point", "coordinates": [ 77.6404426, 12.9073438 ] } },
{ "type": "Feature", "properties": { "osm_id": "node/11299974162", "amenity": "shelter", "shop": null, "office": null, "tourism": null, "healthcare": null, "craft": null, "name": null, "addr:housenumber": null, "addr:street": null }, "geometry": { "type": "Point", "coordinates": [ 77.6403808, 12.9081036 ] } },
{ "type": "Feature", "properties": { "osm_id": "node/11299975555", "amenity": "bench", "shop": null, "office": null, "tourism": null, "healthcare": null, "craft": null, "name": null, "addr:housenumber": null, "addr:street": null }, "geometry": { "type": "Point", "coordinates": [ 77.6405702, 12.9073363 ] } },
{ "type": "Feature", "properties": { "osm_id": "node/11299975702", "amenity": "bench", "shop": null, "office": null, "tourism": null, "healthcare": null, "craft": null, "name": null, "addr:housenumber": null, "addr:street": null }, "geometry": { "type": "Point", "coordinates": [ 77.6407857, 12.9073778 ] } },
{ "type": "Feature", "properties": { "osm_id": "node/11299986288", "amenity": "bench", "shop": null, "office": null, "tourism": null, "healthcare": null, "craft": null, "name": null, "addr:housenumber": null, "addr:street": null }, "geometry": { "type": "Point", "coordinates": [ 77.640438, 12.9079064 ] } },
{ "type": "Feature", "properties": { "osm_id": "node/11299986289", "amenity": "bench", "shop": null, "office": null, "tourism": null, "healthcare": null, "craft": null, "name": null, "addr:housenumber": null, "addr:street": null }, "geometry": { "type": "Point", "coordinates": [ 77.6402407, 12.9080344 ] } },
{ "type": "Feature", "properties": { "osm_id": "node/11299991394", "amenity": "bench", "shop": null, "office": null, "tourism": null, "healthcare": null, "craft": null, "name": null, "addr:housenumber": null, "addr:street": null }, "geometry": { "type": "Point", "coordinates": [ 77.6408244, 12.9080738 ] } },
{ "type": "Feature", "properties": { "osm_id": "node/11299991395", "amenity": "bench", "shop": null, "office": null, "tourism": null, "healthcare": null, "craft": null, "name": null, "addr:housenumber": null, "addr:street": null }, "geometry": { "type": "Point", "coordinates": [ 77.6408186, 12.9078886 ] } },
{ "type": "Feature", "properties": { "osm_id": "node/11299995626", "amenity": "waste_basket", "shop": null, "office": null, "tourism": null, "healthcare": null, "craft": null, "name": null, "addr:housenumber": null, "addr:street": null }, "geometry": { "type": "Point", "coordinates": [ 77.6403909, 12.9073477 ] } },
{ "type": "Feature", "properties": { "osm_id": "node/11299995627", "amenity": "bench", "shop": null, "office": null, "tourism": null, "healthcare": null, "craft": null, "name": null, "addr:housenumber": null, "addr:street": null }, "geometry": { "type": "Point", "coordinates": [ 77.6408165, 12.9079411 ] } },
{ "type": "Feature", "properties": { "osm_id": "node/11299996913", "amenity": "bench", "shop": null, "office": null, "tourism": null, "healthcare": null, "craft": null, "name": null, "addr:housenumber": null, "addr:street": null }, "geometry": { "type": "Point", "coordinates": [ 77.6405153, 12.9077002 ] } },
{ "type": "Feature", "properties": { "osm_id": "node/11299997658", "amenity": "bench", "shop": null, "office": null, "tourism": null, "healthcare": null, "craft": null, "name": null, "addr:housenumber": null, "addr:street": null }, "geometry": { "type": "Point", "coordinates": [ 77.6402466, 12.9081115 ] } },
{ "type": "Feature", "properties": { "osm_id": "node/11299997902", "amenity": "bench", "shop": null, "office": null, "tourism": null, "healthcare": null, "craft": null, "name": null, "addr:housenumber": null, "addr:street": null }, "geometry": { "type": "Point", "coordinates": [ 77.640794, 12.9074651 ] } },
{ "type": "Feature", "properties": { "osm_id": "node/11299998075", "amenity": "bench", "shop": null, "office": null, "tourism": null, "healthcare": null, "craft": null, "name": null, "addr:housenumber": null, "addr:street": null }, "geometry": { "type": "Point", "coordinates": [ 77.640569, 12.9082096 ] } },
{ "type": "Feature", "properties": { "osm_id": "node/11299998270", "amenity": "waste_basket", "shop": null, "office": null, "tourism": null, "healthcare": null, "craft": null, "name": null, "addr:housenumber": null, "addr:street": null }, "geometry": { "type": "Point", "coordinates": [ 77.6403123, 12.9074922 ] } },
{ "type": "Feature", "properties": { "osm_id": "node/11299998271", "amenity": "bench", "shop": null, "office": null, "tourism": null, "healthcare": null, "craft": null, "name": null, "addr:housenumber": null, "addr:street": null }, "geometry": { "type": "Point", "coordinates": [ 77.6405022, 12.9082129 ] } },
{ "type": "Feature", "properties": { "osm_id": "node/11299998979", "amenity": "bench", "shop": null, "office": null, "tourism": null, "healthcare": null, "craft": null, "name": null, "addr:housenumber": null, "addr:street": null }, "geometry": { "type": "Point", "coordinates": [ 77.6407426, 12.9082011 ] } },
{ "type": "Feature", "properties": { "osm_id": "node/11299999643", "amenity": "bench", "shop": null, "office": null, "tourism": null, "healthcare": null, "craft": null, "name": null, "addr:housenumber": null, "addr:street": null }, "geometry": { "type": "Point", "coordinates": [ 77.6408154, 12.9076043 ] } },
{ "type": "Feature", "properties": { "osm_id": "node/11299999644", "amenity": "bench", "shop": null, "office": null, "tourism": null, "healthcare": null, "craft": null, "name": null, "addr:housenumber": null, "addr:street": null }, "geometry": { "type": "Point", "coordinates": [ 77.6404827, 12.9079039 ] } },
{ "type": "Feature", "properties": { "osm_id": "node/11300000102", "amenity": null, "shop": "pastry", "office": null, "tourism": null, "healthcare": null, "craft": null, "name": "The Digitale Chef", "addr:housenumber": null, "addr:street": null }, "geometry": { "type": "Point", "coordinates": [ 77.6409932, 12.9076953 ] } },
{ "type": "Feature", "properties": { "osm_id": "node/11300000103", "amenity": "bench", "shop": null, "office": null, "tourism": null, "healthcare": null, "craft": null, "name": null, "addr:housenumber": null, "addr:street": null }, "geometry": { "type": "Point", "coordinates": [ 77.6403306, 12.9077484 ] } },
{ "type": "Feature", "properties": { "osm_id": "node/11300001298", "amenity": "bench", "shop": null, "office": null, "tourism": null, "healthcare": null, "craft": null, "name": null, "addr:housenumber": null, "addr:street": null }, "geometry": { "type": "Point", "coordinates": [ 77.6406287, 12.9082067 ] } },
{ "type": "Feature", "properties": { "osm_id": "node/11300003506", "amenity": "bench", "shop": null, "office": null, "tourism": null, "healthcare": null, "craft": null, "name": null, "addr:housenumber": null, "addr:street": null }, "geometry": { "type": "Point", "coordinates": [ 77.6402268, 12.9075864 ] } },
{ "type": "Feature", "properties": { "osm_id": "node/11300003507", "amenity": "bench", "shop": null, "office": null, "tourism": null, "healthcare": null, "craft": null, "name": null, "addr:housenumber": null, "addr:street": null }, "geometry": { "type": "Point", "coordinates": [ 77.6403135, 12.9073929 ] } },
{ "type": "Feature", "properties": { "osm_id": "node/11300005253", "amenity": "bench", "shop": null, "office": null, "tourism": null, "healthcare": null, "craft": null, "name": null, "addr:housenumber": null, "addr:street": null }, "geometry": { "type": "Point", "coordinates": [ 77.6407802, 12.9076918 ] } },
{ "type": "Feature", "properties": { "osm_id": "node/11300005254", "amenity": "bench", "shop": null, "office": null, "tourism": null, "healthcare": null, "craft": null, "name": null, "addr:housenumber": null, "addr:street": null }, "geometry": { "type": "Point", "coordinates": [ 77.6404352, 12.9077471 ] } },
{ "type": "Feature", "properties": { "osm_id": "node/11300006181", "amenity": "bench", "shop": null, "office": null, "tourism": null, "healthcare": null, "craft": null, "name": null, "addr:housenumber": null, "addr:street": null }, "geometry": { "type": "Point", "coordinates": [ 77.6406576, 12.9077406 ] } },
{ "type": "Feature", "properties": { "osm_id": "node/11300006183", "amenity": "bench", "shop": null, "office": null, "tourism": null, "healthcare": null, "craft": null, "name": null, "addr:housenumber": null, "addr:street": null }, "geometry": { "type": "Point", "coordinates": [ 77.6403039, 12.9079096 ] } },
{ "type": "Feature", "properties": { "osm_id": "node/11300007408", "amenity": "bench", "shop": null, "office": null, "tourism": null, "healthcare": null, "craft": null, "name": null, "addr:housenumber": null, "addr:street": null }, "geometry": { "type": "Point", "coordinates": [ 77.6403361, 12.9073486 ] } },
{ "type": "Feature", "properties": { "osm_id": "node/11300007725", "amenity": "bench", "shop": null, "office": null, "tourism": null, "healthcare": null, "craft": null, "name": null, "addr:housenumber": null, "addr:street": null }, "geometry": { "type": "Point", "coordinates": [ 77.6407425, 12.9078911 ] } },
{ "type": "Feature", "properties": { "osm_id": "node/11300007787", "amenity": "bench", "shop": null, "office": null, "tourism": null, "healthcare": null, "craft": null, "name": null, "addr:housenumber": null, "addr:street": null }, "geometry": { "type": "Point", "coordinates": [ 77.6403974, 12.9082181 ] } },
{ "type": "Feature", "properties": { "osm_id": "node/11302751559", "amenity": "restaurant", "shop": null, "office": null, "tourism": null, "healthcare": null, "craft": null, "name": "Basil Bistro", "addr:housenumber": null, "addr:street": null }, "geometry": { "type": "Point", "coordinates": [ 77.6489119, 12.9155123 ] } },
{ "type": "Feature", "properties": { "osm_id": "node/11302751563", "amenity": null, "shop": "alcohol", "office": null, "tourism": null, "healthcare": null, "craft": null, "name": "Jai Maruthi Spirits", "addr:housenumber": null, "addr:street": null }, "geometry": { "type": "Point", "coordinates": [ 77.6491713, 12.9154329 ] } },
{ "type": "Feature", "properties": { "osm_id": "node/11302751566", "amenity": "restaurant", "shop": null, "office": null, "tourism": null, "healthcare": null, "craft": null, "name": "Miss Misal", "addr:housenumber": null, "addr:street": null }, "geometry": { "type": "Point", "coordinates": [ 77.6491631, 12.9153968 ] } },
{ "type": "Feature", "properties": { "osm_id": "node/11309449852", "amenity": "pharmacy", "shop": null, "office": null, "tourism": null, "healthcare": null, "craft": null, "name": "Rush Pharma", "addr:housenumber": null, "addr:street": null }, "geometry": { "type": "Point", "coordinates": [ 77.6351685, 12.9089929 ] } },
{ "type": "Feature", "properties": { "osm_id": "node/11309470356", "amenity": null, "shop": "laundry", "office": null, "tourism": null, "healthcare": null, "craft": null, "name": "Smart Dhobi", "addr:housenumber": null, "addr:street": null }, "geometry": { "type": "Point", "coordinates": [ 77.6349866, 12.9087684 ] } },
{ "type": "Feature", "properties": { "osm_id": "node/11309680641", "amenity": null, "shop": "bed", "office": null, "tourism": null, "healthcare": null, "craft": null, "name": "Kurl-On", "addr:housenumber": null, "addr:street": null }, "geometry": { "type": "Point", "coordinates": [ 77.6494489, 12.908835 ] } },
{ "type": "Feature", "properties": { "osm_id": "node/11309680642", "amenity": null, "shop": "mobile_phone", "office": null, "tourism": null, "healthcare": null, "craft": null, "name": "iTouch Restore", "addr:housenumber": null, "addr:street": null }, "geometry": { "type": "Point", "coordinates": [ 77.6494629, 12.908863 ] } },
{ "type": "Feature", "properties": { "osm_id": "node/11309680643", "amenity": "fast_food", "shop": null, "office": null, "tourism": null, "healthcare": null, "craft": null, "name": "HSR Juice Point", "addr:housenumber": null, "addr:street": null }, "geometry": { "type": "Point", "coordinates": [ 77.6494552, 12.9090608 ] } },
{ "type": "Feature", "properties": { "osm_id": "node/11309680644", "amenity": "clinic", "shop": null, "office": null, "tourism": null, "healthcare": "clinic", "craft": null, "name": "sugar.fit", "addr:housenumber": null, "addr:street": null }, "geometry": { "type": "Point", "coordinates": [ 77.6494595, 12.9089273 ] } },
{ "type": "Feature", "properties": { "osm_id": "node/11309680645", "amenity": null, "shop": null, "office": null, "tourism": "artwork", "healthcare": null, "craft": null, "name": null, "addr:housenumber": null, "addr:street": null }, "geometry": { "type": "Point", "coordinates": [ 77.6490086, 12.9118586 ] } },
{ "type": "Feature", "properties": { "osm_id": "node/11309680646", "amenity": "dentist", "shop": null, "office": null, "tourism": null, "healthcare": "dentist", "craft": null, "name": "The Smile Studio", "addr:housenumber": null, "addr:street": null }, "geometry": { "type": "Point", "coordinates": [ 77.649952, 12.9121163 ] } },
{ "type": "Feature", "properties": { "osm_id": "node/11309680647", "amenity": null, "shop": null, "office": "financial_advisor", "tourism": null, "healthcare": null, "craft": null, "name": "Capitalmind", "addr:housenumber": null, "addr:street": null }, "geometry": { "type": "Point", "coordinates": [ 77.6509692, 12.9121844 ] } },
{ "type": "Feature", "properties": { "osm_id": "node/11309680648", "amenity": "fast_food", "shop": null, "office": null, "tourism": null, "healthcare": null, "craft": null, "name": "The Momo Lab", "addr:housenumber": null, "addr:street": null }, "geometry": { "type": "Point", "coordinates": [ 77.6517228, 12.9123205 ] } },
{ "type": "Feature", "properties": { "osm_id": "node/11309703510", "amenity": "bank", "shop": null, "office": null, "tourism": null, "healthcare": null, "craft": null, "name": "Union Bank", "addr:housenumber": null, "addr:street": null }, "geometry": { "type": "Point", "coordinates": [ 77.6513277, 12.9218344 ] } },
{ "type": "Feature", "properties": { "osm_id": "node/11309708348", "amenity": null, "shop": "clothes", "office": null, "tourism": null, "healthcare": null, "craft": null, "name": "Manyavar", "addr:housenumber": null, "addr:street": null }, "geometry": { "type": "Point", "coordinates": [ 77.6516605, 12.9145134 ] } },
{ "type": "Feature", "properties": { "osm_id": "node/11309708349", "amenity": null, "shop": "shoes", "office": null, "tourism": null, "healthcare": null, "craft": null, "name": "Skechers", "addr:housenumber": null, "addr:street": null }, "geometry": { "type": "Point", "coordinates": [ 77.6515595, 12.9157362 ] } },
{ "type": "Feature", "properties": { "osm_id": "node/11309708350", "amenity": null, "shop": "jewelry", "office": null, "tourism": null, "healthcare": null, "craft": null, "name": "Caratlane", "addr:housenumber": null, "addr:street": null }, "geometry": { "type": "Point", "coordinates": [ 77.651563, 12.916554 ] } },
{ "type": "Feature", "properties": { "osm_id": "node/11309805440", "amenity": null, "shop": "supermarket", "office": null, "tourism": null, "healthcare": null, "craft": null, "name": "Fish Mart", "addr:housenumber": null, "addr:street": null }, "geometry": { "type": "Point", "coordinates": [ 77.6356311, 12.9165578 ] } },
{ "type": "Feature", "properties": { "osm_id": "node/11310151435", "amenity": null, "shop": null, "office": "company", "tourism": null, "healthcare": null, "craft": null, "name": "Kosher Climate", "addr:housenumber": null, "addr:street": null }, "geometry": { "type": "Point", "coordinates": [ 77.6516676, 12.9082112 ] } },
{ "type": "Feature", "properties": { "osm_id": "node/11310182984", "amenity": null, "shop": "bakery", "office": null, "tourism": null, "healthcare": null, "craft": null, "name": "LJ Iyengar's Bakery", "addr:housenumber": null, "addr:street": null }, "geometry": { "type": "Point", "coordinates": [ 77.6491678, 12.9089857 ] } },
{ "type": "Feature", "properties": { "osm_id": "node/11333433742", "amenity": null, "shop": "supermarket", "office": null, "tourism": null, "healthcare": null, "craft": null, "name": "Vishal Mega Mart", "addr:housenumber": null, "addr:street": null }, "geometry": { "type": "Point", "coordinates": [ 77.6255557, 12.9132992 ] } },
{ "type": "Feature", "properties": { "osm_id": "node/11333470402", "amenity": "fast_food", "shop": null, "office": null, "tourism": null, "healthcare": null, "craft": null, "name": "Sri Guru Raghavendra Juice and Snacks", "addr:housenumber": null, "addr:street": null }, "geometry": { "type": "Point", "coordinates": [ 77.6256181, 12.9132676 ] } },
{ "type": "Feature", "properties": { "osm_id": "node/11333476004", "amenity": "fast_food", "shop": null, "office": null, "tourism": null, "healthcare": null, "craft": null, "name": "MR fast food", "addr:housenumber": null, "addr:street": null }, "geometry": { "type": "Point", "coordinates": [ 77.6256232, 12.9132727 ] } },
{ "type": "Feature", "properties": { "osm_id": "node/11333476005", "amenity": "fast_food", "shop": null, "office": null, "tourism": null, "healthcare": null, "craft": null, "name": "Pooja Special North Indian Chats", "addr:housenumber": null, "addr:street": null }, "geometry": { "type": "Point", "coordinates": [ 77.6256156, 12.9132602 ] } },
{ "type": "Feature", "properties": { "osm_id": "node/11333480993", "amenity": null, "shop": "beverages", "office": null, "tourism": null, "healthcare": null, "craft": null, "name": "Sri Guru Raghavendra sugar cane", "addr:housenumber": null, "addr:street": null }, "geometry": { "type": "Point", "coordinates": [ 77.6256326, 12.9132799 ] } },
{ "type": "Feature", "properties": { "osm_id": "node/11353617734", "amenity": "fast_food", "shop": null, "office": null, "tourism": null, "healthcare": null, "craft": null, "name": "Cafe Hut", "addr:housenumber": null, "addr:street": null }, "geometry": { "type": "Point", "coordinates": [ 77.6256151, 12.9133852 ] } },
{ "type": "Feature", "properties": { "osm_id": "node/11355554483", "amenity": "cafe", "shop": null, "office": null, "tourism": null, "healthcare": null, "craft": null, "name": "Garden House Cafe", "addr:housenumber": null, "addr:street": null }, "geometry": { "type": "Point", "coordinates": [ 77.6506028, 12.9087228 ] } },
{ "type": "Feature", "properties": { "osm_id": "node/11355554484", "amenity": "cafe", "shop": null, "office": null, "tourism": null, "healthcare": null, "craft": null, "name": "The Brussles Waffle", "addr:housenumber": null, "addr:street": null }, "geometry": { "type": "Point", "coordinates": [ 77.6505691, 12.9087123 ] } },
{ "type": "Feature", "properties": { "osm_id": "node/11355554485", "amenity": null, "shop": "hairdresser", "office": null, "tourism": null, "healthcare": null, "craft": null, "name": "King's & Queens's Premium Salon", "addr:housenumber": null, "addr:street": null }, "geometry": { "type": "Point", "coordinates": [ 77.6494981, 12.9088181 ] } },
{ "type": "Feature", "properties": { "osm_id": "node/11355554486", "amenity": null, "shop": "clothes", "office": null, "tourism": null, "healthcare": null, "craft": null, "name": "Ganpati Collection", "addr:housenumber": null, "addr:street": null }, "geometry": { "type": "Point", "coordinates": [ 77.649501, 12.9089708 ] } },
{ "type": "Feature", "properties": { "osm_id": "node/11355554487", "amenity": null, "shop": "tailor", "office": null, "tourism": null, "healthcare": null, "craft": null, "name": "New Fashion Ladies Tailor", "addr:housenumber": null, "addr:street": null }, "geometry": { "type": "Point", "coordinates": [ 77.649501, 12.9089894 ] } },
{ "type": "Feature", "properties": { "osm_id": "node/11355554488", "amenity": null, "shop": "jewelry", "office": null, "tourism": null, "healthcare": null, "craft": null, "name": "Swagath Jewellers and Bankers", "addr:housenumber": null, "addr:street": null }, "geometry": { "type": "Point", "coordinates": [ 77.6494652, 12.9091432 ] } },
{ "type": "Feature", "properties": { "osm_id": "node/11366156465", "amenity": "post_box", "shop": null, "office": null, "tourism": null, "healthcare": null, "craft": null, "name": null, "addr:housenumber": null, "addr:street": null }, "geometry": { "type": "Point", "coordinates": [ 77.649392, 12.9086832 ] } },
{ "type": "Feature", "properties": { "osm_id": "node/11368536064", "amenity": "pharmacy", "shop": null, "office": null, "tourism": null, "healthcare": "pharmacy", "craft": null, "name": "Aster Pharmacy", "addr:housenumber": null, "addr:street": null }, "geometry": { "type": "Point", "coordinates": [ 77.6492497, 12.9108271 ] } },
{ "type": "Feature", "properties": { "osm_id": "node/11368536065", "amenity": "restaurant", "shop": null, "office": null, "tourism": null, "healthcare": null, "craft": null, "name": "Imperio", "addr:housenumber": null, "addr:street": null }, "geometry": { "type": "Point", "coordinates": [ 77.6497366, 12.9117112 ] } },
{ "type": "Feature", "properties": { "osm_id": "node/11372676269", "amenity": "cafe", "shop": null, "office": null, "tourism": null, "healthcare": null, "craft": null, "name": "Iris cafe HSR", "addr:housenumber": null, "addr:street": null }, "geometry": { "type": "Point", "coordinates": [ 77.6428015, 12.9117456 ] } },
{ "type": "Feature", "properties": { "osm_id": "node/11372731169", "amenity": null, "shop": "supermarket", "office": null, "tourism": null, "healthcare": null, "craft": null, "name": "Ratnadeep supermarket", "addr:housenumber": null, "addr:street": null }, "geometry": { "type": "Point", "coordinates": [ 77.642169, 12.9118379 ] } },
{ "type": "Feature", "properties": { "osm_id": "node/11380994993", "amenity": "restaurant", "shop": null, "office": null, "tourism": null, "healthcare": null, "craft": null, "name": "Arogya Aahara", "addr:housenumber": "4", "addr:street": "14th Main Rd, next to HDFC Bank, Jakkasandra, Sector 5, HSR Layout" }, "geometry": { "type": "Point", "coordinates": [ 77.6380395, 12.9168233 ] } },
{ "type": "Feature", "properties": { "osm_id": "node/11383593070", "amenity": "fast_food", "shop": null, "office": null, "tourism": null, "healthcare": null, "craft": null, "name": "Gochick", "addr:housenumber": null, "addr:street": null }, "geometry": { "type": "Point", "coordinates": [ 77.6495645, 12.9117676 ] } },
{ "type": "Feature", "properties": { "osm_id": "node/11383593071", "amenity": null, "shop": "clothes", "office": null, "tourism": null, "healthcare": null, "craft": null, "name": "Style Up", "addr:housenumber": null, "addr:street": null }, "geometry": { "type": "Point", "coordinates": [ 77.6497945, 12.9116938 ] } },
{ "type": "Feature", "properties": { "osm_id": "node/11383593072", "amenity": null, "shop": "electronics", "office": null, "tourism": null, "healthcare": null, "craft": null, "name": "Unilet", "addr:housenumber": null, "addr:street": null }, "geometry": { "type": "Point", "coordinates": [ 77.651651, 12.9121457 ] } },
{ "type": "Feature", "properties": { "osm_id": "node/11383593073", "amenity": "cafe", "shop": null, "office": null, "tourism": null, "healthcare": null, "craft": null, "name": "Chaayos", "addr:housenumber": null, "addr:street": null }, "geometry": { "type": "Point", "coordinates": [ 77.6516988, 12.9123483 ] } },
{ "type": "Feature", "properties": { "osm_id": "node/11384926620", "amenity": "restaurant", "shop": null, "office": null, "tourism": null, "healthcare": null, "craft": null, "name": "Central Jail Restaurant", "addr:housenumber": null, "addr:street": null }, "geometry": { "type": "Point", "coordinates": [ 77.651576, 12.9156318 ] } },
{ "type": "Feature", "properties": { "osm_id": "node/11384926621", "amenity": "restaurant", "shop": null, "office": null, "tourism": null, "healthcare": null, "craft": null, "name": "Sadda Punjabi Cafe", "addr:housenumber": null, "addr:street": null }, "geometry": { "type": "Point", "coordinates": [ 77.6515716, 12.9155862 ] } },
{ "type": "Feature", "properties": { "osm_id": "node/11384926622", "amenity": null, "shop": "beauty", "office": null, "tourism": null, "healthcare": null, "craft": null, "name": "Health and Glow", "addr:housenumber": null, "addr:street": null }, "geometry": { "type": "Point", "coordinates": [ 77.6516039, 12.9135002 ] } },
{ "type": "Feature", "properties": { "osm_id": "node/11394011887", "amenity": null, "shop": "supermarket", "office": null, "tourism": null, "healthcare": null, "craft": null, "name": "Greenmart", "addr:housenumber": null, "addr:street": null }, "geometry": { "type": "Point", "coordinates": [ 77.6492616, 12.9114451 ] } },
{ "type": "Feature", "properties": { "osm_id": "node/11394011888", "amenity": null, "shop": "shoes", "office": null, "tourism": null, "healthcare": null, "craft": null, "name": "Feet Fashion", "addr:housenumber": null, "addr:street": null }, "geometry": { "type": "Point", "coordinates": [ 77.6516399, 12.9149034 ] } },
{ "type": "Feature", "properties": { "osm_id": "node/11394011889", "amenity": null, "shop": "clothes", "office": null, "tourism": null, "healthcare": null, "craft": null, "name": "De Monza", "addr:housenumber": null, "addr:street": null }, "geometry": { "type": "Point", "coordinates": [ 77.6515652, 12.9160487 ] } },
{ "type": "Feature", "properties": { "osm_id": "node/11394011890", "amenity": null, "shop": "jewelry", "office": null, "tourism": null, "healthcare": null, "craft": null, "name": "Taneira", "addr:housenumber": null, "addr:street": null }, "geometry": { "type": "Point", "coordinates": [ 77.6515017, 12.9182304 ] } },
{ "type": "Feature", "properties": { "osm_id": "node/11397742478", "amenity": "community_centre", "shop": null, "office": null, "tourism": null, "healthcare": null, "craft": null, "name": "Dr. BR Ambedkar Samudaya Bhavan", "addr:housenumber": null, "addr:street": null }, "geometry": { "type": "Point", "coordinates": [ 77.6494882, 12.9085763 ] } },
{ "type": "Feature", "properties": { "osm_id": "node/11397742479", "amenity": null, "shop": "stationery", "office": null, "tourism": null, "healthcare": null, "craft": null, "name": null, "addr:housenumber": null, "addr:street": null }, "geometry": { "type": "Point", "coordinates": [ 77.6496322, 12.9086091 ] } },
{ "type": "Feature", "properties": { "osm_id": "node/11397742480", "amenity": null, "shop": "copyshop", "office": null, "tourism": null, "healthcare": null, "craft": null, "name": null, "addr:housenumber": null, "addr:street": null }, "geometry": { "type": "Point", "coordinates": [ 77.6496924, 12.9086019 ] } },
{ "type": "Feature", "properties": { "osm_id": "node/11397742482", "amenity": null, "shop": "beauty", "office": null, "tourism": null, "healthcare": null, "craft": null, "name": "evenly", "addr:housenumber": null, "addr:street": null }, "geometry": { "type": "Point", "coordinates": [ 77.6515196, 12.918129 ] } },
{ "type": "Feature", "properties": { "osm_id": "node/11397742483", "amenity": "bank", "shop": null, "office": null, "tourism": null, "healthcare": null, "craft": null, "name": "ICICI Bank", "addr:housenumber": null, "addr:street": null }, "geometry": { "type": "Point", "coordinates": [ 77.6518763, 12.9198055 ] } },
{ "type": "Feature", "properties": { "osm_id": "node/11397742484", "amenity": "dentist", "shop": null, "office": null, "tourism": null, "healthcare": "dentist", "craft": null, "name": "Clove Dental", "addr:housenumber": null, "addr:street": null }, "geometry": { "type": "Point", "coordinates": [ 77.6518507, 12.920461 ] } },
{ "type": "Feature", "properties": { "osm_id": "node/11397803290", "amenity": "bench", "shop": null, "office": null, "tourism": null, "healthcare": null, "craft": null, "name": null, "addr:housenumber": null, "addr:street": null }, "geometry": { "type": "Point", "coordinates": [ 77.6413495, 12.9232925 ] } },
{ "type": "Feature", "properties": { "osm_id": "node/11397803291", "amenity": "bench", "shop": null, "office": null, "tourism": null, "healthcare": null, "craft": null, "name": null, "addr:housenumber": null, "addr:street": null }, "geometry": { "type": "Point", "coordinates": [ 77.640376, 12.9234716 ] } },
{ "type": "Feature", "properties": { "osm_id": "node/11399589033", "amenity": "toilets", "shop": null, "office": null, "tourism": null, "healthcare": null, "craft": null, "name": null, "addr:housenumber": null, "addr:street": null }, "geometry": { "type": "Point", "coordinates": [ 77.6499593, 12.9243686 ] } },
{ "type": "Feature", "properties": { "osm_id": "node/11399589037", "amenity": "bicycle_rental", "shop": null, "office": null, "tourism": null, "healthcare": null, "craft": null, "name": "Yulu Zone", "addr:housenumber": null, "addr:street": null }, "geometry": { "type": "Point", "coordinates": [ 77.6516283, 12.9227956 ] } },
{ "type": "Feature", "properties": { "osm_id": "node/11399589038", "amenity": null, "shop": "watches", "office": null, "tourism": null, "healthcare": null, "craft": null, "name": "Just In Time", "addr:housenumber": null, "addr:street": null }, "geometry": { "type": "Point", "coordinates": [ 77.6518219, 12.9192258 ] } },
{ "type": "Feature", "properties": { "osm_id": "node/11399589039", "amenity": null, "shop": "clothes", "office": null, "tourism": null, "healthcare": null, "craft": null, "name": "Identiti", "addr:housenumber": null, "addr:street": null }, "geometry": { "type": "Point", "coordinates": [ 77.6518928, 12.9176717 ] } },
{ "type": "Feature", "properties": { "osm_id": "node/11399589040", "amenity": null, "shop": "beauty", "office": null, "tourism": null, "healthcare": null, "craft": null, "name": "You Look Great", "addr:housenumber": null, "addr:street": null }, "geometry": { "type": "Point", "coordinates": [ 77.6519692, 12.9167944 ] } },
{ "type": "Feature", "properties": { "osm_id": "node/11399589041", "amenity": "bench", "shop": null, "office": null, "tourism": null, "healthcare": null, "craft": null, "name": null, "addr:housenumber": null, "addr:street": null }, "geometry": { "type": "Point", "coordinates": [ 77.651843, 12.9155593 ] } },
{ "type": "Feature", "properties": { "osm_id": "node/11399600412", "amenity": "bicycle_rental", "shop": null, "office": null, "tourism": null, "healthcare": null, "craft": null, "name": "Yulu Zone", "addr:housenumber": null, "addr:street": null }, "geometry": { "type": "Point", "coordinates": [ 77.6519312, 12.9118309 ] } },
{ "type": "Feature", "properties": { "osm_id": "node/11399600413", "amenity": null, "shop": null, "office": null, "tourism": "information", "healthcare": null, "craft": null, "name": null, "addr:housenumber": null, "addr:street": null }, "geometry": { "type": "Point", "coordinates": [ 77.6491824, 12.911833 ] } },
{ "type": "Feature", "properties": { "osm_id": "node/11399737010", "amenity": "bank", "shop": null, "office": null, "tourism": null, "healthcare": null, "craft": null, "name": "IndusInd Bank", "addr:housenumber": null, "addr:street": null }, "geometry": { "type": "Point", "coordinates": [ 77.6519429, 12.9082406 ] } },
{ "type": "Feature", "properties": { "osm_id": "node/11399909240", "amenity": null, "shop": null, "office": null, "tourism": null, "healthcare": "alternative", "craft": null, "name": "Sankalpa Ayurveda Clinic", "addr:housenumber": null, "addr:street": null }, "geometry": { "type": "Point", "coordinates": [ 77.6495327, 12.9089836 ] } },
{ "type": "Feature", "properties": { "osm_id": "node/11399909241", "amenity": null, "shop": "copyshop", "office": null, "tourism": null, "healthcare": null, "craft": null, "name": "AS Mobile", "addr:housenumber": null, "addr:street": null }, "geometry": { "type": "Point", "coordinates": [ 77.6495364, 12.9089526 ] } },
{ "type": "Feature", "properties": { "osm_id": "node/11399909242", "amenity": null, "shop": "sports", "office": null, "tourism": null, "healthcare": null, "craft": null, "name": "OR Sports", "addr:housenumber": null, "addr:street": null }, "geometry": { "type": "Point", "coordinates": [ 77.6495181, 12.9089935 ] } },
{ "type": "Feature", "properties": { "osm_id": "node/11399909243", "amenity": null, "shop": "interior_decoration", "office": null, "tourism": null, "healthcare": null, "craft": null, "name": "VDesign Interiors", "addr:housenumber": null, "addr:street": null }, "geometry": { "type": "Point", "coordinates": [ 77.6495173, 12.9089466 ] } },
{ "type": "Feature", "properties": { "osm_id": "node/11399914986", "amenity": null, "shop": "optician", "office": null, "tourism": null, "healthcare": null, "craft": null, "name": "Optical Corner", "addr:housenumber": null, "addr:street": null }, "geometry": { "type": "Point", "coordinates": [ 77.6490876, 12.9104179 ] } },
{ "type": "Feature", "properties": { "osm_id": "node/11399914987", "amenity": null, "shop": "bakery", "office": null, "tourism": null, "healthcare": null, "craft": null, "name": "Amma Pastries", "addr:housenumber": null, "addr:street": null }, "geometry": { "type": "Point", "coordinates": [ 77.6493339, 12.9106663 ] } },
{ "type": "Feature", "properties": { "osm_id": "node/11399914988", "amenity": "place_of_worship", "shop": null, "office": null, "tourism": null, "healthcare": null, "craft": null, "name": null, "addr:housenumber": null, "addr:street": null }, "geometry": { "type": "Point", "coordinates": [ 77.6492924, 12.911085 ] } },
{ "type": "Feature", "properties": { "osm_id": "node/11399914989", "amenity": "fast_food", "shop": null, "office": null, "tourism": null, "healthcare": null, "craft": null, "name": "House Of Dakshina", "addr:housenumber": null, "addr:street": null }, "geometry": { "type": "Point", "coordinates": [ 77.6493646, 12.9121322 ] } },
{ "type": "Feature", "properties": { "osm_id": "node/11399914991", "amenity": null, "shop": "motorcycle", "office": null, "tourism": null, "healthcare": null, "craft": null, "name": "Ananda Honda", "addr:housenumber": null, "addr:street": null }, "geometry": { "type": "Point", "coordinates": [ 77.651644, 12.9121839 ] } },
{ "type": "Feature", "properties": { "osm_id": "node/11399914992", "amenity": "bank", "shop": null, "office": null, "tourism": null, "healthcare": null, "craft": null, "name": "Axis Bank", "addr:housenumber": null, "addr:street": null }, "geometry": { "type": "Point", "coordinates": [ 77.6516304, 12.9141518 ] } },
{ "type": "Feature", "properties": { "osm_id": "node/11399914993", "amenity": null, "shop": "beauty", "office": null, "tourism": null, "healthcare": null, "craft": null, "name": "newU", "addr:housenumber": null, "addr:street": null }, "geometry": { "type": "Point", "coordinates": [ 77.6515256, 12.9165756 ] } },
{ "type": "Feature", "properties": { "osm_id": "node/11399914994", "amenity": null, "shop": "optician", "office": null, "tourism": null, "healthcare": null, "craft": null, "name": "Millenium Optik", "addr:housenumber": null, "addr:street": null }, "geometry": { "type": "Point", "coordinates": [ 77.6515166, 12.9184352 ] } },
{ "type": "Feature", "properties": { "osm_id": "node/11399914995", "amenity": null, "shop": null, "office": null, "tourism": null, "healthcare": "alternative", "craft": null, "name": "Ayurkshetraa", "addr:housenumber": null, "addr:street": null }, "geometry": { "type": "Point", "coordinates": [ 77.6514085, 12.9231158 ] } },
{ "type": "Feature", "properties": { "osm_id": "node/11409538672", "amenity": null, "shop": "hairdresser", "office": null, "tourism": null, "healthcare": null, "craft": null, "name": "Green's Unisex Salon", "addr:housenumber": null, "addr:street": null }, "geometry": { "type": "Point", "coordinates": [ 77.6492157, 12.9086523 ] } },
{ "type": "Feature", "properties": { "osm_id": "node/11409538674", "amenity": null, "shop": "supermarket", "office": null, "tourism": null, "healthcare": null, "craft": null, "name": "Daily Essentials", "addr:housenumber": null, "addr:street": null }, "geometry": { "type": "Point", "coordinates": [ 77.6500091, 12.908584 ] } },
{ "type": "Feature", "properties": { "osm_id": "node/11411649453", "amenity": null, "shop": "jewelry", "office": null, "tourism": null, "healthcare": null, "craft": null, "name": "Sri Varu Silver", "addr:housenumber": null, "addr:street": null }, "geometry": { "type": "Point", "coordinates": [ 77.6520442, 12.9106511 ] } },
{ "type": "Feature", "properties": { "osm_id": "node/11411649454", "amenity": null, "shop": "clothes", "office": null, "tourism": null, "healthcare": null, "craft": null, "name": "Rangriti", "addr:housenumber": null, "addr:street": null }, "geometry": { "type": "Point", "coordinates": [ 77.6520449, 12.9106292 ] } },
{ "type": "Feature", "properties": { "osm_id": "node/11411649455", "amenity": null, "shop": "clothes", "office": null, "tourism": null, "healthcare": null, "craft": null, "name": "Prince n Princess", "addr:housenumber": null, "addr:street": null }, "geometry": { "type": "Point", "coordinates": [ 77.6520459, 12.9106128 ] } },
{ "type": "Feature", "properties": { "osm_id": "node/11411649456", "amenity": null, "shop": "clothes", "office": null, "tourism": null, "healthcare": null, "craft": null, "name": "Gini & Jony", "addr:housenumber": null, "addr:street": null }, "geometry": { "type": "Point", "coordinates": [ 77.6520441, 12.9105903 ] } },
{ "type": "Feature", "properties": { "osm_id": "node/11411649457", "amenity": "doctors", "shop": null, "office": null, "tourism": null, "healthcare": "doctor", "craft": null, "name": "Dermaville", "addr:housenumber": null, "addr:street": null }, "geometry": { "type": "Point", "coordinates": [ 77.65207, 12.9106462 ] } },
{ "type": "Feature", "properties": { "osm_id": "node/11411649458", "amenity": null, "shop": "computer", "office": null, "tourism": null, "healthcare": null, "craft": null, "name": "Electro Cloud", "addr:housenumber": null, "addr:street": null }, "geometry": { "type": "Point", "coordinates": [ 77.6520674, 12.9106109 ] } },
{ "type": "Feature", "properties": { "osm_id": "node/11411649459", "amenity": null, "shop": null, "office": "graphic_design", "tourism": null, "healthcare": null, "craft": null, "name": "Niharika Design Studio", "addr:housenumber": null, "addr:street": null }, "geometry": { "type": "Point", "coordinates": [ 77.6520664, 12.910727 ] } },
{ "type": "Feature", "properties": { "osm_id": "node/11411649460", "amenity": null, "shop": "beauty", "office": null, "tourism": null, "healthcare": null, "craft": null, "name": "Bounce Salons", "addr:housenumber": null, "addr:street": null }, "geometry": { "type": "Point", "coordinates": [ 77.6520918, 12.9105449 ] } },
{ "type": "Feature", "properties": { "osm_id": "node/11411649461", "amenity": null, "shop": "beauty", "office": null, "tourism": null, "healthcare": null, "craft": null, "name": "Asya Thai Spa", "addr:housenumber": null, "addr:street": null }, "geometry": { "type": "Point", "coordinates": [ 77.6521497, 12.9102053 ] } },
{ "type": "Feature", "properties": { "osm_id": "node/11411649462", "amenity": null, "shop": "clothes", "office": null, "tourism": null, "healthcare": null, "craft": null, "name": "Ramyakatta", "addr:housenumber": null, "addr:street": null }, "geometry": { "type": "Point", "coordinates": [ 77.652133, 12.9105387 ] } },
{ "type": "Feature", "properties": { "osm_id": "node/11411649463", "amenity": null, "shop": "travel_agency", "office": null, "tourism": null, "healthcare": null, "craft": null, "name": "SOTC For Holidays", "addr:housenumber": null, "addr:street": null }, "geometry": { "type": "Point", "coordinates": [ 77.6520671, 12.91054 ] } },
{ "type": "Feature", "properties": { "osm_id": "node/11414534035", "amenity": "cafe", "shop": null, "office": null, "tourism": null, "healthcare": null, "craft": null, "name": "The Humble Pie", "addr:housenumber": null, "addr:street": null }, "geometry": { "type": "Point", "coordinates": [ 77.6504774, 12.9085228 ] } },
{ "type": "Feature", "properties": { "osm_id": "node/11414534036", "amenity": "fast_food", "shop": null, "office": null, "tourism": null, "healthcare": null, "craft": null, "name": "BBQ Mechanic", "addr:housenumber": null, "addr:street": null }, "geometry": { "type": "Point", "coordinates": [ 77.6505464, 12.9085181 ] } },
{ "type": "Feature", "properties": { "osm_id": "node/11433878024", "amenity": null, "shop": null, "office": "company", "tourism": null, "healthcare": null, "craft": null, "name": "Enzyme", "addr:housenumber": null, "addr:street": null }, "geometry": { "type": "Point", "coordinates": [ 77.6509318, 12.9084527 ] } },
{ "type": "Feature", "properties": { "osm_id": "node/11433878025", "amenity": "cafe", "shop": null, "office": null, "tourism": null, "healthcare": null, "craft": null, "name": "Coffee & More", "addr:housenumber": null, "addr:street": null }, "geometry": { "type": "Point", "coordinates": [ 77.6499484, 12.9085772 ] } },
{ "type": "Feature", "properties": { "osm_id": "node/11434851062", "amenity": null, "shop": null, "office": "accountant", "tourism": null, "healthcare": null, "craft": null, "name": "Sachin BS & Co", "addr:housenumber": null, "addr:street": null }, "geometry": { "type": "Point", "coordinates": [ 77.6495353, 12.9089943 ] } },
{ "type": "Feature", "properties": { "osm_id": "node/11475804470", "amenity": null, "shop": null, "office": "coworking", "tourism": null, "healthcare": null, "craft": null, "name": "Hustlehub", "addr:housenumber": "4th floor, HustleHub 1901", "addr:street": "19th Main Rd, 1st Sector, HSR Layout" }, "geometry": { "type": "Point", "coordinates": [ 77.6446233, 12.9153782 ] } },
{ "type": "Feature", "properties": { "osm_id": "node/11476593930", "amenity": "car_wash", "shop": null, "office": null, "tourism": null, "healthcare": null, "craft": null, "name": "Auto Spa", "addr:housenumber": null, "addr:street": null }, "geometry": { "type": "Point", "coordinates": [ 77.6449285, 12.9152602 ] } },
{ "type": "Feature", "properties": { "osm_id": "node/11476593936", "amenity": "parking_entrance", "shop": null, "office": null, "tourism": null, "healthcare": null, "craft": null, "name": null, "addr:housenumber": null, "addr:street": null }, "geometry": { "type": "Point", "coordinates": [ 77.6445664, 12.9152929 ] } },
{ "type": "Feature", "properties": { "osm_id": "node/11476593939", "amenity": "parking_entrance", "shop": null, "office": null, "tourism": null, "healthcare": null, "craft": null, "name": null, "addr:housenumber": null, "addr:street": null }, "geometry": { "type": "Point", "coordinates": [ 77.6448853, 12.9153691 ] } },
{ "type": "Feature", "properties": { "osm_id": "node/11478653356", "amenity": null, "shop": null, "office": "company", "tourism": null, "healthcare": null, "craft": null, "name": "Indelec", "addr:housenumber": "1475", "addr:street": null }, "geometry": { "type": "Point", "coordinates": [ 77.6452596, 12.9157368 ] } },
{ "type": "Feature", "properties": { "osm_id": "node/11478656271", "amenity": null, "shop": "clothes", "office": null, "tourism": null, "healthcare": null, "craft": null, "name": "Mansi Creations", "addr:housenumber": "109", "addr:street": null }, "geometry": { "type": "Point", "coordinates": [ 77.6520732, 12.9100957 ] } },
{ "type": "Feature", "properties": { "osm_id": "node/11478656275", "amenity": null, "shop": "jewelry", "office": null, "tourism": null, "healthcare": null, "craft": null, "name": "Hema Jewellers", "addr:housenumber": null, "addr:street": "1st Floor, 27th Main Rd, above Baskin & Robins, Sector 2, HSR Layout" }, "geometry": { "type": "Point", "coordinates": [ 77.6517226, 12.9102304 ] } },
{ "type": "Feature", "properties": { "osm_id": "node/11478660328", "amenity": null, "shop": null, "office": "educational_institution", "tourism": null, "healthcare": null, "craft": null, "name": "EnlightIQ", "addr:housenumber": "1198", "addr:street": "22nd Cross Road" }, "geometry": { "type": "Point", "coordinates": [ 77.6402933, 12.9093855 ] } },
{ "type": "Feature", "properties": { "osm_id": "node/11481576836", "amenity": "shelter", "shop": null, "office": null, "tourism": null, "healthcare": null, "craft": null, "name": null, "addr:housenumber": null, "addr:street": null }, "geometry": { "type": "Point", "coordinates": [ 77.6404877, 12.913708 ] } },
{ "type": "Feature", "properties": { "osm_id": "node/11481576859", "amenity": "shelter", "shop": null, "office": null, "tourism": null, "healthcare": null, "craft": null, "name": null, "addr:housenumber": null, "addr:street": null }, "geometry": { "type": "Point", "coordinates": [ 77.6428471, 12.9136321 ] } },
{ "type": "Feature", "properties": { "osm_id": "node/11493704747", "amenity": null, "shop": null, "office": "company", "tourism": null, "healthcare": null, "craft": null, "name": "NestAway Technologies", "addr:housenumber": null, "addr:street": null }, "geometry": { "type": "Point", "coordinates": [ 77.6452144, 12.9201025 ] } },
{ "type": "Feature", "properties": { "osm_id": "node/11493704758", "amenity": null, "shop": "motorcycle", "office": null, "tourism": null, "healthcare": null, "craft": null, "name": "Kubera", "addr:housenumber": null, "addr:street": null }, "geometry": { "type": "Point", "coordinates": [ 77.6450753, 12.9172731 ] } },
{ "type": "Feature", "properties": { "osm_id": "node/11502362673", "amenity": null, "shop": "greengrocer", "office": null, "tourism": null, "healthcare": null, "craft": null, "name": "24 Mantra Organic Shop", "addr:housenumber": null, "addr:street": "26th Cross Road" }, "geometry": { "type": "Point", "coordinates": [ 77.6495099, 12.9052595 ] } },
{ "type": "Feature", "properties": { "osm_id": "node/11502372890", "amenity": "community_centre", "shop": null, "office": null, "tourism": null, "healthcare": null, "craft": null, "name": "Siddhartha Convention Centre", "addr:housenumber": null, "addr:street": "26th Cross Road" }, "geometry": { "type": "Point", "coordinates": [ 77.6499377, 12.9054885 ] } },
{ "type": "Feature", "properties": { "osm_id": "node/11505695828", "amenity": null, "shop": null, "office": null, "tourism": "artwork", "healthcare": null, "craft": null, "name": null, "addr:housenumber": null, "addr:street": null }, "geometry": { "type": "Point", "coordinates": [ 77.6400219, 12.923688 ] } },
{ "type": "Feature", "properties": { "osm_id": "node/11530060469", "amenity": null, "shop": "beverages", "office": null, "tourism": null, "healthcare": null, "craft": null, "name": "Juice Junction", "addr:housenumber": null, "addr:street": null }, "geometry": { "type": "Point", "coordinates": [ 77.6322291, 12.9139447 ] } },
{ "type": "Feature", "properties": { "osm_id": "node/11532880442", "amenity": null, "shop": "bed", "office": null, "tourism": null, "healthcare": null, "craft": null, "name": "Century Mattresses", "addr:housenumber": null, "addr:street": null }, "geometry": { "type": "Point", "coordinates": [ 77.6513623, 12.9215356 ] } },
{ "type": "Feature", "properties": { "osm_id": "node/11532959813", "amenity": "restaurant", "shop": null, "office": null, "tourism": null, "healthcare": null, "craft": null, "name": "New Barratt Hotel", "addr:housenumber": null, "addr:street": null }, "geometry": { "type": "Point", "coordinates": [ 77.6497698, 12.92346 ] } },
{ "type": "Feature", "properties": { "osm_id": "node/11532959814", "amenity": "atm", "shop": null, "office": null, "tourism": null, "healthcare": null, "craft": null, "name": null, "addr:housenumber": null, "addr:street": null }, "geometry": { "type": "Point", "coordinates": [ 77.6498021, 12.9232383 ] } },
{ "type": "Feature", "properties": { "osm_id": "node/11532959815", "amenity": "restaurant", "shop": null, "office": null, "tourism": null, "healthcare": null, "craft": null, "name": "Kung Pao Town", "addr:housenumber": null, "addr:street": null }, "geometry": { "type": "Point", "coordinates": [ 77.6497684, 12.9230421 ] } },
{ "type": "Feature", "properties": { "osm_id": "node/11532959817", "amenity": "music_school", "shop": null, "office": null, "tourism": null, "healthcare": null, "craft": null, "name": "Deep Music Academy", "addr:housenumber": null, "addr:street": null }, "geometry": { "type": "Point", "coordinates": [ 77.6496506, 12.9225658 ] } },
{ "type": "Feature", "properties": { "osm_id": "node/11532959818", "amenity": null, "shop": "convenience", "office": null, "tourism": null, "healthcare": null, "craft": null, "name": "Sindhushri Pooja Store", "addr:housenumber": null, "addr:street": null }, "geometry": { "type": "Point", "coordinates": [ 77.6496528, 12.9225428 ] } },
{ "type": "Feature", "properties": { "osm_id": "node/11532959819", "amenity": "restaurant", "shop": null, "office": null, "tourism": null, "healthcare": null, "craft": null, "name": "Ambur Hot Dum Biryani", "addr:housenumber": null, "addr:street": null }, "geometry": { "type": "Point", "coordinates": [ 77.6496522, 12.9223989 ] } },
{ "type": "Feature", "properties": { "osm_id": "node/11532959820", "amenity": "fast_food", "shop": null, "office": null, "tourism": null, "healthcare": null, "craft": null, "name": "Yashu Juice And Snacks", "addr:housenumber": null, "addr:street": null }, "geometry": { "type": "Point", "coordinates": [ 77.6496746, 12.9222709 ] } },
{ "type": "Feature", "properties": { "osm_id": "node/11532959821", "amenity": null, "shop": "tea", "office": null, "tourism": null, "healthcare": null, "craft": null, "name": "Sahukar Chai", "addr:housenumber": null, "addr:street": null }, "geometry": { "type": "Point", "coordinates": [ 77.6496723, 12.9222568 ] } },
{ "type": "Feature", "properties": { "osm_id": "node/11532959822", "amenity": null, "shop": "convenience", "office": null, "tourism": null, "healthcare": null, "craft": null, "name": "Mataji Packaging", "addr:housenumber": null, "addr:street": null }, "geometry": { "type": "Point", "coordinates": [ 77.6496711, 12.9222366 ] } },
{ "type": "Feature", "properties": { "osm_id": "node/11532959823", "amenity": null, "shop": "photo", "office": null, "tourism": null, "healthcare": null, "craft": null, "name": "Sri Sai Guru Digital Studio", "addr:housenumber": null, "addr:street": null }, "geometry": { "type": "Point", "coordinates": [ 77.6496627, 12.9222336 ] } },
{ "type": "Feature", "properties": { "osm_id": "node/11532959824", "amenity": null, "shop": "jewelry", "office": null, "tourism": null, "healthcare": null, "craft": null, "name": "Suvarna Jewellery Works", "addr:housenumber": null, "addr:street": null }, "geometry": { "type": "Point", "coordinates": [ 77.6496507, 12.921998 ] } },
{ "type": "Feature", "properties": { "osm_id": "node/11532959825", "amenity": null, "shop": "mobile_phone", "office": null, "tourism": null, "healthcare": null, "craft": null, "name": "A S Electronics", "addr:housenumber": null, "addr:street": null }, "geometry": { "type": "Point", "coordinates": [ 77.6496521, 12.9219907 ] } },
{ "type": "Feature", "properties": { "osm_id": "node/11532959826", "amenity": null, "shop": "gift", "office": null, "tourism": null, "healthcare": null, "craft": null, "name": "Ambe Fancy & Gift Gallery", "addr:housenumber": null, "addr:street": null }, "geometry": { "type": "Point", "coordinates": [ 77.6496401, 12.9218555 ] } },
{ "type": "Feature", "properties": { "osm_id": "node/11532959827", "amenity": null, "shop": "jewelry", "office": null, "tourism": null, "healthcare": null, "craft": null, "name": "Mathaji Jewellers", "addr:housenumber": null, "addr:street": null }, "geometry": { "type": "Point", "coordinates": [ 77.6496409, 12.9218268 ] } },
{ "type": "Feature", "properties": { "osm_id": "node/11532959828", "amenity": null, "shop": "clothes", "office": null, "tourism": null, "healthcare": null, "craft": null, "name": "Sarika Silks & Garments", "addr:housenumber": null, "addr:street": null }, "geometry": { "type": "Point", "coordinates": [ 77.6495651, 12.9217426 ] } },
{ "type": "Feature", "properties": { "osm_id": "node/11532969943", "amenity": null, "shop": "spices", "office": null, "tourism": null, "healthcare": null, "craft": null, "name": "Holige Mane", "addr:housenumber": null, "addr:street": null }, "geometry": { "type": "Point", "coordinates": [ 77.6497357, 12.921635 ] } },
{ "type": "Feature", "properties": { "osm_id": "node/11532969947", "amenity": "fast_food", "shop": null, "office": null, "tourism": null, "healthcare": null, "craft": null, "name": "Pratik Fast Food Center", "addr:housenumber": null, "addr:street": null }, "geometry": { "type": "Point", "coordinates": [ 77.649698, 12.9214129 ] } },
{ "type": "Feature", "properties": { "osm_id": "node/11532969948", "amenity": "bar", "shop": null, "office": null, "tourism": null, "healthcare": null, "craft": null, "name": "Manjunath Bar & Restaurant", "addr:housenumber": null, "addr:street": null }, "geometry": { "type": "Point", "coordinates": [ 77.6496697, 12.9213376 ] } },
{ "type": "Feature", "properties": { "osm_id": "node/11532969949", "amenity": null, "shop": "convenience", "office": null, "tourism": null, "healthcare": null, "craft": null, "name": "Krishna Provision Store", "addr:housenumber": null, "addr:street": null }, "geometry": { "type": "Point", "coordinates": [ 77.6496559, 12.9213131 ] } },
{ "type": "Feature", "properties": { "osm_id": "node/11532969950", "amenity": null, "shop": "mobile_phone", "office": null, "tourism": null, "healthcare": null, "craft": null, "name": "Mobi Tech", "addr:housenumber": null, "addr:street": null }, "geometry": { "type": "Point", "coordinates": [ 77.6496501, 12.9212801 ] } },
{ "type": "Feature", "properties": { "osm_id": "node/11532969955", "amenity": null, "shop": "convenience", "office": null, "tourism": null, "healthcare": null, "craft": null, "name": "Matheswari Provisions Store", "addr:housenumber": null, "addr:street": null }, "geometry": { "type": "Point", "coordinates": [ 77.6496023, 12.9211611 ] } },
{ "type": "Feature", "properties": { "osm_id": "node/11532969956", "amenity": null, "shop": "mobile_phone", "office": null, "tourism": null, "healthcare": null, "craft": null, "name": "Sara Mobiles", "addr:housenumber": null, "addr:street": null }, "geometry": { "type": "Point", "coordinates": [ 77.6495898, 12.9211492 ] } },
{ "type": "Feature", "properties": { "osm_id": "node/11532969957", "amenity": "post_office", "shop": null, "office": null, "tourism": null, "healthcare": null, "craft": null, "name": "The Professional Couriers", "addr:housenumber": "24", "addr:street": "24th Main Road" }, "geometry": { "type": "Point", "coordinates": [ 77.6496202, 12.9211565 ] } },
{ "type": "Feature", "properties": { "osm_id": "node/11532969958", "amenity": null, "shop": "bakery", "office": null, "tourism": null, "healthcare": null, "craft": null, "name": "Sri Maya Cake & Sweets", "addr:housenumber": null, "addr:street": null }, "geometry": { "type": "Point", "coordinates": [ 77.6495878, 12.9211137 ] } },
{ "type": "Feature", "properties": { "osm_id": "node/11532969959", "amenity": null, "shop": "electrical", "office": null, "tourism": null, "healthcare": null, "craft": null, "name": "Anjaneya Electricals", "addr:housenumber": null, "addr:street": null }, "geometry": { "type": "Point", "coordinates": [ 77.6495386, 12.9210035 ] } },
{ "type": "Feature", "properties": { "osm_id": "node/11532969960", "amenity": null, "shop": "shoes", "office": null, "tourism": null, "healthcare": null, "craft": null, "name": "Vismaya Footwear", "addr:housenumber": null, "addr:street": null }, "geometry": { "type": "Point", "coordinates": [ 77.649538, 12.9209438 ] } },
{ "type": "Feature", "properties": { "osm_id": "node/11532970391", "amenity": null, "shop": "bakery", "office": null, "tourism": null, "healthcare": null, "craft": null, "name": "The Cake House", "addr:housenumber": null, "addr:street": null }, "geometry": { "type": "Point", "coordinates": [ 77.6497813, 12.9233185 ] } },
{ "type": "Feature", "properties": { "osm_id": "node/11532970395", "amenity": null, "shop": "clothes", "office": null, "tourism": null, "healthcare": null, "craft": null, "name": "Trends Attire", "addr:housenumber": null, "addr:street": null }, "geometry": { "type": "Point", "coordinates": [ 77.649737, 12.9229788 ] } },
{ "type": "Feature", "properties": { "osm_id": "node/11532970396", "amenity": "fast_food", "shop": null, "office": null, "tourism": null, "healthcare": null, "craft": null, "name": "Anapoorneshwari Hotel", "addr:housenumber": null, "addr:street": null }, "geometry": { "type": "Point", "coordinates": [ 77.6498118, 12.9226451 ] } },
{ "type": "Feature", "properties": { "osm_id": "node/11532970397", "amenity": null, "shop": "bakery", "office": null, "tourism": null, "healthcare": null, "craft": null, "name": "Karnataka Bakery & Juice", "addr:housenumber": null, "addr:street": null }, "geometry": { "type": "Point", "coordinates": [ 77.6497923, 12.922492 ] } },
{ "type": "Feature", "properties": { "osm_id": "node/11532970398", "amenity": "fast_food", "shop": null, "office": null, "tourism": null, "healthcare": null, "craft": null, "name": "Sri Raghavendra Home Made Snacks", "addr:housenumber": null, "addr:street": null }, "geometry": { "type": "Point", "coordinates": [ 77.6498026, 12.922344 ] } },
{ "type": "Feature", "properties": { "osm_id": "node/11532970399", "amenity": null, "shop": null, "office": null, "tourism": null, "healthcare": null, "craft": "watchmaker", "name": "New City Times", "addr:housenumber": null, "addr:street": null }, "geometry": { "type": "Point", "coordinates": [ 77.6497961, 12.9222998 ] } },
{ "type": "Feature", "properties": { "osm_id": "node/11532970400", "amenity": null, "shop": "jewelry", "office": null, "tourism": null, "healthcare": null, "craft": null, "name": "Pawan Jewellers", "addr:housenumber": null, "addr:street": null }, "geometry": { "type": "Point", "coordinates": [ 77.6498119, 12.922288 ] } },
{ "type": "Feature", "properties": { "osm_id": "node/11532970401", "amenity": null, "shop": "hardware", "office": null, "tourism": null, "healthcare": null, "craft": null, "name": "Maruthi Hardware & Electricals", "addr:housenumber": null, "addr:street": null }, "geometry": { "type": "Point", "coordinates": [ 77.6498104, 12.9222497 ] } },
{ "type": "Feature", "properties": { "osm_id": "node/11532970846", "amenity": "cafe", "shop": null, "office": null, "tourism": null, "healthcare": null, "craft": null, "name": "HSR Juicy Cafe", "addr:housenumber": null, "addr:street": null }, "geometry": { "type": "Point", "coordinates": [ 77.6511843, 12.9193616 ] } },
{ "type": "Feature", "properties": { "osm_id": "node/11532970847", "amenity": null, "shop": null, "office": null, "tourism": null, "healthcare": null, "craft": "bakery", "name": "Le Kene", "addr:housenumber": null, "addr:street": null }, "geometry": { "type": "Point", "coordinates": [ 77.6446483, 12.9156315 ] } },
{ "type": "Feature", "properties": { "osm_id": "node/11533030871", "amenity": null, "shop": "hairdresser", "office": null, "tourism": null, "healthcare": null, "craft": null, "name": "Cotton Candy Clippers", "addr:housenumber": null, "addr:street": null }, "geometry": { "type": "Point", "coordinates": [ 77.6513392, 12.9216918 ] } },
{ "type": "Feature", "properties": { "osm_id": "node/11533030872", "amenity": null, "shop": "bag", "office": null, "tourism": null, "healthcare": null, "craft": null, "name": "American Tourist", "addr:housenumber": null, "addr:street": null }, "geometry": { "type": "Point", "coordinates": [ 77.6513711, 12.9216202 ] } },
{ "type": "Feature", "properties": { "osm_id": "node/11533030873", "amenity": null, "shop": "furniture", "office": null, "tourism": null, "healthcare": null, "craft": null, "name": "milan", "addr:housenumber": null, "addr:street": null }, "geometry": { "type": "Point", "coordinates": [ 77.6513755, 12.921538 ] } },
{ "type": "Feature", "properties": { "osm_id": "node/11533031873", "amenity": null, "shop": null, "office": null, "tourism": "information", "healthcare": null, "craft": null, "name": "HSR Layout Sector 1", "addr:housenumber": null, "addr:street": null }, "geometry": { "type": "Point", "coordinates": [ 77.6516854, 12.9231694 ] } },
{ "type": "Feature", "properties": { "osm_id": "node/11533032808", "amenity": null, "shop": null, "office": "it", "tourism": null, "healthcare": null, "craft": null, "name": "RideNext Software solutions", "addr:housenumber": null, "addr:street": null }, "geometry": { "type": "Point", "coordinates": [ 77.6445738, 12.9156771 ] } },
{ "type": "Feature", "properties": { "osm_id": "node/11533043950", "amenity": null, "shop": null, "office": null, "tourism": "apartment", "healthcare": null, "craft": null, "name": "VJl Habitat", "addr:housenumber": "1271/74", "addr:street": null }, "geometry": { "type": "Point", "coordinates": [ 77.6503946, 12.9207698 ] } },
{ "type": "Feature", "properties": { "osm_id": "node/11533043951", "amenity": null, "shop": null, "office": "it", "tourism": null, "healthcare": null, "craft": null, "name": "Nuviso Networks Private Limited", "addr:housenumber": null, "addr:street": null }, "geometry": { "type": "Point", "coordinates": [ 77.644637, 12.9157717 ] } },
{ "type": "Feature", "properties": { "osm_id": "node/11533053967", "amenity": null, "shop": null, "office": "it", "tourism": null, "healthcare": null, "craft": null, "name": "Ready Assist", "addr:housenumber": null, "addr:street": null }, "geometry": { "type": "Point", "coordinates": [ 77.6501766, 12.9203706 ] } },
{ "type": "Feature", "properties": { "osm_id": "node/11533099789", "amenity": null, "shop": "butcher", "office": null, "tourism": null, "healthcare": null, "craft": null, "name": "Karnataka Pork Stall and Hotel", "addr:housenumber": null, "addr:street": null }, "geometry": { "type": "Point", "coordinates": [ 77.6501699, 12.9218539 ] } },
{ "type": "Feature", "properties": { "osm_id": "node/11533099916", "amenity": null, "shop": "convenience", "office": null, "tourism": null, "healthcare": null, "craft": null, "name": null, "addr:housenumber": null, "addr:street": null }, "geometry": { "type": "Point", "coordinates": [ 77.6505419, 12.9217903 ] } },
{ "type": "Feature", "properties": { "osm_id": "node/11533099917", "amenity": null, "shop": null, "office": null, "tourism": null, "healthcare": null, "craft": "tailor", "name": "Sankalp Botique", "addr:housenumber": null, "addr:street": null }, "geometry": { "type": "Point", "coordinates": [ 77.6523184, 12.916454 ] } },
{ "type": "Feature", "properties": { "osm_id": "node/11533103109", "amenity": null, "shop": "convenience", "office": null, "tourism": null, "healthcare": null, "craft": null, "name": "Akash Provisional store", "addr:housenumber": null, "addr:street": null }, "geometry": { "type": "Point", "coordinates": [ 77.6501642, 12.9217645 ] } },
{ "type": "Feature", "properties": { "osm_id": "node/11533103110", "amenity": null, "shop": "beverages", "office": null, "tourism": null, "healthcare": null, "craft": null, "name": "The Chaitini", "addr:housenumber": null, "addr:street": null }, "geometry": { "type": "Point", "coordinates": [ 77.6497319, 12.9158872 ] } },
{ "type": "Feature", "properties": { "osm_id": "node/11533104852", "amenity": null, "shop": "bakery", "office": null, "tourism": null, "healthcare": null, "craft": null, "name": "Sri Lakshmi Bakery & Sweets", "addr:housenumber": null, "addr:street": null }, "geometry": { "type": "Point", "coordinates": [ 77.6493586, 12.9200067 ] } },
{ "type": "Feature", "properties": { "osm_id": "node/11533104853", "amenity": "restaurant", "shop": null, "office": null, "tourism": null, "healthcare": null, "craft": null, "name": "Amaravati", "addr:housenumber": "1284/111", "addr:street": "24th Main Road" }, "geometry": { "type": "Point", "coordinates": [ 77.6494971, 12.9205921 ] } },
{ "type": "Feature", "properties": { "osm_id": "node/11533104854", "amenity": null, "shop": "hardware", "office": null, "tourism": null, "healthcare": null, "craft": null, "name": "Janatha Hardware", "addr:housenumber": null, "addr:street": null }, "geometry": { "type": "Point", "coordinates": [ 77.6495048, 12.9205628 ] } },
{ "type": "Feature", "properties": { "osm_id": "node/11533104862", "amenity": null, "shop": "alcohol", "office": null, "tourism": null, "healthcare": null, "craft": null, "name": "Century Wines & Spirits", "addr:housenumber": null, "addr:street": null }, "geometry": { "type": "Point", "coordinates": [ 77.649421, 12.9200586 ] } },
{ "type": "Feature", "properties": { "osm_id": "node/11533104864", "amenity": null, "shop": "convenience", "office": null, "tourism": null, "healthcare": null, "craft": null, "name": "Sri Krishna Stationary", "addr:housenumber": null, "addr:street": null }, "geometry": { "type": "Point", "coordinates": [ 77.6493472, 12.9199519 ] } },
{ "type": "Feature", "properties": { "osm_id": "node/11533104865", "amenity": null, "shop": "mobile_phone", "office": null, "tourism": null, "healthcare": null, "craft": null, "name": "HSR Mobiles", "addr:housenumber": null, "addr:street": null }, "geometry": { "type": "Point", "coordinates": [ 77.649348, 12.9198873 ] } },
{ "type": "Feature", "properties": { "osm_id": "node/11533104866", "amenity": null, "shop": "jewelry", "office": null, "tourism": null, "healthcare": null, "craft": null, "name": "Mahendra Bankers & Jewelers", "addr:housenumber": null, "addr:street": null }, "geometry": { "type": "Point", "coordinates": [ 77.6493372, 12.9197662 ] } },
{ "type": "Feature", "properties": { "osm_id": "node/11533104867", "amenity": null, "shop": "electrical", "office": null, "tourism": null, "healthcare": null, "craft": null, "name": "Mohan Electrical & Hardware", "addr:housenumber": null, "addr:street": null }, "geometry": { "type": "Point", "coordinates": [ 77.6493324, 12.9198044 ] } },
{ "type": "Feature", "properties": { "osm_id": "node/11533104868", "amenity": "fast_food", "shop": null, "office": null, "tourism": null, "healthcare": null, "craft": null, "name": "Sri Ganesh Fruit Juice Centre", "addr:housenumber": null, "addr:street": null }, "geometry": { "type": "Point", "coordinates": [ 77.6493342, 12.9196986 ] } },
{ "type": "Feature", "properties": { "osm_id": "node/11533108364", "amenity": "restaurant", "shop": null, "office": null, "tourism": null, "healthcare": null, "craft": null, "name": "Casa Fresco", "addr:housenumber": "73", "addr:street": "27th Main Road" }, "geometry": { "type": "Point", "coordinates": [ 77.6504656, 12.9206676 ] } },
{ "type": "Feature", "properties": { "osm_id": "node/11533108365", "amenity": null, "shop": null, "office": "research", "tourism": null, "healthcare": null, "craft": null, "name": "Reserve Bank Innovation Hub", "addr:housenumber": null, "addr:street": null }, "geometry": { "type": "Point", "coordinates": [ 77.6510302, 12.9202333 ] } },
{ "type": "Feature", "properties": { "osm_id": "node/11533109537", "amenity": "clinic", "shop": null, "office": null, "tourism": null, "healthcare": null, "craft": null, "name": "Ashirvad Clinic", "addr:housenumber": null, "addr:street": null }, "geometry": { "type": "Point", "coordinates": [ 77.6495699, 12.9206693 ] } },
{ "type": "Feature", "properties": { "osm_id": "node/11533112298", "amenity": "pharmacy", "shop": null, "office": null, "tourism": null, "healthcare": "pharmacy", "craft": null, "name": "Srinivasa Medical And General Stores", "addr:housenumber": null, "addr:street": null }, "geometry": { "type": "Point", "coordinates": [ 77.6495378, 12.9214559 ] } },
{ "type": "Feature", "properties": { "osm_id": "node/11533112300", "amenity": null, "shop": "jewelry", "office": null, "tourism": null, "healthcare": null, "craft": null, "name": "Meenakshi Jewellers", "addr:housenumber": null, "addr:street": null }, "geometry": { "type": "Point", "coordinates": [ 77.6494761, 12.921403 ] } },
{ "type": "Feature", "properties": { "osm_id": "node/11533112301", "amenity": null, "shop": "convenience", "office": null, "tourism": null, "healthcare": null, "craft": null, "name": "Mahadev Store", "addr:housenumber": null, "addr:street": null }, "geometry": { "type": "Point", "coordinates": [ 77.6494709, 12.9213807 ] } },
{ "type": "Feature", "properties": { "osm_id": "node/11533112302", "amenity": null, "shop": "convenience", "office": null, "tourism": null, "healthcare": null, "craft": null, "name": "Anand Provision Store", "addr:housenumber": null, "addr:street": null }, "geometry": { "type": "Point", "coordinates": [ 77.6494856, 12.921331 ] } },
{ "type": "Feature", "properties": { "osm_id": "node/11533112303", "amenity": null, "shop": "jewelry", "office": null, "tourism": null, "healthcare": null, "craft": null, "name": "Mahalakshmi Jewellers", "addr:housenumber": null, "addr:street": null }, "geometry": { "type": "Point", "coordinates": [ 77.6494769, 12.9212988 ] } },
{ "type": "Feature", "properties": { "osm_id": "node/11533112304", "amenity": null, "shop": "clothes", "office": null, "tourism": null, "healthcare": null, "craft": null, "name": "Mathaji Textiles", "addr:housenumber": null, "addr:street": null }, "geometry": { "type": "Point", "coordinates": [ 77.6494694, 12.9212796 ] } },
{ "type": "Feature", "properties": { "osm_id": "node/11533112305", "amenity": "pharmacy", "shop": null, "office": null, "tourism": null, "healthcare": "pharmacy", "craft": null, "name": "MedPlus", "addr:housenumber": null, "addr:street": null }, "geometry": { "type": "Point", "coordinates": [ 77.6494174, 12.9212413 ] } },
{ "type": "Feature", "properties": { "osm_id": "node/11533112306", "amenity": null, "shop": "convenience", "office": null, "tourism": null, "healthcare": null, "craft": null, "name": "Mahalakshmi Provision Store", "addr:housenumber": null, "addr:street": null }, "geometry": { "type": "Point", "coordinates": [ 77.649406, 12.9211613 ] } },
{ "type": "Feature", "properties": { "osm_id": "node/11533112307", "amenity": "pharmacy", "shop": null, "office": null, "tourism": null, "healthcare": "pharmacy", "craft": null, "name": "Sri Swamy Medicals", "addr:housenumber": null, "addr:street": null }, "geometry": { "type": "Point", "coordinates": [ 77.6494, 12.921083 ] } },
{ "type": "Feature", "properties": { "osm_id": "node/11533112308", "amenity": null, "shop": "hardware", "office": null, "tourism": null, "healthcare": null, "craft": null, "name": "Mahalaximi Hardware & Sanitary", "addr:housenumber": null, "addr:street": null }, "geometry": { "type": "Point", "coordinates": [ 77.6493954, 12.9210579 ] } },
{ "type": "Feature", "properties": { "osm_id": "node/11533112309", "amenity": null, "shop": "bakery", "office": null, "tourism": null, "healthcare": null, "craft": null, "name": "Akarsh Bakery", "addr:housenumber": null, "addr:street": null }, "geometry": { "type": "Point", "coordinates": [ 77.6493891, 12.9210273 ] } },
{ "type": "Feature", "properties": { "osm_id": "node/11533112310", "amenity": "dentist", "shop": null, "office": null, "tourism": null, "healthcare": "dentist", "craft": null, "name": "Sunkris Dental Health Care & Implant Centre", "addr:housenumber": null, "addr:street": null }, "geometry": { "type": "Point", "coordinates": [ 77.6493322, 12.9210197 ] } },
{ "type": "Feature", "properties": { "osm_id": "node/11533112311", "amenity": null, "shop": "bakery", "office": null, "tourism": null, "healthcare": null, "craft": null, "name": "Agara Bake", "addr:housenumber": null, "addr:street": null }, "geometry": { "type": "Point", "coordinates": [ 77.6492586, 12.9204953 ] } },
{ "type": "Feature", "properties": { "osm_id": "node/11533112312", "amenity": null, "shop": "appliance", "office": null, "tourism": null, "healthcare": null, "craft": null, "name": "Krishna Home Appliances", "addr:housenumber": null, "addr:street": null }, "geometry": { "type": "Point", "coordinates": [ 77.6492564, 12.9204616 ] } },
{ "type": "Feature", "properties": { "osm_id": "node/11533112313", "amenity": "pharmacy", "shop": null, "office": null, "tourism": null, "healthcare": "pharmacy", "craft": null, "name": "Vinayaka Medicals", "addr:housenumber": null, "addr:street": null }, "geometry": { "type": "Point", "coordinates": [ 77.649228, 12.920369 ] } },
{ "type": "Feature", "properties": { "osm_id": "node/11533112314", "amenity": null, "shop": "farm", "office": null, "tourism": null, "healthcare": null, "craft": null, "name": "Neeladri Vegetables & Fruits", "addr:housenumber": null, "addr:street": null }, "geometry": { "type": "Point", "coordinates": [ 77.6492321, 12.9203416 ] } },
{ "type": "Feature", "properties": { "osm_id": "node/11533112315", "amenity": null, "shop": null, "office": null, "tourism": null, "healthcare": null, "craft": "watchmaker", "name": "New City Times", "addr:housenumber": null, "addr:street": null }, "geometry": { "type": "Point", "coordinates": [ 77.6492269, 12.9203166 ] } },
{ "type": "Feature", "properties": { "osm_id": "node/11533112316", "amenity": null, "shop": "frame", "office": null, "tourism": null, "healthcare": null, "craft": null, "name": "Sri Balaji Photo Frame Works", "addr:housenumber": null, "addr:street": null }, "geometry": { "type": "Point", "coordinates": [ 77.6492276, 12.9202679 ] } },
{ "type": "Feature", "properties": { "osm_id": "node/11533112317", "amenity": null, "shop": "electrical", "office": null, "tourism": null, "healthcare": null, "craft": null, "name": "HSR Power Tools", "addr:housenumber": null, "addr:street": null }, "geometry": { "type": "Point", "coordinates": [ 77.649221, 12.920263 ] } },
{ "type": "Feature", "properties": { "osm_id": "node/11533112318", "amenity": "place_of_worship", "shop": null, "office": null, "tourism": null, "healthcare": null, "craft": null, "name": "Shri Shakti Mariyamma Devi Temple", "addr:housenumber": null, "addr:street": null }, "geometry": { "type": "Point", "coordinates": [ 77.6491828, 12.9200819 ] } },
{ "type": "Feature", "properties": { "osm_id": "node/11533112319", "amenity": null, "shop": "locksmith", "office": null, "tourism": null, "healthcare": null, "craft": null, "name": "Shashi Computer Reset Key Makers & Fancy Store", "addr:housenumber": null, "addr:street": null }, "geometry": { "type": "Point", "coordinates": [ 77.6491837, 12.9200211 ] } },
{ "type": "Feature", "properties": { "osm_id": "node/11533112320", "amenity": "fast_food", "shop": null, "office": null, "tourism": null, "healthcare": null, "craft": null, "name": "Srinidhi Sagar", "addr:housenumber": null, "addr:street": null }, "geometry": { "type": "Point", "coordinates": [ 77.6491762, 12.9198847 ] } },
{ "type": "Feature", "properties": { "osm_id": "node/11533112321", "amenity": null, "shop": "hairdresser", "office": null, "tourism": null, "healthcare": null, "craft": null, "name": "Surabhi Unisex Salon", "addr:housenumber": null, "addr:street": null }, "geometry": { "type": "Point", "coordinates": [ 77.6491618, 12.9199104 ] } },
{ "type": "Feature", "properties": { "osm_id": "node/11533112322", "amenity": null, "shop": "clothes", "office": null, "tourism": null, "healthcare": null, "craft": null, "name": "Ritika Kids Wear", "addr:housenumber": null, "addr:street": null }, "geometry": { "type": "Point", "coordinates": [ 77.6491436, 12.919738 ] } },
{ "type": "Feature", "properties": { "osm_id": "node/11533112323", "amenity": null, "shop": "beauty", "office": null, "tourism": null, "healthcare": null, "craft": null, "name": "Lucky Beauty Centre", "addr:housenumber": null, "addr:street": null }, "geometry": { "type": "Point", "coordinates": [ 77.6491433, 12.9197041 ] } },
{ "type": "Feature", "properties": { "osm_id": "node/11533112324", "amenity": null, "shop": "butcher", "office": null, "tourism": null, "healthcare": null, "craft": null, "name": "Fish Harbor Meat Centre", "addr:housenumber": null, "addr:street": null }, "geometry": { "type": "Point", "coordinates": [ 77.6491418, 12.9195799 ] } },
{ "type": "Feature", "properties": { "osm_id": "node/11533127310", "amenity": null, "shop": null, "office": "company", "tourism": null, "healthcare": null, "craft": null, "name": "Aster Regional Office", "addr:housenumber": null, "addr:street": null }, "geometry": { "type": "Point", "coordinates": [ 77.6448888, 12.9144151 ] } },
{ "type": "Feature", "properties": { "osm_id": "node/11533127769", "amenity": null, "shop": "beauty", "office": null, "tourism": null, "healthcare": null, "craft": null, "name": "Wax Touch", "addr:housenumber": null, "addr:street": null }, "geometry": { "type": "Point", "coordinates": [ 77.6491451, 12.9156379 ] } },
{ "type": "Feature", "properties": { "osm_id": "node/11533128575", "amenity": null, "shop": "greengrocer", "office": null, "tourism": null, "healthcare": null, "craft": null, "name": "Namdhari's Fresh", "addr:housenumber": null, "addr:street": null }, "geometry": { "type": "Point", "coordinates": [ 77.6490734, 12.9171456 ] } },
{ "type": "Feature", "properties": { "osm_id": "node/11533128576", "amenity": "dentist", "shop": null, "office": null, "tourism": null, "healthcare": "dentist", "craft": null, "name": "The Dentist", "addr:housenumber": "941", "addr:street": "24th Main Road" }, "geometry": { "type": "Point", "coordinates": [ 77.6493774, 12.9188768 ] } },
{ "type": "Feature", "properties": { "osm_id": "node/11533128577", "amenity": null, "shop": "electrical", "office": null, "tourism": null, "healthcare": null, "craft": null, "name": "Heera Elecreicals", "addr:housenumber": "940", "addr:street": "24th Main Road" }, "geometry": { "type": "Point", "coordinates": [ 77.6493542, 12.9188003 ] } },
{ "type": "Feature", "properties": { "osm_id": "node/11533128578", "amenity": null, "shop": "confectionery", "office": null, "tourism": null, "healthcare": null, "craft": null, "name": "Sree Mahalakshmi Sweets", "addr:housenumber": "1035", "addr:street": "24th Main Road" }, "geometry": { "type": "Point", "coordinates": [ 77.6493524, 12.9186192 ] } },
{ "type": "Feature", "properties": { "osm_id": "node/11533128579", "amenity": null, "shop": null, "office": "company", "tourism": null, "healthcare": null, "craft": null, "name": "Total RCM Solutions", "addr:housenumber": null, "addr:street": null }, "geometry": { "type": "Point", "coordinates": [ 77.6493543, 12.9185753 ] } },
{ "type": "Feature", "properties": { "osm_id": "node/11533128580", "amenity": null, "shop": null, "office": "company", "tourism": null, "healthcare": null, "craft": null, "name": "Vyusync Design Solutions", "addr:housenumber": null, "addr:street": null }, "geometry": { "type": "Point", "coordinates": [ 77.6493857, 12.9185744 ] } },
{ "type": "Feature", "properties": { "osm_id": "node/11533128581", "amenity": null, "shop": "hardware", "office": null, "tourism": null, "healthcare": null, "craft": null, "name": "MCD Ceracon Private Limited", "addr:housenumber": null, "addr:street": null }, "geometry": { "type": "Point", "coordinates": [ 77.6493571, 12.9185416 ] } },
{ "type": "Feature", "properties": { "osm_id": "node/11533128582", "amenity": "bank", "shop": null, "office": null, "tourism": null, "healthcare": null, "craft": null, "name": "Karnataka Bank", "addr:housenumber": null, "addr:street": null }, "geometry": { "type": "Point", "coordinates": [ 77.6493572, 12.9179468 ] } },
{ "type": "Feature", "properties": { "osm_id": "node/11533128583", "amenity": null, "shop": "jewelry", "office": null, "tourism": null, "healthcare": null, "craft": null, "name": "Swaran Mangal", "addr:housenumber": null, "addr:street": null }, "geometry": { "type": "Point", "coordinates": [ 77.6494061, 12.9179114 ] } },
{ "type": "Feature", "properties": { "osm_id": "node/11533128584", "amenity": null, "shop": null, "office": "company", "tourism": null, "healthcare": null, "craft": null, "name": "Unoteam Software Pvt. Ltd.", "addr:housenumber": null, "addr:street": null }, "geometry": { "type": "Point", "coordinates": [ 77.6494117, 12.9179543 ] } },
{ "type": "Feature", "properties": { "osm_id": "node/11533128586", "amenity": null, "shop": null, "office": "company", "tourism": null, "healthcare": null, "craft": null, "name": "Engoti Technologies", "addr:housenumber": null, "addr:street": null }, "geometry": { "type": "Point", "coordinates": [ 77.6493687, 12.9176716 ] } },
{ "type": "Feature", "properties": { "osm_id": "node/11533128587", "amenity": "pharmacy", "shop": null, "office": null, "tourism": null, "healthcare": "pharmacy", "craft": null, "name": "Ganesh Medicals", "addr:housenumber": null, "addr:street": null }, "geometry": { "type": "Point", "coordinates": [ 77.6493579, 12.9189105 ] } },
{ "type": "Feature", "properties": { "osm_id": "node/11533128933", "amenity": null, "shop": null, "office": "cooperative", "tourism": null, "healthcare": null, "craft": null, "name": "Sree Vemana Souharda Co-operative society", "addr:housenumber": null, "addr:street": null }, "geometry": { "type": "Point", "coordinates": [ 77.6511581, 12.9224896 ] } },
{ "type": "Feature", "properties": { "osm_id": "node/11533128969", "amenity": "bank", "shop": null, "office": null, "tourism": null, "healthcare": null, "craft": null, "name": "Karnataka State Cooperative Apex Bank", "addr:housenumber": null, "addr:street": null }, "geometry": { "type": "Point", "coordinates": [ 77.6456263, 12.9153706 ] } },
{ "type": "Feature", "properties": { "osm_id": "node/11533129569", "amenity": null, "shop": "beverages", "office": null, "tourism": null, "healthcare": null, "craft": null, "name": null, "addr:housenumber": null, "addr:street": null }, "geometry": { "type": "Point", "coordinates": [ 77.6450493, 12.915755 ] } },
{ "type": "Feature", "properties": { "osm_id": "node/11533130763", "amenity": null, "shop": "laundry", "office": null, "tourism": null, "healthcare": null, "craft": null, "name": "Lyondry", "addr:housenumber": null, "addr:street": null }, "geometry": { "type": "Point", "coordinates": [ 77.6492504, 12.9167951 ] } },
{ "type": "Feature", "properties": { "osm_id": "node/11533130764", "amenity": "bench", "shop": null, "office": null, "tourism": null, "healthcare": null, "craft": null, "name": null, "addr:housenumber": null, "addr:street": null }, "geometry": { "type": "Point", "coordinates": [ 77.6489792, 12.9159448 ] } },
{ "type": "Feature", "properties": { "osm_id": "node/11533130765", "amenity": "bench", "shop": null, "office": null, "tourism": null, "healthcare": null, "craft": null, "name": null, "addr:housenumber": null, "addr:street": null }, "geometry": { "type": "Point", "coordinates": [ 77.6489855, 12.915965 ] } },
{ "type": "Feature", "properties": { "osm_id": "node/11533130767", "amenity": null, "shop": "laundry", "office": null, "tourism": null, "healthcare": null, "craft": null, "name": "Tumble Dry", "addr:housenumber": null, "addr:street": null }, "geometry": { "type": "Point", "coordinates": [ 77.6490905, 12.9156188 ] } },
{ "type": "Feature", "properties": { "osm_id": "node/11533130768", "amenity": "fast_food", "shop": null, "office": null, "tourism": null, "healthcare": null, "craft": null, "name": "Koriken", "addr:housenumber": null, "addr:street": null }, "geometry": { "type": "Point", "coordinates": [ 77.6491349, 12.9152682 ] } },
{ "type": "Feature", "properties": { "osm_id": "node/11533134010", "amenity": "clinic", "shop": null, "office": null, "tourism": null, "healthcare": null, "craft": null, "name": "Care Clinic", "addr:housenumber": null, "addr:street": null }, "geometry": { "type": "Point", "coordinates": [ 77.6509828, 12.9163949 ] } },
{ "type": "Feature", "properties": { "osm_id": "node/11533134011", "amenity": null, "shop": null, "office": "it", "tourism": null, "healthcare": null, "craft": null, "name": "Bonatra", "addr:housenumber": null, "addr:street": null }, "geometry": { "type": "Point", "coordinates": [ 77.6457149, 12.9153199 ] } },
{ "type": "Feature", "properties": { "osm_id": "node/11533137080", "amenity": "restaurant", "shop": null, "office": null, "tourism": null, "healthcare": null, "craft": null, "name": "The Vijayanagar Tiffins and Coffee", "addr:housenumber": null, "addr:street": null }, "geometry": { "type": "Point", "coordinates": [ 77.649347, 12.9158807 ] } },
{ "type": "Feature", "properties": { "osm_id": "node/11533141769", "amenity": "restaurant", "shop": null, "office": null, "tourism": null, "healthcare": null, "craft": null, "name": "HSR Donne Biryani", "addr:housenumber": null, "addr:street": null }, "geometry": { "type": "Point", "coordinates": [ 77.6489015, 12.9146948 ] } },
{ "type": "Feature", "properties": { "osm_id": "node/11533141770", "amenity": null, "shop": "greengrocer", "office": null, "tourism": null, "healthcare": null, "craft": null, "name": "Farm2fresh", "addr:housenumber": null, "addr:street": null }, "geometry": { "type": "Point", "coordinates": [ 77.6488871, 12.9144894 ] } },
{ "type": "Feature", "properties": { "osm_id": "node/11533141771", "amenity": "bicycle_parking", "shop": null, "office": null, "tourism": null, "healthcare": null, "craft": null, "name": null, "addr:housenumber": null, "addr:street": null }, "geometry": { "type": "Point", "coordinates": [ 77.6483866, 12.9120183 ] } },
{ "type": "Feature", "properties": { "osm_id": "node/11533141772", "amenity": null, "shop": "furniture", "office": null, "tourism": null, "healthcare": null, "craft": null, "name": "Wakefit", "addr:housenumber": null, "addr:street": null }, "geometry": { "type": "Point", "coordinates": [ 77.6482409, 12.9120881 ] } },
{ "type": "Feature", "properties": { "osm_id": "node/11533543406", "amenity": "parking_entrance", "shop": null, "office": null, "tourism": null, "healthcare": null, "craft": null, "name": null, "addr:housenumber": null, "addr:street": null }, "geometry": { "type": "Point", "coordinates": [ 77.6493464, 12.9185184 ] } },
{ "type": "Feature", "properties": { "osm_id": "node/11533575079", "amenity": "parking_entrance", "shop": null, "office": null, "tourism": null, "healthcare": null, "craft": null, "name": null, "addr:housenumber": null, "addr:street": null }, "geometry": { "type": "Point", "coordinates": [ 77.6446476, 12.9092141 ] } },
{ "type": "Feature", "properties": { "osm_id": "node/11533575083", "amenity": null, "shop": null, "office": "coworking", "tourism": null, "healthcare": null, "craft": null, "name": "UrbanVault", "addr:housenumber": null, "addr:street": null }, "geometry": { "type": "Point", "coordinates": [ 77.6448481, 12.9103503 ] } },
{ "type": "Feature", "properties": { "osm_id": "node/11533575084", "amenity": null, "shop": null, "office": "company", "tourism": null, "healthcare": null, "craft": null, "name": "GeoIQ", "addr:housenumber": "762", "addr:street": "19th Main Road" }, "geometry": { "type": "Point", "coordinates": [ 77.6447735, 12.9103023 ] } },
{ "type": "Feature", "properties": { "osm_id": "node/11533595486", "amenity": "bicycle_parking", "shop": null, "office": null, "tourism": null, "healthcare": null, "craft": null, "name": null, "addr:housenumber": null, "addr:street": null }, "geometry": { "type": "Point", "coordinates": [ 77.6515656, 12.918922 ] } },
{ "type": "Feature", "properties": { "osm_id": "node/11533595492", "amenity": "restaurant", "shop": null, "office": null, "tourism": null, "healthcare": null, "craft": null, "name": "Indian Coffee House", "addr:housenumber": null, "addr:street": null }, "geometry": { "type": "Point", "coordinates": [ 77.6446155, 12.9092366 ] } },
{ "type": "Feature", "properties": { "osm_id": "node/11534655522", "amenity": "shelter", "shop": null, "office": null, "tourism": null, "healthcare": null, "craft": null, "name": null, "addr:housenumber": null, "addr:street": null }, "geometry": { "type": "Point", "coordinates": [ 77.6433997, 12.9206516 ] } },
{ "type": "Feature", "properties": { "osm_id": "node/11534655524", "amenity": "toilets", "shop": null, "office": null, "tourism": null, "healthcare": null, "craft": null, "name": null, "addr:housenumber": null, "addr:street": null }, "geometry": { "type": "Point", "coordinates": [ 77.6446751, 12.9241548 ] } },
{ "type": "Feature", "properties": { "osm_id": "node/11576541038", "amenity": null, "shop": "clothes", "office": null, "tourism": null, "healthcare": null, "craft": null, "name": "Sri Venkateswara Garments", "addr:housenumber": "253", "addr:street": "14th Main Road" }, "geometry": { "type": "Point", "coordinates": [ 77.6378877, 12.9093844 ] } },
{ "type": "Feature", "properties": { "osm_id": "node/11597433497", "amenity": null, "shop": null, "office": "company", "tourism": null, "healthcare": null, "craft": null, "name": "GalaxEye Space", "addr:housenumber": "646", "addr:street": "27th Main Road" }, "geometry": { "type": "Point", "coordinates": [ 77.6518661, 12.9162354 ] } },
{ "type": "Feature", "properties": { "osm_id": "node/11610336057", "amenity": null, "shop": "sports", "office": null, "tourism": null, "healthcare": null, "craft": null, "name": "Decathlon Connect", "addr:housenumber": null, "addr:street": null }, "geometry": { "type": "Point", "coordinates": [ 77.6446851, 12.9175302 ] } },
{ "type": "Feature", "properties": { "osm_id": "node/11610336058", "amenity": "cafe", "shop": null, "office": null, "tourism": null, "healthcare": null, "craft": null, "name": "Le Kéne", "addr:housenumber": null, "addr:street": null }, "geometry": { "type": "Point", "coordinates": [ 77.6445918, 12.9154975 ] } },
{ "type": "Feature", "properties": { "osm_id": "node/11610502975", "amenity": "parking_entrance", "shop": null, "office": null, "tourism": null, "healthcare": null, "craft": null, "name": null, "addr:housenumber": null, "addr:street": null }, "geometry": { "type": "Point", "coordinates": [ 77.6447613, 12.9173793 ] } },
{ "type": "Feature", "properties": { "osm_id": "node/11610502978", "amenity": "parking_entrance", "shop": null, "office": null, "tourism": null, "healthcare": null, "craft": null, "name": null, "addr:housenumber": null, "addr:street": null }, "geometry": { "type": "Point", "coordinates": [ 77.6447552, 12.9175239 ] } },
{ "type": "Feature", "properties": { "osm_id": "node/11610502984", "amenity": "parking_entrance", "shop": null, "office": null, "tourism": null, "healthcare": null, "craft": null, "name": null, "addr:housenumber": null, "addr:street": null }, "geometry": { "type": "Point", "coordinates": [ 77.6447263, 12.9169008 ] } },
{ "type": "Feature", "properties": { "osm_id": "node/11684016159", "amenity": null, "shop": "electronics", "office": null, "tourism": null, "healthcare": null, "craft": null, "name": "Xboom Drones", "addr:housenumber": null, "addr:street": null }, "geometry": { "type": "Point", "coordinates": [ 77.6519776, 12.9086572 ] } },
{ "type": "Feature", "properties": { "osm_id": "node/11684016160", "amenity": "bank", "shop": null, "office": null, "tourism": null, "healthcare": null, "craft": null, "name": "Union Bank of India", "addr:housenumber": null, "addr:street": null }, "geometry": { "type": "Point", "coordinates": [ 77.6516734, 12.9087963 ] } },
{ "type": "Feature", "properties": { "osm_id": "node/11684016161", "amenity": "post_office", "shop": null, "office": null, "tourism": null, "healthcare": null, "craft": null, "name": null, "addr:housenumber": null, "addr:street": null }, "geometry": { "type": "Point", "coordinates": [ 77.6520375, 12.9093103 ] } },
{ "type": "Feature", "properties": { "osm_id": "node/11684016162", "amenity": "cafe", "shop": null, "office": null, "tourism": null, "healthcare": null, "craft": null, "name": "Mylapore Cafe", "addr:housenumber": null, "addr:street": null }, "geometry": { "type": "Point", "coordinates": [ 77.6381771, 12.9180306 ] } },
{ "type": "Feature", "properties": { "osm_id": "node/11716872116", "amenity": null, "shop": null, "office": "estate_agent", "tourism": null, "healthcare": null, "craft": null, "name": "Mahendra Homes Pvt Ltd", "addr:housenumber": null, "addr:street": null }, "geometry": { "type": "Point", "coordinates": [ 77.6366871, 12.9135522 ] } },
{ "type": "Feature", "properties": { "osm_id": "node/11758131752", "amenity": "post_box", "shop": null, "office": null, "tourism": null, "healthcare": null, "craft": null, "name": null, "addr:housenumber": null, "addr:street": null }, "geometry": { "type": "Point", "coordinates": [ 77.6518319, 12.9158066 ] } },
{ "type": "Feature", "properties": { "osm_id": "node/11836983254", "amenity": "cafe", "shop": null, "office": null, "tourism": null, "healthcare": null, "craft": null, "name": "Third Wave Coffee Roasters", "addr:housenumber": "249", "addr:street": "14th Main Road" }, "geometry": { "type": "Point", "coordinates": [ 77.6378373, 12.909966 ] } },
{ "type": "Feature", "properties": { "osm_id": "node/11862768873", "amenity": null, "shop": null, "office": "company", "tourism": null, "healthcare": null, "craft": null, "name": "Skylark Drones Private Limited", "addr:housenumber": "1090C", "addr:street": "18th cross Rd" }, "geometry": { "type": "Point", "coordinates": [ 77.6416343, 12.9118277 ] } },
{ "type": "Feature", "properties": { "osm_id": "node/11873939561", "amenity": null, "shop": null, "office": "company", "tourism": null, "healthcare": null, "craft": null, "name": "Miniklub Retail Private Limited", "addr:housenumber": "17L", "addr:street": "18th cross,19th main" }, "geometry": { "type": "Point", "coordinates": [ 77.6430579, 12.911868 ] } },
{ "type": "Feature", "properties": { "osm_id": "node/11896574561", "amenity": "cafe", "shop": null, "office": null, "tourism": null, "healthcare": null, "craft": null, "name": "Chaayos", "addr:housenumber": null, "addr:street": null }, "geometry": { "type": "Point", "coordinates": [ 77.6382804, 12.9113077 ] } },
{ "type": "Feature", "properties": { "osm_id": "node/11896574562", "amenity": "cafe", "shop": null, "office": null, "tourism": null, "healthcare": null, "craft": null, "name": "Wagh Bakri Tea Lounge", "addr:housenumber": null, "addr:street": null }, "geometry": { "type": "Point", "coordinates": [ 77.6382558, 12.9113468 ] } },
{ "type": "Feature", "properties": { "osm_id": "node/11896581674", "amenity": "restaurant", "shop": null, "office": null, "tourism": null, "healthcare": null, "craft": null, "name": "Mani's Dum Biryani", "addr:housenumber": null, "addr:street": null }, "geometry": { "type": "Point", "coordinates": [ 77.6384114, 12.9147527 ] } },
{ "type": "Feature", "properties": { "osm_id": "node/11897220044", "amenity": "shelter", "shop": null, "office": null, "tourism": null, "healthcare": null, "craft": null, "name": null, "addr:housenumber": null, "addr:street": null }, "geometry": { "type": "Point", "coordinates": [ 77.6430048, 12.9201718 ] } },
{ "type": "Feature", "properties": { "osm_id": "node/11903069865", "amenity": null, "shop": "hardware", "office": null, "tourism": null, "healthcare": null, "craft": null, "name": "Hindustan Hardware and Plywoods", "addr:housenumber": null, "addr:street": null }, "geometry": { "type": "Point", "coordinates": [ 77.6461721, 12.9227589 ] } },
{ "type": "Feature", "properties": { "osm_id": "node/11903094814", "amenity": "hospital", "shop": null, "office": null, "tourism": null, "healthcare": null, "craft": null, "name": "Sai Thunga Hospitals", "addr:housenumber": null, "addr:street": null }, "geometry": { "type": "Point", "coordinates": [ 77.6481809, 12.9240012 ] } },
{ "type": "Feature", "properties": { "osm_id": "node/11903125908", "amenity": "restaurant", "shop": null, "office": null, "tourism": null, "healthcare": null, "craft": null, "name": "Chimi's", "addr:housenumber": null, "addr:street": null }, "geometry": { "type": "Point", "coordinates": [ 77.6452006, 12.9217411 ] } },
{ "type": "Feature", "properties": { "osm_id": "node/11948295136", "amenity": "pharmacy", "shop": null, "office": null, "tourism": null, "healthcare": "pharmacy", "craft": null, "name": "Ganesh Medicals", "addr:housenumber": null, "addr:street": "24th Main Road" }, "geometry": { "type": "Point", "coordinates": [ 77.6490336, 12.9075461 ] } },
{ "type": "Feature", "properties": { "osm_id": "node/11960786375", "amenity": null, "shop": "tea", "office": null, "tourism": null, "healthcare": null, "craft": null, "name": "Chai House", "addr:housenumber": null, "addr:street": null }, "geometry": { "type": "Point", "coordinates": [ 77.6436316, 12.9090657 ] } },
{ "type": "Feature", "properties": { "osm_id": "node/11964861618", "amenity": "restaurant", "shop": null, "office": null, "tourism": null, "healthcare": null, "craft": null, "name": "Galatta", "addr:housenumber": null, "addr:street": null }, "geometry": { "type": "Point", "coordinates": [ 77.6491414, 12.915076 ] } },
{ "type": "Feature", "properties": { "osm_id": "node/11982451437", "amenity": "prep_school", "shop": null, "office": null, "tourism": null, "healthcare": null, "craft": null, "name": "Vedantu", "addr:housenumber": null, "addr:street": null }, "geometry": { "type": "Point", "coordinates": [ 77.6383253, 12.911931 ] } },
{ "type": "Feature", "properties": { "osm_id": "node/11982451438", "amenity": "bank", "shop": null, "office": null, "tourism": null, "healthcare": null, "craft": null, "name": "IDFC First Bank", "addr:housenumber": null, "addr:street": null }, "geometry": { "type": "Point", "coordinates": [ 77.638708, 12.9118561 ] } },
{ "type": "Feature", "properties": { "osm_id": "node/11982451439", "amenity": "bar", "shop": null, "office": null, "tourism": null, "healthcare": null, "craft": null, "name": "Shift", "addr:housenumber": null, "addr:street": null }, "geometry": { "type": "Point", "coordinates": [ 77.6388316, 12.9118361 ] } },
{ "type": "Feature", "properties": { "osm_id": "node/11982451440", "amenity": null, "shop": null, "office": "coworking", "tourism": null, "healthcare": null, "craft": null, "name": "Urban Vault", "addr:housenumber": null, "addr:street": null }, "geometry": { "type": "Point", "coordinates": [ 77.6389971, 12.9118536 ] } },
{ "type": "Feature", "properties": { "osm_id": "node/11982451441", "amenity": "cafe", "shop": null, "office": null, "tourism": null, "healthcare": null, "craft": null, "name": "North Star", "addr:housenumber": null, "addr:street": null }, "geometry": { "type": "Point", "coordinates": [ 77.6389783, 12.9117555 ] } },
{ "type": "Feature", "properties": { "osm_id": "node/11982451442", "amenity": "restaurant", "shop": null, "office": null, "tourism": null, "healthcare": null, "craft": null, "name": "Kesari", "addr:housenumber": null, "addr:street": null }, "geometry": { "type": "Point", "coordinates": [ 77.639029, 12.9118007 ] } },
{ "type": "Feature", "properties": { "osm_id": "node/11982683582", "amenity": "bank", "shop": null, "office": null, "tourism": null, "healthcare": null, "craft": null, "name": "ESAF Small Finance Bank", "addr:housenumber": "1318", "addr:street": "24th Main Road,Sector-2, HSR Layout" }, "geometry": { "type": "Point", "coordinates": [ 77.6491024, 12.9052092 ] } },
{ "type": "Feature", "properties": { "osm_id": "node/11982683583", "amenity": "atm", "shop": null, "office": null, "tourism": null, "healthcare": null, "craft": null, "name": null, "addr:housenumber": null, "addr:street": null }, "geometry": { "type": "Point", "coordinates": [ 77.6491055, 12.9052438 ] } },
{ "type": "Feature", "properties": { "osm_id": "node/11984487708", "amenity": "restaurant", "shop": null, "office": null, "tourism": null, "healthcare": null, "craft": null, "name": "Sendhoor Coffee", "addr:housenumber": null, "addr:street": null }, "geometry": { "type": "Point", "coordinates": [ 77.6326678, 12.9106707 ] } },
{ "type": "Feature", "properties": { "osm_id": "node/11984502967", "amenity": "place_of_worship", "shop": null, "office": null, "tourism": null, "healthcare": null, "craft": null, "name": "Sri Varasiddhi Vinayaka Temple", "addr:housenumber": null, "addr:street": "25th A Main Rd, 1st Sector, HSR Layout" }, "geometry": { "type": "Point", "coordinates": [ 77.650247, 12.917714 ] } },
{ "type": "Feature", "properties": { "osm_id": "node/11984519420", "amenity": "restaurant", "shop": null, "office": null, "tourism": null, "healthcare": null, "craft": null, "name": "Nammura Banasiga", "addr:housenumber": null, "addr:street": "13th Cross Road, Teacher's Colony 5th Sector, Opposite Arogya Ahar takeaway, Jakkasandra, 1st Block Koramangala, HSR Layout" }, "geometry": { "type": "Point", "coordinates": [ 77.6378442, 12.9179361 ] } },
{ "type": "Feature", "properties": { "osm_id": "node/11993875634", "amenity": "place_of_worship", "shop": null, "office": null, "tourism": null, "healthcare": null, "craft": null, "name": "Sri Durga Parameshwari Temple", "addr:housenumber": null, "addr:street": null }, "geometry": { "type": "Point", "coordinates": [ 77.6495383, 12.9236952 ] } },
{ "type": "Feature", "properties": { "osm_id": "node/11993943596", "amenity": "place_of_worship", "shop": null, "office": null, "tourism": null, "healthcare": null, "craft": null, "name": "Sri Kashi Vishwanatha Swamy Temple", "addr:housenumber": null, "addr:street": "Agara Village" }, "geometry": { "type": "Point", "coordinates": [ 77.64868, 12.9235452 ] } },
{ "type": "Feature", "properties": { "osm_id": "node/11998243869", "amenity": null, "shop": "grocery", "office": null, "tourism": null, "healthcare": null, "craft": null, "name": "Manju Departmental Store", "addr:housenumber": "51/1", "addr:street": "24th Main Road" }, "geometry": { "type": "Point", "coordinates": [ 77.6492278, 12.9077495 ] } },
{ "type": "Feature", "properties": { "osm_id": "node/11998243969", "amenity": "pharmacy", "shop": null, "office": null, "tourism": null, "healthcare": null, "craft": null, "name": "Sri Balaji Medicals", "addr:housenumber": "5-3/1", "addr:street": "24th Main Road" }, "geometry": { "type": "Point", "coordinates": [ 77.6491098, 12.9078609 ] } },
{ "type": "Feature", "properties": { "osm_id": "node/11998244069", "amenity": null, "shop": "gift", "office": null, "tourism": null, "healthcare": null, "craft": null, "name": "Mahashakti Fancy & Gift Paradise", "addr:housenumber": "3/1", "addr:street": "24th Main Road" }, "geometry": { "type": "Point", "coordinates": [ 77.6490733, 12.9077278 ] } },
{ "type": "Feature", "properties": { "osm_id": "node/12046483937", "amenity": null, "shop": "jewelry", "office": null, "tourism": null, "healthcare": null, "craft": null, "name": "Tanishq", "addr:housenumber": null, "addr:street": null }, "geometry": { "type": "Point", "coordinates": [ 77.6372395, 12.9121018 ] } },
{ "type": "Feature", "properties": { "osm_id": "node/12063307569", "amenity": null, "shop": null, "office": "company", "tourism": null, "healthcare": null, "craft": null, "name": "DTDC", "addr:housenumber": null, "addr:street": "27th Main Road" }, "geometry": { "type": "Point", "coordinates": [ 77.6520235, 12.9093409 ] } },
{ "type": "Feature", "properties": { "osm_id": "node/12073835669", "amenity": null, "shop": null, "office": "company", "tourism": null, "healthcare": null, "craft": null, "name": "Cureskin", "addr:housenumber": null, "addr:street": null }, "geometry": { "type": "Point", "coordinates": [ 77.6529859, 12.9160032 ] } },
{ "type": "Feature", "properties": { "osm_id": "node/12078449264", "amenity": "atm", "shop": null, "office": null, "tourism": null, "healthcare": null, "craft": null, "name": null, "addr:housenumber": null, "addr:street": null }, "geometry": { "type": "Point", "coordinates": [ 77.627123, 12.9105119 ] } },
{ "type": "Feature", "properties": { "osm_id": "node/12078449265", "amenity": "fuel", "shop": null, "office": null, "tourism": null, "healthcare": null, "craft": null, "name": null, "addr:housenumber": null, "addr:street": null }, "geometry": { "type": "Point", "coordinates": [ 77.6288166, 12.9079574 ] } },
{ "type": "Feature", "properties": { "osm_id": "node/12093192356", "amenity": "library", "shop": null, "office": null, "tourism": null, "healthcare": null, "craft": null, "name": null, "addr:housenumber": null, "addr:street": null }, "geometry": { "type": "Point", "coordinates": [ 77.6401941, 12.9103981 ] } },
{ "type": "Feature", "properties": { "osm_id": "node/12093192361", "amenity": "bench", "shop": null, "office": null, "tourism": null, "healthcare": null, "craft": null, "name": null, "addr:housenumber": null, "addr:street": null }, "geometry": { "type": "Point", "coordinates": [ 77.6401718, 12.9107203 ] } },
{ "type": "Feature", "properties": { "osm_id": "node/12093192362", "amenity": "bench", "shop": null, "office": null, "tourism": null, "healthcare": null, "craft": null, "name": null, "addr:housenumber": null, "addr:street": null }, "geometry": { "type": "Point", "coordinates": [ 77.6401876, 12.910733 ] } },
{ "type": "Feature", "properties": { "osm_id": "node/12093192363", "amenity": "bench", "shop": null, "office": null, "tourism": null, "healthcare": null, "craft": null, "name": null, "addr:housenumber": null, "addr:street": null }, "geometry": { "type": "Point", "coordinates": [ 77.6401715, 12.9107464 ] } },
{ "type": "Feature", "properties": { "osm_id": "node/12093192368", "amenity": "bench", "shop": null, "office": null, "tourism": null, "healthcare": null, "craft": null, "name": null, "addr:housenumber": null, "addr:street": null }, "geometry": { "type": "Point", "coordinates": [ 77.6393452, 12.9104373 ] } },
{ "type": "Feature", "properties": { "osm_id": "node/12093192369", "amenity": "bench", "shop": null, "office": null, "tourism": null, "healthcare": null, "craft": null, "name": null, "addr:housenumber": null, "addr:street": null }, "geometry": { "type": "Point", "coordinates": [ 77.6393632, 12.9105495 ] } },
{ "type": "Feature", "properties": { "osm_id": "node/12093192373", "amenity": "bench", "shop": null, "office": null, "tourism": null, "healthcare": null, "craft": null, "name": null, "addr:housenumber": null, "addr:street": null }, "geometry": { "type": "Point", "coordinates": [ 77.639716, 12.911002 ] } },
{ "type": "Feature", "properties": { "osm_id": "node/12093192374", "amenity": "bench", "shop": null, "office": null, "tourism": null, "healthcare": null, "craft": null, "name": null, "addr:housenumber": null, "addr:street": null }, "geometry": { "type": "Point", "coordinates": [ 77.6397226, 12.9108396 ] } },
{ "type": "Feature", "properties": { "osm_id": "node/12093192395", "amenity": "cafe", "shop": null, "office": null, "tourism": null, "healthcare": null, "craft": null, "name": "Hustle", "addr:housenumber": null, "addr:street": null }, "geometry": { "type": "Point", "coordinates": [ 77.6425409, 12.9090973 ] } },
{ "type": "Feature", "properties": { "osm_id": "node/12095154970", "amenity": null, "shop": null, "office": "company", "tourism": null, "healthcare": null, "craft": null, "name": "Clappia", "addr:housenumber": "L140, First Floor", "addr:street": "5th Main Road" }, "geometry": { "type": "Point", "coordinates": [ 77.6321862, 12.914051 ] } },
{ "type": "Feature", "properties": { "osm_id": "node/12095546434", "amenity": null, "shop": null, "office": null, "tourism": "artwork", "healthcare": null, "craft": null, "name": null, "addr:housenumber": null, "addr:street": null }, "geometry": { "type": "Point", "coordinates": [ 77.6444584, 12.9119086 ] } },
{ "type": "Feature", "properties": { "osm_id": "node/12105836712", "amenity": "restaurant", "shop": null, "office": null, "tourism": null, "healthcare": null, "craft": null, "name": "Roti Kulcha aur Naan", "addr:housenumber": "76/1", "addr:street": "7th Cross, 27th Main Road, Sector 1 HSR Layout" }, "geometry": { "type": "Point", "coordinates": [ 77.6506868, 12.919647 ] } },
{ "type": "Feature", "properties": { "osm_id": "node/12117979201", "amenity": null, "shop": "grocery", "office": null, "tourism": null, "healthcare": null, "craft": null, "name": "HSR Rice Traders", "addr:housenumber": "5/3", "addr:street": "24th Main Road" }, "geometry": { "type": "Point", "coordinates": [ 77.6491188, 12.907878 ] } },
{ "type": "Feature", "properties": { "osm_id": "node/12118909817", "amenity": null, "shop": null, "office": null, "tourism": "artwork", "healthcare": null, "craft": null, "name": null, "addr:housenumber": null, "addr:street": null }, "geometry": { "type": "Point", "coordinates": [ 77.6382812, 12.912196 ] } },
{ "type": "Feature", "properties": { "osm_id": "node/12129014444", "amenity": "restaurant", "shop": null, "office": null, "tourism": null, "healthcare": null, "craft": null, "name": "Tinytalian", "addr:housenumber": null, "addr:street": null }, "geometry": { "type": "Point", "coordinates": [ 77.6536551, 12.9128766 ] } },
{ "type": "Feature", "properties": { "osm_id": "node/12129014445", "amenity": "restaurant", "shop": null, "office": null, "tourism": null, "healthcare": null, "craft": null, "name": "Olive Street Food Cafe", "addr:housenumber": null, "addr:street": null }, "geometry": { "type": "Point", "coordinates": [ 77.6531643, 12.9127014 ] } },
{ "type": "Feature", "properties": { "osm_id": "node/12143144670", "amenity": null, "shop": "beverages", "office": null, "tourism": null, "healthcare": null, "craft": null, "name": "Juice world", "addr:housenumber": null, "addr:street": null }, "geometry": { "type": "Point", "coordinates": [ 77.6339769, 12.9181788 ] } },
{ "type": "Feature", "properties": { "osm_id": "node/12149863534", "amenity": "bench", "shop": null, "office": null, "tourism": null, "healthcare": null, "craft": null, "name": null, "addr:housenumber": null, "addr:street": null }, "geometry": { "type": "Point", "coordinates": [ 77.6426609, 12.9198579 ] } },
{ "type": "Feature", "properties": { "osm_id": "node/12149863535", "amenity": "bench", "shop": null, "office": null, "tourism": null, "healthcare": null, "craft": null, "name": null, "addr:housenumber": null, "addr:street": null }, "geometry": { "type": "Point", "coordinates": [ 77.6426291, 12.919797 ] } },
{ "type": "Feature", "properties": { "osm_id": "node/12149863536", "amenity": "bench", "shop": null, "office": null, "tourism": null, "healthcare": null, "craft": null, "name": null, "addr:housenumber": null, "addr:street": null }, "geometry": { "type": "Point", "coordinates": [ 77.642516, 12.9194944 ] } },
{ "type": "Feature", "properties": { "osm_id": "node/12149863537", "amenity": "bench", "shop": null, "office": null, "tourism": null, "healthcare": null, "craft": null, "name": null, "addr:housenumber": null, "addr:street": null }, "geometry": { "type": "Point", "coordinates": [ 77.6424358, 12.9193901 ] } },
{ "type": "Feature", "properties": { "osm_id": "node/12149863538", "amenity": "bench", "shop": null, "office": null, "tourism": null, "healthcare": null, "craft": null, "name": null, "addr:housenumber": null, "addr:street": null }, "geometry": { "type": "Point", "coordinates": [ 77.6421316, 12.9189965 ] } },
{ "type": "Feature", "properties": { "osm_id": "node/12149863539", "amenity": "bench", "shop": null, "office": null, "tourism": null, "healthcare": null, "craft": null, "name": null, "addr:housenumber": null, "addr:street": null }, "geometry": { "type": "Point", "coordinates": [ 77.641771, 12.9185628 ] } },
{ "type": "Feature", "properties": { "osm_id": "node/12187048817", "amenity": "bank", "shop": null, "office": null, "tourism": null, "healthcare": null, "craft": null, "name": "Bandhan Bank", "addr:housenumber": null, "addr:street": null }, "geometry": { "type": "Point", "coordinates": [ 77.6491306, 12.9173926 ] } },
{ "type": "Feature", "properties": { "osm_id": "node/12190027831", "amenity": null, "shop": "beverages", "office": null, "tourism": null, "healthcare": null, "craft": null, "name": "Nasgashree Juice centre", "addr:housenumber": null, "addr:street": null }, "geometry": { "type": "Point", "coordinates": [ 77.6466923, 12.9194816 ] } },
{ "type": "Feature", "properties": { "osm_id": "node/12192696095", "amenity": null, "shop": null, "office": null, "tourism": "information", "healthcare": null, "craft": null, "name": null, "addr:housenumber": null, "addr:street": null }, "geometry": { "type": "Point", "coordinates": [ 77.6391058, 12.9165038 ] } },
{ "type": "Feature", "properties": { "osm_id": "node/12201301999", "amenity": null, "shop": "sports", "office": null, "tourism": null, "healthcare": null, "craft": null, "name": "Cult.Sports", "addr:housenumber": null, "addr:street": null }, "geometry": { "type": "Point", "coordinates": [ 77.645042, 12.9177922 ] } },
{ "type": "Feature", "properties": { "osm_id": "node/12201302000", "amenity": "restaurant", "shop": null, "office": null, "tourism": null, "healthcare": null, "craft": null, "name": "Hotel Thirthahalli", "addr:housenumber": null, "addr:street": null }, "geometry": { "type": "Point", "coordinates": [ 77.6447317, 12.9181213 ] } },
{ "type": "Feature", "properties": { "osm_id": "node/12201302114", "amenity": "restaurant", "shop": null, "office": null, "tourism": null, "healthcare": null, "craft": null, "name": "Dexter's", "addr:housenumber": null, "addr:street": null }, "geometry": { "type": "Point", "coordinates": [ 77.651361, 12.9219357 ] } },
{ "type": "Feature", "properties": { "osm_id": "node/12205289240", "amenity": null, "shop": "stationery", "office": null, "tourism": null, "healthcare": null, "craft": null, "name": "goodgudi", "addr:housenumber": null, "addr:street": null }, "geometry": { "type": "Point", "coordinates": [ 77.6323451, 12.9117593 ] } },
{ "type": "Feature", "properties": { "osm_id": "node/12205289553", "amenity": null, "shop": "beauty", "office": null, "tourism": null, "healthcare": null, "craft": null, "name": "Roshini's Studio", "addr:housenumber": null, "addr:street": null }, "geometry": { "type": "Point", "coordinates": [ 77.6305923, 12.9114596 ] } },
{ "type": "Feature", "properties": { "osm_id": "node/12205299936", "amenity": null, "shop": "beverages", "office": null, "tourism": null, "healthcare": null, "craft": null, "name": "Sagar Juice and Snacks", "addr:housenumber": null, "addr:street": null }, "geometry": { "type": "Point", "coordinates": [ 77.6326155, 12.9113795 ] } },
{ "type": "Feature", "properties": { "osm_id": "node/12205299937", "amenity": "cafe", "shop": null, "office": null, "tourism": null, "healthcare": null, "craft": null, "name": "Cuppa Redifined", "addr:housenumber": null, "addr:street": null }, "geometry": { "type": "Point", "coordinates": [ 77.6323279, 12.9119751 ] } },
{ "type": "Feature", "properties": { "osm_id": "node/12208562950", "amenity": "restaurant", "shop": null, "office": null, "tourism": null, "healthcare": null, "craft": null, "name": "Anmay", "addr:housenumber": null, "addr:street": null }, "geometry": { "type": "Point", "coordinates": [ 77.651541, 12.9155146 ] } },
{ "type": "Feature", "properties": { "osm_id": "node/12212780814", "amenity": "restaurant", "shop": null, "office": null, "tourism": null, "healthcare": null, "craft": null, "name": "Asha Tiffins", "addr:housenumber": null, "addr:street": null }, "geometry": { "type": "Point", "coordinates": [ 77.6326125, 12.9118609 ] } },
{ "type": "Feature", "properties": { "osm_id": "node/12212780815", "amenity": "cafe", "shop": null, "office": null, "tourism": null, "healthcare": null, "craft": null, "name": "Tea House", "addr:housenumber": null, "addr:street": null }, "geometry": { "type": "Point", "coordinates": [ 77.6326455, 12.9107426 ] } },
{ "type": "Feature", "properties": { "osm_id": "node/12212780816", "amenity": "fast_food", "shop": null, "office": null, "tourism": null, "healthcare": null, "craft": null, "name": null, "addr:housenumber": null, "addr:street": null }, "geometry": { "type": "Point", "coordinates": [ 77.6324377, 12.9104742 ] } },
{ "type": "Feature", "properties": { "osm_id": "node/12212780817", "amenity": "restaurant", "shop": null, "office": null, "tourism": null, "healthcare": null, "craft": null, "name": "Kailash Parbat", "addr:housenumber": null, "addr:street": null }, "geometry": { "type": "Point", "coordinates": [ 77.6323509, 12.9103743 ] } },
{ "type": "Feature", "properties": { "osm_id": "node/12212780818", "amenity": "restaurant", "shop": null, "office": null, "tourism": null, "healthcare": null, "craft": null, "name": "SKP Donne Biriyani", "addr:housenumber": null, "addr:street": null }, "geometry": { "type": "Point", "coordinates": [ 77.6327368, 12.9105383 ] } },
{ "type": "Feature", "properties": { "osm_id": "node/12212780819", "amenity": null, "shop": "greengrocer", "office": null, "tourism": null, "healthcare": null, "craft": null, "name": null, "addr:housenumber": null, "addr:street": null }, "geometry": { "type": "Point", "coordinates": [ 77.6308748, 12.911564 ] } },
{ "type": "Feature", "properties": { "osm_id": "node/12212780820", "amenity": null, "shop": "bakery", "office": null, "tourism": null, "healthcare": null, "craft": null, "name": "Bake N Joy", "addr:housenumber": "1461", "addr:street": "17th cross road" }, "geometry": { "type": "Point", "coordinates": [ 77.6297825, 12.9115476 ] } },
{ "type": "Feature", "properties": { "osm_id": "node/12212780821", "amenity": null, "shop": "bakery", "office": null, "tourism": null, "healthcare": null, "craft": null, "name": null, "addr:housenumber": null, "addr:street": null }, "geometry": { "type": "Point", "coordinates": [ 77.6295466, 12.9118582 ] } },
{ "type": "Feature", "properties": { "osm_id": "node/12229803666", "amenity": null, "shop": "jewelry", "office": null, "tourism": null, "healthcare": null, "craft": null, "name": "Orra Fine Jewellery", "addr:housenumber": null, "addr:street": null }, "geometry": { "type": "Point", "coordinates": [ 77.6515449, 12.9179115 ] } },
{ "type": "Feature", "properties": { "osm_id": "node/12238310056", "amenity": null, "shop": "hairdresser", "office": null, "tourism": null, "healthcare": null, "craft": null, "name": "Society", "addr:housenumber": null, "addr:street": null }, "geometry": { "type": "Point", "coordinates": [ 77.6426525, 12.9091011 ] } },
{ "type": "Feature", "properties": { "osm_id": "node/12238310057", "amenity": "clinic", "shop": null, "office": null, "tourism": null, "healthcare": null, "craft": null, "name": "Milann", "addr:housenumber": null, "addr:street": null }, "geometry": { "type": "Point", "coordinates": [ 77.6419176, 12.9123978 ] } },
{ "type": "Feature", "properties": { "osm_id": "node/12238317018", "amenity": "restaurant", "shop": null, "office": null, "tourism": null, "healthcare": null, "craft": null, "name": "China Town", "addr:housenumber": null, "addr:street": null }, "geometry": { "type": "Point", "coordinates": [ 77.6326504, 12.9158761 ] } },
{ "type": "Feature", "properties": { "osm_id": "node/12238317806", "amenity": null, "shop": "grocer", "office": null, "tourism": null, "healthcare": null, "craft": null, "name": "Kaveri store", "addr:housenumber": null, "addr:street": null }, "geometry": { "type": "Point", "coordinates": [ 77.6425189, 12.9092872 ] } },
{ "type": "Feature", "properties": { "osm_id": "node/12238318499", "amenity": "restaurant", "shop": null, "office": null, "tourism": null, "healthcare": null, "craft": null, "name": "Biriyani Zone", "addr:housenumber": null, "addr:street": null }, "geometry": { "type": "Point", "coordinates": [ 77.6350367, 12.9116751 ] } },
{ "type": "Feature", "properties": { "osm_id": "node/12238321172", "amenity": null, "shop": null, "office": null, "tourism": null, "healthcare": null, "craft": "tailor", "name": "Naari", "addr:housenumber": null, "addr:street": null }, "geometry": { "type": "Point", "coordinates": [ 77.6328772, 12.9105128 ] } },
{ "type": "Feature", "properties": { "osm_id": "node/12238330421", "amenity": null, "shop": null, "office": null, "tourism": null, "healthcare": null, "craft": "tailor", "name": "Fashion Makers", "addr:housenumber": null, "addr:street": null }, "geometry": { "type": "Point", "coordinates": [ 77.6367632, 12.9108949 ] } },
{ "type": "Feature", "properties": { "osm_id": "node/12238336186", "amenity": null, "shop": null, "office": "it", "tourism": null, "healthcare": null, "craft": null, "name": "Whatfix", "addr:housenumber": null, "addr:street": null }, "geometry": { "type": "Point", "coordinates": [ 77.640786, 12.911845 ] } },
{ "type": "Feature", "properties": { "osm_id": "node/12238336221", "amenity": "restaurant", "shop": null, "office": null, "tourism": null, "healthcare": null, "craft": null, "name": "Samosa Point", "addr:housenumber": null, "addr:street": null }, "geometry": { "type": "Point", "coordinates": [ 77.6328115, 12.9103731 ] } },
{ "type": "Feature", "properties": { "osm_id": "node/12238340021", "amenity": null, "shop": "beverages", "office": null, "tourism": null, "healthcare": null, "craft": null, "name": "Squeeze", "addr:housenumber": null, "addr:street": null }, "geometry": { "type": "Point", "coordinates": [ 77.6324994, 12.916027 ] } },
{ "type": "Feature", "properties": { "osm_id": "node/12238340022", "amenity": null, "shop": null, "office": "it", "tourism": null, "healthcare": null, "craft": null, "name": "Whatfix", "addr:housenumber": null, "addr:street": null }, "geometry": { "type": "Point", "coordinates": [ 77.640586, 12.9118364 ] } },
{ "type": "Feature", "properties": { "osm_id": "node/12238341979", "amenity": null, "shop": null, "office": "it", "tourism": null, "healthcare": null, "craft": null, "name": "Whatfix", "addr:housenumber": null, "addr:street": null }, "geometry": { "type": "Point", "coordinates": [ 77.6417882, 12.9124437 ] } },
{ "type": "Feature", "properties": { "osm_id": "node/12238343315", "amenity": "restaurant", "shop": null, "office": null, "tourism": null, "healthcare": null, "craft": null, "name": "Cevi", "addr:housenumber": null, "addr:street": null }, "geometry": { "type": "Point", "coordinates": [ 77.6450023, 12.9168855 ] } },
{ "type": "Feature", "properties": { "osm_id": "node/12238343316", "amenity": null, "shop": null, "office": "it", "tourism": null, "healthcare": null, "craft": null, "name": "Ushur", "addr:housenumber": null, "addr:street": null }, "geometry": { "type": "Point", "coordinates": [ 77.6420106, 12.9118491 ] } },
{ "type": "Feature", "properties": { "osm_id": "node/12238345882", "amenity": "pub", "shop": null, "office": null, "tourism": null, "healthcare": null, "craft": null, "name": "House of commons", "addr:housenumber": null, "addr:street": null }, "geometry": { "type": "Point", "coordinates": [ 77.6388252, 12.9118905 ] } },
{ "type": "Feature", "properties": { "osm_id": "node/12238345883", "amenity": null, "shop": "laundry", "office": null, "tourism": null, "healthcare": null, "craft": null, "name": "The Laundry Zone", "addr:housenumber": null, "addr:street": null }, "geometry": { "type": "Point", "coordinates": [ 77.6350062, 12.9110361 ] } },
{ "type": "Feature", "properties": { "osm_id": "node/12238349339", "amenity": null, "shop": null, "office": "it", "tourism": null, "healthcare": null, "craft": null, "name": "Moveinsync", "addr:housenumber": null, "addr:street": null }, "geometry": { "type": "Point", "coordinates": [ 77.6409371, 12.9118526 ] } },
{ "type": "Feature", "properties": { "osm_id": "node/12238349604", "amenity": "cafe", "shop": null, "office": null, "tourism": null, "healthcare": null, "craft": null, "name": "The  Coffee Brewery", "addr:housenumber": null, "addr:street": null }, "geometry": { "type": "Point", "coordinates": [ 77.6423017, 12.9118307 ] } },
{ "type": "Feature", "properties": { "osm_id": "node/12238349605", "amenity": "ice_cream", "shop": null, "office": null, "tourism": null, "healthcare": null, "craft": null, "name": "Kulfi Shulfi", "addr:housenumber": null, "addr:street": null }, "geometry": { "type": "Point", "coordinates": [ 77.6326851, 12.9105329 ] } },
{ "type": "Feature", "properties": { "osm_id": "node/12244702994", "amenity": "bank", "shop": null, "office": null, "tourism": null, "healthcare": null, "craft": null, "name": "Ujjivan Small Finance Bank", "addr:housenumber": null, "addr:street": null }, "geometry": { "type": "Point", "coordinates": [ 77.6326055, 12.9117627 ] } },
{ "type": "Feature", "properties": { "osm_id": "node/12244727518", "amenity": null, "shop": null, "office": "healthcare", "tourism": null, "healthcare": null, "craft": null, "name": "Apollo Hospitals Enterprises", "addr:housenumber": null, "addr:street": null }, "geometry": { "type": "Point", "coordinates": [ 77.6323151, 12.910789 ] } },
{ "type": "Feature", "properties": { "osm_id": "node/12244734920", "amenity": "atm", "shop": null, "office": null, "tourism": null, "healthcare": null, "craft": null, "name": "Ujjivan", "addr:housenumber": null, "addr:street": null }, "geometry": { "type": "Point", "coordinates": [ 77.6326118, 12.9117281 ] } },
{ "type": "Feature", "properties": { "osm_id": "node/12244739262", "amenity": null, "shop": null, "office": "consulting", "tourism": null, "healthcare": null, "craft": null, "name": "Bonito Designs", "addr:housenumber": null, "addr:street": null }, "geometry": { "type": "Point", "coordinates": [ 77.6322442, 12.9107936 ] } },
{ "type": "Feature", "properties": { "osm_id": "node/12248294851", "amenity": null, "shop": null, "office": "cargo", "tourism": null, "healthcare": null, "craft": null, "name": "Union Cargo", "addr:housenumber": null, "addr:street": null }, "geometry": { "type": "Point", "coordinates": [ 77.6286884, 12.91139 ] } },
{ "type": "Feature", "properties": { "osm_id": "node/12248307041", "amenity": null, "shop": null, "office": null, "tourism": null, "healthcare": null, "craft": "tailor", "name": "Anand Lady Tailors", "addr:housenumber": null, "addr:street": null }, "geometry": { "type": "Point", "coordinates": [ 77.6295583, 12.911222 ] } },
{ "type": "Feature", "properties": { "osm_id": "node/12248323804", "amenity": "restaurant", "shop": null, "office": null, "tourism": null, "healthcare": null, "craft": null, "name": "Aligargh House", "addr:housenumber": null, "addr:street": null }, "geometry": { "type": "Point", "coordinates": [ 77.6352471, 12.908452 ] } },
{ "type": "Feature", "properties": { "osm_id": "node/12260569946", "amenity": "restaurant", "shop": null, "office": null, "tourism": null, "healthcare": null, "craft": null, "name": "Somras Bar and Kitchen", "addr:housenumber": null, "addr:street": null }, "geometry": { "type": "Point", "coordinates": [ 77.6495312, 12.9121681 ] } },
{ "type": "Feature", "properties": { "osm_id": "node/12270762301", "amenity": "bank", "shop": null, "office": null, "tourism": null, "healthcare": null, "craft": null, "name": "HDFC Bank", "addr:housenumber": null, "addr:street": null }, "geometry": { "type": "Point", "coordinates": [ 77.6275416, 12.9174543 ] } },
{ "type": "Feature", "properties": { "osm_id": "node/12270762302", "amenity": "bank", "shop": null, "office": null, "tourism": null, "healthcare": null, "craft": null, "name": "Bank of India", "addr:housenumber": null, "addr:street": null }, "geometry": { "type": "Point", "coordinates": [ 77.6278563, 12.9173626 ] } },
{ "type": "Feature", "properties": { "osm_id": "node/12270762303", "amenity": "atm", "shop": null, "office": null, "tourism": null, "healthcare": null, "craft": null, "name": null, "addr:housenumber": null, "addr:street": null }, "geometry": { "type": "Point", "coordinates": [ 77.6278011, 12.9173826 ] } },
{ "type": "Feature", "properties": { "osm_id": "node/12270762304", "amenity": "clinic", "shop": null, "office": null, "tourism": null, "healthcare": "clinic", "craft": null, "name": "West Mead Clinic", "addr:housenumber": null, "addr:street": null }, "geometry": { "type": "Point", "coordinates": [ 77.6349717, 12.9166014 ] } },
{ "type": "Feature", "properties": { "osm_id": "node/12285338815", "amenity": null, "shop": "car_repair", "office": null, "tourism": null, "healthcare": null, "craft": null, "name": "Maruti Suzuki", "addr:housenumber": null, "addr:street": null }, "geometry": { "type": "Point", "coordinates": [ 77.6266764, 12.9098456 ] } },
{ "type": "Feature", "properties": { "osm_id": "node/12285672997", "amenity": null, "shop": "beverages", "office": null, "tourism": null, "healthcare": null, "craft": null, "name": "Lassi Pot", "addr:housenumber": null, "addr:street": null }, "geometry": { "type": "Point", "coordinates": [ 77.6445656, 12.9068801 ] } },
{ "type": "Feature", "properties": { "osm_id": "node/12285684753", "amenity": "restaurant", "shop": null, "office": null, "tourism": null, "healthcare": null, "craft": null, "name": "MM Nati Mane", "addr:housenumber": null, "addr:street": null }, "geometry": { "type": "Point", "coordinates": [ 77.6325956, 12.909786 ] } },
{ "type": "Feature", "properties": { "osm_id": "node/12285685369", "amenity": "toilets", "shop": null, "office": null, "tourism": null, "healthcare": null, "craft": null, "name": "Public Toilet and Bath", "addr:housenumber": null, "addr:street": null }, "geometry": { "type": "Point", "coordinates": [ 77.6443955, 12.9066107 ] } },
{ "type": "Feature", "properties": { "osm_id": "node/12294001112", "amenity": "fast_food", "shop": null, "office": null, "tourism": null, "healthcare": null, "craft": null, "name": "Good Flippin' Burgers", "addr:housenumber": null, "addr:street": null }, "geometry": { "type": "Point", "coordinates": [ 77.6389566, 12.9118648 ] } },
{ "type": "Feature", "properties": { "osm_id": "node/12307010797", "amenity": null, "shop": null, "office": "company", "tourism": null, "healthcare": null, "craft": null, "name": "Flavours of Delicacy Foods pvt ltd", "addr:housenumber": null, "addr:street": null }, "geometry": { "type": "Point", "coordinates": [ 77.6294996, 12.9107385 ] } },
{ "type": "Feature", "properties": { "osm_id": "node/12307012930", "amenity": "bank", "shop": null, "office": null, "tourism": null, "healthcare": null, "craft": null, "name": "HDFC Bank", "addr:housenumber": null, "addr:street": null }, "geometry": { "type": "Point", "coordinates": [ 77.6468113, 12.9233702 ] } },
{ "type": "Feature", "properties": { "osm_id": "node/12307015095", "amenity": "restaurant", "shop": null, "office": null, "tourism": null, "healthcare": null, "craft": null, "name": "Bismilla Biriyani", "addr:housenumber": null, "addr:street": null }, "geometry": { "type": "Point", "coordinates": [ 77.6294978, 12.9106722 ] } },
{ "type": "Feature", "properties": { "osm_id": "node/12406020970", "amenity": "cafe", "shop": null, "office": null, "tourism": null, "healthcare": null, "craft": null, "name": "Mara Coffee & Roasters", "addr:housenumber": "1073", "addr:street": "24th A Cross Road" }, "geometry": { "type": "Point", "coordinates": [ 77.6475236, 12.9079027 ] } },
{ "type": "Feature", "properties": { "osm_id": "node/12443353162", "amenity": "toilets", "shop": null, "office": null, "tourism": null, "healthcare": null, "craft": null, "name": null, "addr:housenumber": null, "addr:street": null }, "geometry": { "type": "Point", "coordinates": [ 77.6400607, 12.9235685 ] } },
{ "type": "Feature", "properties": { "osm_id": "node/12475421073", "amenity": null, "shop": null, "office": "educational_institution", "tourism": null, "healthcare": null, "craft": null, "name": "Samatha", "addr:housenumber": null, "addr:street": null }, "geometry": { "type": "Point", "coordinates": [ 77.6467496, 12.9172971 ] } },
{ "type": "Feature", "properties": { "osm_id": "node/12482471684", "amenity": "restaurant", "shop": null, "office": null, "tourism": null, "healthcare": null, "craft": null, "name": "Fish fry day", "addr:housenumber": null, "addr:street": null }, "geometry": { "type": "Point", "coordinates": [ 77.6335967, 12.9122602 ] } },
{ "type": "Feature", "properties": { "osm_id": "node/12482474326", "amenity": "restaurant", "shop": null, "office": null, "tourism": null, "healthcare": null, "craft": null, "name": "Godavari Cafe", "addr:housenumber": null, "addr:street": null }, "geometry": { "type": "Point", "coordinates": [ 77.6325101, 12.9156865 ] } },
{ "type": "Feature", "properties": { "osm_id": "node/12482481196", "amenity": "dentist", "shop": null, "office": null, "tourism": null, "healthcare": null, "craft": null, "name": "Reform Dental Care", "addr:housenumber": null, "addr:street": null }, "geometry": { "type": "Point", "coordinates": [ 77.6491178, 12.9133573 ] } },
{ "type": "Feature", "properties": { "osm_id": "node/12482484107", "amenity": "cafe", "shop": null, "office": null, "tourism": null, "healthcare": null, "craft": null, "name": "Yewale", "addr:housenumber": null, "addr:street": null }, "geometry": { "type": "Point", "coordinates": [ 77.646939, 12.9086726 ] } },
{ "type": "Feature", "properties": { "osm_id": "node/12482486284", "amenity": null, "shop": "florist", "office": null, "tourism": null, "healthcare": null, "craft": null, "name": "FreshKnots", "addr:housenumber": null, "addr:street": null }, "geometry": { "type": "Point", "coordinates": [ 77.6321683, 12.9152285 ] } },
{ "type": "Feature", "properties": { "osm_id": "node/12486985771", "amenity": "bank", "shop": null, "office": null, "tourism": null, "healthcare": null, "craft": null, "name": "Axis Bank", "addr:housenumber": null, "addr:street": null }, "geometry": { "type": "Point", "coordinates": [ 77.648918, 12.9067271 ] } },
{ "type": "Feature", "properties": { "osm_id": "node/12486999002", "amenity": null, "shop": "print", "office": null, "tourism": null, "healthcare": null, "craft": null, "name": "Print Express", "addr:housenumber": null, "addr:street": null }, "geometry": { "type": "Point", "coordinates": [ 77.649084, 12.9065855 ] } },
{ "type": "Feature", "properties": { "osm_id": "node/12487006151", "amenity": null, "shop": "motorcycle", "office": null, "tourism": null, "healthcare": null, "craft": null, "name": "Bike Service Point", "addr:housenumber": null, "addr:street": null }, "geometry": { "type": "Point", "coordinates": [ 77.6492549, 12.9065774 ] } },
{ "type": "Feature", "properties": { "osm_id": "node/12487007747", "amenity": "restaurant", "shop": null, "office": null, "tourism": null, "healthcare": null, "craft": null, "name": "The Madras Mess", "addr:housenumber": null, "addr:street": null }, "geometry": { "type": "Point", "coordinates": [ 77.6492113, 12.906594 ] } },
{ "type": "Feature", "properties": { "osm_id": "node/12512214800", "amenity": "restaurant", "shop": null, "office": null, "tourism": null, "healthcare": null, "craft": null, "name": "Stories 2.0", "addr:housenumber": null, "addr:street": null }, "geometry": { "type": "Point", "coordinates": [ 77.6326621, 12.9159877 ] } },
{ "type": "Feature", "properties": { "osm_id": "node/12538586111", "amenity": "restaurant", "shop": null, "office": null, "tourism": null, "healthcare": null, "craft": null, "name": "Dhanraj", "addr:housenumber": null, "addr:street": "Sector 3, HSR Layout" }, "geometry": { "type": "Point", "coordinates": [ 77.6387596, 12.9094241 ] } },
{ "type": "Feature", "properties": { "osm_id": "node/12553411801", "amenity": null, "shop": "beauty", "office": null, "tourism": null, "healthcare": null, "craft": null, "name": "Dhara Spa HSR Layout", "addr:housenumber": null, "addr:street": "27th Main Road" }, "geometry": { "type": "Point", "coordinates": [ 77.6516278, 12.9129802 ] } },
{ "type": "Feature", "properties": { "osm_id": "node/12655221987", "amenity": null, "shop": "tyres", "office": null, "tourism": null, "healthcare": null, "craft": null, "name": "Puncher shop", "addr:housenumber": null, "addr:street": null }, "geometry": { "type": "Point", "coordinates": [ 77.6431989, 12.9197231 ] } },
{ "type": "Feature", "properties": { "osm_id": "node/12729113332", "amenity": "restaurant", "shop": null, "office": null, "tourism": null, "healthcare": null, "craft": null, "name": "Anjappar Chettinad Restaurant", "addr:housenumber": null, "addr:street": null }, "geometry": { "type": "Point", "coordinates": [ 77.6372519, 12.9143329 ] } },
{ "type": "Feature", "properties": { "osm_id": "node/12762692064", "amenity": "restaurant", "shop": null, "office": null, "tourism": null, "healthcare": null, "craft": null, "name": "Karavali Restaurant", "addr:housenumber": null, "addr:street": null }, "geometry": { "type": "Point", "coordinates": [ 77.6339794, 12.922395 ] } },
{ "type": "Feature", "properties": { "osm_id": "node/12765777975", "amenity": null, "shop": null, "office": null, "tourism": "information", "healthcare": null, "craft": null, "name": null, "addr:housenumber": null, "addr:street": null }, "geometry": { "type": "Point", "coordinates": [ 77.6526513, 12.9158397 ] } },
{ "type": "Feature", "properties": { "osm_id": "node/12765777976", "amenity": null, "shop": null, "office": "coworking", "tourism": null, "healthcare": null, "craft": null, "name": "UrbanVault", "addr:housenumber": null, "addr:street": null }, "geometry": { "type": "Point", "coordinates": [ 77.6529658, 12.916071 ] } },
{ "type": "Feature", "properties": { "osm_id": "node/12765777977", "amenity": "hospital", "shop": null, "office": null, "tourism": null, "healthcare": "hospital", "craft": null, "name": "Bangalore Gastro Centre", "addr:housenumber": null, "addr:street": null }, "geometry": { "type": "Point", "coordinates": [ 77.6523087, 12.9160037 ] } },
{ "type": "Feature", "properties": { "osm_id": "node/12862846463", "amenity": "fast_food", "shop": null, "office": null, "tourism": null, "healthcare": null, "craft": null, "name": "Easy Bites by Empire", "addr:housenumber": null, "addr:street": null }, "geometry": { "type": "Point", "coordinates": [ 77.635537, 12.9152164 ] } },
{ "type": "Feature", "properties": { "osm_id": "node/12865000227", "amenity": "music_school", "shop": null, "office": null, "tourism": null, "healthcare": null, "craft": null, "name": "Trishan School of Music", "addr:housenumber": null, "addr:street": null }, "geometry": { "type": "Point", "coordinates": [ 77.6510321, 12.9156716 ] } },
{ "type": "Feature", "properties": { "osm_id": "node/12876472291", "amenity": "pharmacy", "shop": null, "office": null, "tourism": null, "healthcare": "pharmacy", "craft": null, "name": null, "addr:housenumber": null, "addr:street": null }, "geometry": { "type": "Point", "coordinates": [ 77.651758, 12.9200334 ] } },
{ "type": "Feature", "properties": { "osm_id": "node/12927909821", "amenity": "cafe", "shop": null, "office": null, "tourism": null, "healthcare": null, "craft": null, "name": "Amintiri", "addr:housenumber": null, "addr:street": null }, "geometry": { "type": "Point", "coordinates": [ 77.6444626, 12.9117328 ] } },
{ "type": "Feature", "properties": { "osm_id": "node/12946192955", "amenity": "fast_food", "shop": null, "office": null, "tourism": null, "healthcare": null, "craft": null, "name": "Alienkind", "addr:housenumber": null, "addr:street": null }, "geometry": { "type": "Point", "coordinates": [ 77.6491802, 12.9158891 ] } },
{ "type": "Feature", "properties": { "osm_id": "node/12946220172", "amenity": null, "shop": "interior_decoration", "office": null, "tourism": null, "healthcare": null, "craft": null, "name": "Neo Studio", "addr:housenumber": null, "addr:street": null }, "geometry": { "type": "Point", "coordinates": [ 77.6491785, 12.9159429 ] } },
{ "type": "Feature", "properties": { "osm_id": "node/12970616822", "amenity": null, "shop": "greengrocer", "office": null, "tourism": null, "healthcare": null, "craft": null, "name": "2Day", "addr:housenumber": null, "addr:street": null }, "geometry": { "type": "Point", "coordinates": [ 77.6321089, 12.9182174 ] } },
{ "type": "Feature", "properties": { "osm_id": "node/12970637619", "amenity": null, "shop": "grocery", "office": null, "tourism": null, "healthcare": null, "craft": null, "name": "Sri Balaji Provisional Store", "addr:housenumber": null, "addr:street": null }, "geometry": { "type": "Point", "coordinates": [ 77.6320638, 12.917961 ] } },
{ "type": "Feature", "properties": { "osm_id": "node/12970649913", "amenity": null, "shop": "clothes", "office": null, "tourism": null, "healthcare": null, "craft": null, "name": "S. R. Enterprises", "addr:housenumber": null, "addr:street": null }, "geometry": { "type": "Point", "coordinates": [ 77.6320893, 12.9181723 ] } },
{ "type": "Feature", "properties": { "osm_id": "node/12970661966", "amenity": null, "shop": "grocery", "office": null, "tourism": null, "healthcare": null, "craft": null, "name": "Sri Sai Ram", "addr:housenumber": null, "addr:street": null }, "geometry": { "type": "Point", "coordinates": [ 77.6320655, 12.9180068 ] } },
{ "type": "Feature", "properties": { "osm_id": "node/12970699698", "amenity": null, "shop": "hairdresser", "office": null, "tourism": null, "healthcare": null, "craft": null, "name": "Face Look", "addr:housenumber": null, "addr:street": null }, "geometry": { "type": "Point", "coordinates": [ 77.6320377, 12.9178907 ] } },
{ "type": "Feature", "properties": { "osm_id": "node/12980092657", "amenity": "cafe", "shop": null, "office": null, "tourism": null, "healthcare": null, "craft": null, "name": "Piro", "addr:housenumber": null, "addr:street": null }, "geometry": { "type": "Point", "coordinates": [ 77.6461122, 12.9088782 ] } },
{ "type": "Feature", "properties": { "osm_id": "node/12980092658", "amenity": "fast_food", "shop": null, "office": null, "tourism": null, "healthcare": null, "craft": null, "name": "Paratha Plaza", "addr:housenumber": null, "addr:street": null }, "geometry": { "type": "Point", "coordinates": [ 77.6467976, 12.9088196 ] } },
{ "type": "Feature", "properties": { "osm_id": "node/12980092659", "amenity": null, "shop": "greengrocer", "office": null, "tourism": null, "healthcare": null, "craft": null, "name": "SM Grens", "addr:housenumber": null, "addr:street": null }, "geometry": { "type": "Point", "coordinates": [ 77.647131, 12.9087936 ] } },
{ "type": "Feature", "properties": { "osm_id": "node/12980126189", "amenity": "cafe", "shop": null, "office": null, "tourism": null, "healthcare": null, "craft": null, "name": "The Snug Cuppa", "addr:housenumber": null, "addr:street": null }, "geometry": { "type": "Point", "coordinates": [ 77.6486571, 12.9081116 ] } },
{ "type": "Feature", "properties": { "osm_id": "node/12987330403", "amenity": null, "shop": null, "office": "company", "tourism": null, "healthcare": null, "craft": null, "name": "Bricks and Milestones", "addr:housenumber": null, "addr:street": "17th Cross Road" }, "geometry": { "type": "Point", "coordinates": [ 77.6331353, 12.9122615 ] } },
{ "type": "Feature", "properties": { "osm_id": "node/13013588747", "amenity": "restaurant", "shop": null, "office": null, "tourism": null, "healthcare": null, "craft": null, "name": "Si Nonna's", "addr:housenumber": null, "addr:street": "5th Main Road" }, "geometry": { "type": "Point", "coordinates": [ 77.6324992, 12.9155838 ] } },
{ "type": "Feature", "properties": { "osm_id": "node/13013588748", "amenity": "restaurant", "shop": null, "office": null, "tourism": null, "healthcare": null, "craft": null, "name": "Brik Oven", "addr:housenumber": "1791", "addr:street": "19th Main Road" }, "geometry": { "type": "Point", "coordinates": [ 77.644891, 12.9136422 ] } },
{ "type": "Feature", "properties": { "osm_id": "node/13013792937", "amenity": "fast_food", "shop": null, "office": null, "tourism": null, "healthcare": null, "craft": null, "name": "Maiz Mexican Kitchen", "addr:housenumber": null, "addr:street": null }, "geometry": { "type": "Point", "coordinates": [ 77.6440608, 12.9059798 ] } },
{ "type": "Feature", "properties": { "osm_id": "node/13013792940", "amenity": "fast_food", "shop": null, "office": null, "tourism": null, "healthcare": null, "craft": null, "name": "Harvest Salad Co", "addr:housenumber": null, "addr:street": null }, "geometry": { "type": "Point", "coordinates": [ 77.6440568, 12.9060203 ] } },
{ "type": "Feature", "properties": { "osm_id": "node/13013958066", "amenity": "cafe", "shop": null, "office": null, "tourism": null, "healthcare": null, "craft": null, "name": "Piro", "addr:housenumber": null, "addr:street": null }, "geometry": { "type": "Point", "coordinates": [ 77.6463649, 12.9091354 ] } },
{ "type": "Feature", "properties": { "osm_id": "node/13061447275", "amenity": "bank", "shop": null, "office": null, "tourism": null, "healthcare": null, "craft": null, "name": "Axis Bank", "addr:housenumber": null, "addr:street": null }, "geometry": { "type": "Point", "coordinates": [ 77.6366057, 12.9164452 ] } },
{ "type": "Feature", "properties": { "osm_id": "node/13063810467", "amenity": "pharmacy", "shop": null, "office": null, "tourism": null, "healthcare": "pharmacy", "craft": null, "name": "Apollo Pharmacy", "addr:housenumber": null, "addr:street": null }, "geometry": { "type": "Point", "coordinates": [ 77.6327926, 12.9123027 ] } },
{ "type": "Feature", "properties": { "osm_id": "node/13063812828", "amenity": "place_of_worship", "shop": null, "office": null, "tourism": null, "healthcare": null, "craft": null, "name": "Faithfully Gospel Church", "addr:housenumber": null, "addr:street": null }, "geometry": { "type": "Point", "coordinates": [ 77.6453525, 12.9220463 ] } },
{ "type": "Feature", "properties": { "osm_id": "node/13070296262", "amenity": "motorcycle_parking", "shop": null, "office": null, "tourism": null, "healthcare": null, "craft": null, "name": "Bommanahalli Metro Parking", "addr:housenumber": null, "addr:street": null }, "geometry": { "type": "Point", "coordinates": [ 77.6263825, 12.9106453 ] } },
{ "type": "Feature", "properties": { "osm_id": "node/13073500028", "amenity": null, "shop": "electronics", "office": null, "tourism": null, "healthcare": null, "craft": null, "name": "GC Global Computers", "addr:housenumber": null, "addr:street": null }, "geometry": { "type": "Point", "coordinates": [ 77.6325676, 12.9159964 ] } },
{ "type": "Feature", "properties": { "osm_id": "node/13075368676", "amenity": "bench", "shop": null, "office": null, "tourism": null, "healthcare": null, "craft": null, "name": null, "addr:housenumber": null, "addr:street": null }, "geometry": { "type": "Point", "coordinates": [ 77.6400315, 12.9107188 ] } },
{ "type": "Feature", "properties": { "osm_id": "node/13075368678", "amenity": "shelter", "shop": null, "office": null, "tourism": null, "healthcare": null, "craft": null, "name": null, "addr:housenumber": null, "addr:street": null }, "geometry": { "type": "Point", "coordinates": [ 77.6415002, 12.9115179 ] } },
{ "type": "Feature", "properties": { "osm_id": "node/13075368679", "amenity": "bench", "shop": null, "office": null, "tourism": null, "healthcare": null, "craft": null, "name": null, "addr:housenumber": null, "addr:street": null }, "geometry": { "type": "Point", "coordinates": [ 77.6414828, 12.911262 ] } },
{ "type": "Feature", "properties": { "osm_id": "node/13075368680", "amenity": "bench", "shop": null, "office": null, "tourism": null, "healthcare": null, "craft": null, "name": null, "addr:housenumber": null, "addr:street": null }, "geometry": { "type": "Point", "coordinates": [ 77.6408333, 12.9115741 ] } },
{ "type": "Feature", "properties": { "osm_id": "node/13075368681", "amenity": "bench", "shop": null, "office": null, "tourism": null, "healthcare": null, "craft": null, "name": null, "addr:housenumber": null, "addr:street": null }, "geometry": { "type": "Point", "coordinates": [ 77.6409677, 12.911584 ] } },
{ "type": "Feature", "properties": { "osm_id": "node/13075368682", "amenity": "bench", "shop": null, "office": null, "tourism": null, "healthcare": null, "craft": null, "name": null, "addr:housenumber": null, "addr:street": null }, "geometry": { "type": "Point", "coordinates": [ 77.641364, 12.9115636 ] } },
{ "type": "Feature", "properties": { "osm_id": "node/13075368683", "amenity": "bench", "shop": null, "office": null, "tourism": null, "healthcare": null, "craft": null, "name": null, "addr:housenumber": null, "addr:street": null }, "geometry": { "type": "Point", "coordinates": [ 77.6414113, 12.9113072 ] } },
{ "type": "Feature", "properties": { "osm_id": "node/13075368684", "amenity": "bench", "shop": null, "office": null, "tourism": null, "healthcare": null, "craft": null, "name": null, "addr:housenumber": null, "addr:street": null }, "geometry": { "type": "Point", "coordinates": [ 77.6410342, 12.9113331 ] } },
{ "type": "Feature", "properties": { "osm_id": "node/13075368685", "amenity": "bench", "shop": null, "office": null, "tourism": null, "healthcare": null, "craft": null, "name": null, "addr:housenumber": null, "addr:street": null }, "geometry": { "type": "Point", "coordinates": [ 77.640994, 12.9113937 ] } },
{ "type": "Feature", "properties": { "osm_id": "node/13075368686", "amenity": "bench", "shop": null, "office": null, "tourism": null, "healthcare": null, "craft": null, "name": null, "addr:housenumber": null, "addr:street": null }, "geometry": { "type": "Point", "coordinates": [ 77.6409648, 12.9114285 ] } },
{ "type": "Feature", "properties": { "osm_id": "node/13075368687", "amenity": "bench", "shop": null, "office": null, "tourism": null, "healthcare": null, "craft": null, "name": null, "addr:housenumber": null, "addr:street": null }, "geometry": { "type": "Point", "coordinates": [ 77.640937, 12.9113893 ] } },
{ "type": "Feature", "properties": { "osm_id": "node/13075368688", "amenity": "bench", "shop": null, "office": null, "tourism": null, "healthcare": null, "craft": null, "name": null, "addr:housenumber": null, "addr:street": null }, "geometry": { "type": "Point", "coordinates": [ 77.6407036, 12.9113899 ] } },
{ "type": "Feature", "properties": { "osm_id": "node/13075368689", "amenity": "bench", "shop": null, "office": null, "tourism": null, "healthcare": null, "craft": null, "name": null, "addr:housenumber": null, "addr:street": null }, "geometry": { "type": "Point", "coordinates": [ 77.6403473, 12.9114094 ] } },
{ "type": "Feature", "properties": { "osm_id": "node/13075368690", "amenity": "bench", "shop": null, "office": null, "tourism": null, "healthcare": null, "craft": null, "name": null, "addr:housenumber": null, "addr:street": null }, "geometry": { "type": "Point", "coordinates": [ 77.6402556, 12.9114084 ] } },
{ "type": "Feature", "properties": { "osm_id": "node/13075368691", "amenity": "bench", "shop": null, "office": null, "tourism": null, "healthcare": null, "craft": null, "name": null, "addr:housenumber": null, "addr:street": null }, "geometry": { "type": "Point", "coordinates": [ 77.6396561, 12.9114199 ] } },
{ "type": "Feature", "properties": { "osm_id": "node/13075368692", "amenity": "bench", "shop": null, "office": null, "tourism": null, "healthcare": null, "craft": null, "name": null, "addr:housenumber": null, "addr:street": null }, "geometry": { "type": "Point", "coordinates": [ 77.6396766, 12.9114359 ] } },
{ "type": "Feature", "properties": { "osm_id": "node/13075368693", "amenity": "bench", "shop": null, "office": null, "tourism": null, "healthcare": null, "craft": null, "name": null, "addr:housenumber": null, "addr:street": null }, "geometry": { "type": "Point", "coordinates": [ 77.6396765, 12.9114064 ] } },
{ "type": "Feature", "properties": { "osm_id": "node/13075368694", "amenity": "bench", "shop": null, "office": null, "tourism": null, "healthcare": null, "craft": null, "name": null, "addr:housenumber": null, "addr:street": null }, "geometry": { "type": "Point", "coordinates": [ 77.6396581, 12.911333 ] } },
{ "type": "Feature", "properties": { "osm_id": "node/13075368695", "amenity": "bench", "shop": null, "office": null, "tourism": null, "healthcare": null, "craft": null, "name": null, "addr:housenumber": null, "addr:street": null }, "geometry": { "type": "Point", "coordinates": [ 77.6398924, 12.9115867 ] } },
{ "type": "Feature", "properties": { "osm_id": "node/13075368696", "amenity": "bench", "shop": null, "office": null, "tourism": null, "healthcare": null, "craft": null, "name": null, "addr:housenumber": null, "addr:street": null }, "geometry": { "type": "Point", "coordinates": [ 77.6401014, 12.9115823 ] } },
{ "type": "Feature", "properties": { "osm_id": "node/13075368697", "amenity": "bench", "shop": null, "office": null, "tourism": null, "healthcare": null, "craft": null, "name": null, "addr:housenumber": null, "addr:street": null }, "geometry": { "type": "Point", "coordinates": [ 77.6401775, 12.9115025 ] } },
{ "type": "Feature", "properties": { "osm_id": "node/13075368698", "amenity": "bench", "shop": null, "office": null, "tourism": null, "healthcare": null, "craft": null, "name": null, "addr:housenumber": null, "addr:street": null }, "geometry": { "type": "Point", "coordinates": [ 77.6400119, 12.9107194 ] } },
{ "type": "Feature", "properties": { "osm_id": "node/13075368699", "amenity": "bench", "shop": null, "office": null, "tourism": null, "healthcare": null, "craft": null, "name": null, "addr:housenumber": null, "addr:street": null }, "geometry": { "type": "Point", "coordinates": [ 77.6415572, 12.9110948 ] } },
{ "type": "Feature", "properties": { "osm_id": "node/13075368700", "amenity": "bench", "shop": null, "office": null, "tourism": null, "healthcare": null, "craft": null, "name": null, "addr:housenumber": null, "addr:street": null }, "geometry": { "type": "Point", "coordinates": [ 77.6400209, 12.9107049 ] } },
{ "type": "Feature", "properties": { "osm_id": "node/13075442901", "amenity": "bench", "shop": null, "office": null, "tourism": null, "healthcare": null, "craft": null, "name": null, "addr:housenumber": null, "addr:street": null }, "geometry": { "type": "Point", "coordinates": [ 77.6401512, 12.9105001 ] } },
{ "type": "Feature", "properties": { "osm_id": "node/13075442902", "amenity": "bench", "shop": null, "office": null, "tourism": null, "healthcare": null, "craft": null, "name": null, "addr:housenumber": null, "addr:street": null }, "geometry": { "type": "Point", "coordinates": [ 77.640151, 12.9104874 ] } },
{ "type": "Feature", "properties": { "osm_id": "node/13075442903", "amenity": "bench", "shop": null, "office": null, "tourism": null, "healthcare": null, "craft": null, "name": null, "addr:housenumber": null, "addr:street": null }, "geometry": { "type": "Point", "coordinates": [ 77.6401617, 12.9104941 ] } },
{ "type": "Feature", "properties": { "osm_id": "node/13075442904", "amenity": "bench", "shop": null, "office": null, "tourism": null, "healthcare": null, "craft": null, "name": null, "addr:housenumber": null, "addr:street": null }, "geometry": { "type": "Point", "coordinates": [ 77.6400615, 12.9105051 ] } },
{ "type": "Feature", "properties": { "osm_id": "node/13075442905", "amenity": "bench", "shop": null, "office": null, "tourism": null, "healthcare": null, "craft": null, "name": null, "addr:housenumber": null, "addr:street": null }, "geometry": { "type": "Point", "coordinates": [ 77.640061, 12.9104882 ] } },
{ "type": "Feature", "properties": { "osm_id": "node/13075442906", "amenity": "bench", "shop": null, "office": null, "tourism": null, "healthcare": null, "craft": null, "name": null, "addr:housenumber": null, "addr:street": null }, "geometry": { "type": "Point", "coordinates": [ 77.6400472, 12.9104966 ] } },
{ "type": "Feature", "properties": { "osm_id": "node/13075442907", "amenity": "bench", "shop": null, "office": null, "tourism": null, "healthcare": null, "craft": null, "name": null, "addr:housenumber": null, "addr:street": null }, "geometry": { "type": "Point", "coordinates": [ 77.6400313, 12.9103872 ] } },
{ "type": "Feature", "properties": { "osm_id": "node/13075442908", "amenity": "bench", "shop": null, "office": null, "tourism": null, "healthcare": null, "craft": null, "name": null, "addr:housenumber": null, "addr:street": null }, "geometry": { "type": "Point", "coordinates": [ 77.6398012, 12.9103828 ] } },
{ "type": "Feature", "properties": { "osm_id": "node/13075442909", "amenity": "bench", "shop": null, "office": null, "tourism": null, "healthcare": null, "craft": null, "name": null, "addr:housenumber": null, "addr:street": null }, "geometry": { "type": "Point", "coordinates": [ 77.6395842, 12.9103945 ] } },
{ "type": "Feature", "properties": { "osm_id": "node/13075442910", "amenity": "bench", "shop": null, "office": null, "tourism": null, "healthcare": null, "craft": null, "name": null, "addr:housenumber": null, "addr:street": null }, "geometry": { "type": "Point", "coordinates": [ 77.6396013, 12.9105263 ] } },
{ "type": "Feature", "properties": { "osm_id": "node/13075442911", "amenity": "bench", "shop": null, "office": null, "tourism": null, "healthcare": null, "craft": null, "name": null, "addr:housenumber": null, "addr:street": null }, "geometry": { "type": "Point", "coordinates": [ 77.6395934, 12.9105574 ] } },
{ "type": "Feature", "properties": { "osm_id": "node/13075442912", "amenity": "bench", "shop": null, "office": null, "tourism": null, "healthcare": null, "craft": null, "name": null, "addr:housenumber": null, "addr:street": null }, "geometry": { "type": "Point", "coordinates": [ 77.6395669, 12.9105717 ] } },
{ "type": "Feature", "properties": { "osm_id": "node/13075442913", "amenity": "bench", "shop": null, "office": null, "tourism": null, "healthcare": null, "craft": null, "name": null, "addr:housenumber": null, "addr:street": null }, "geometry": { "type": "Point", "coordinates": [ 77.6395381, 12.910559 ] } },
{ "type": "Feature", "properties": { "osm_id": "node/13075442914", "amenity": "bench", "shop": null, "office": null, "tourism": null, "healthcare": null, "craft": null, "name": null, "addr:housenumber": null, "addr:street": null }, "geometry": { "type": "Point", "coordinates": [ 77.6395327, 12.9105272 ] } },
{ "type": "Feature", "properties": { "osm_id": "node/13075442915", "amenity": "bench", "shop": null, "office": null, "tourism": null, "healthcare": null, "craft": null, "name": null, "addr:housenumber": null, "addr:street": null }, "geometry": { "type": "Point", "coordinates": [ 77.6394419, 12.9104202 ] } },
{ "type": "Feature", "properties": { "osm_id": "node/13075442916", "amenity": "bench", "shop": null, "office": null, "tourism": null, "healthcare": null, "craft": null, "name": null, "addr:housenumber": null, "addr:street": null }, "geometry": { "type": "Point", "coordinates": [ 77.6393406, 12.9106398 ] } },
{ "type": "Feature", "properties": { "osm_id": "node/13075442917", "amenity": "bench", "shop": null, "office": null, "tourism": null, "healthcare": null, "craft": null, "name": null, "addr:housenumber": null, "addr:street": null }, "geometry": { "type": "Point", "coordinates": [ 77.6395384, 12.9110893 ] } },
{ "type": "Feature", "properties": { "osm_id": "node/13075442918", "amenity": "bench", "shop": null, "office": null, "tourism": null, "healthcare": null, "craft": null, "name": null, "addr:housenumber": null, "addr:street": null }, "geometry": { "type": "Point", "coordinates": [ 77.6400257, 12.9110961 ] } },
{ "type": "Feature", "properties": { "osm_id": "node/13075442919", "amenity": "bench", "shop": null, "office": null, "tourism": null, "healthcare": null, "craft": null, "name": null, "addr:housenumber": null, "addr:street": null }, "geometry": { "type": "Point", "coordinates": [ 77.6402701, 12.9104077 ] } },
{ "type": "Feature", "properties": { "osm_id": "node/13075442920", "amenity": "bench", "shop": null, "office": null, "tourism": null, "healthcare": null, "craft": null, "name": null, "addr:housenumber": null, "addr:street": null }, "geometry": { "type": "Point", "coordinates": [ 77.6405428, 12.9103787 ] } },
{ "type": "Feature", "properties": { "osm_id": "node/13075442921", "amenity": "bench", "shop": null, "office": null, "tourism": null, "healthcare": null, "craft": null, "name": null, "addr:housenumber": null, "addr:street": null }, "geometry": { "type": "Point", "coordinates": [ 77.641479, 12.91112 ] } },
{ "type": "Feature", "properties": { "osm_id": "node/13075442922", "amenity": "bench", "shop": null, "office": null, "tourism": null, "healthcare": null, "craft": null, "name": null, "addr:housenumber": null, "addr:street": null }, "geometry": { "type": "Point", "coordinates": [ 77.6408555, 12.9104478 ] } },
{ "type": "Feature", "properties": { "osm_id": "node/13075442923", "amenity": "bench", "shop": null, "office": null, "tourism": null, "healthcare": null, "craft": null, "name": null, "addr:housenumber": null, "addr:street": null }, "geometry": { "type": "Point", "coordinates": [ 77.640947, 12.910445 ] } },
{ "type": "Feature", "properties": { "osm_id": "node/13075442924", "amenity": "bench", "shop": null, "office": null, "tourism": null, "healthcare": null, "craft": null, "name": null, "addr:housenumber": null, "addr:street": null }, "geometry": { "type": "Point", "coordinates": [ 77.6411882, 12.9103305 ] } },
{ "type": "Feature", "properties": { "osm_id": "node/13075442925", "amenity": "bench", "shop": null, "office": null, "tourism": null, "healthcare": null, "craft": null, "name": null, "addr:housenumber": null, "addr:street": null }, "geometry": { "type": "Point", "coordinates": [ 77.6415052, 12.910359 ] } },
{ "type": "Feature", "properties": { "osm_id": "node/13075442926", "amenity": "bench", "shop": null, "office": null, "tourism": null, "healthcare": null, "craft": null, "name": null, "addr:housenumber": null, "addr:street": null }, "geometry": { "type": "Point", "coordinates": [ 77.64153, 12.9106571 ] } },
{ "type": "Feature", "properties": { "osm_id": "node/13075442927", "amenity": "bench", "shop": null, "office": null, "tourism": null, "healthcare": null, "craft": null, "name": null, "addr:housenumber": null, "addr:street": null }, "geometry": { "type": "Point", "coordinates": [ 77.6414486, 12.910692 ] } },
{ "type": "Feature", "properties": { "osm_id": "node/13075442928", "amenity": "bench", "shop": null, "office": null, "tourism": null, "healthcare": null, "craft": null, "name": null, "addr:housenumber": null, "addr:street": null }, "geometry": { "type": "Point", "coordinates": [ 77.6412388, 12.9107007 ] } },
{ "type": "Feature", "properties": { "osm_id": "node/13075442929", "amenity": "bench", "shop": null, "office": null, "tourism": null, "healthcare": null, "craft": null, "name": null, "addr:housenumber": null, "addr:street": null }, "geometry": { "type": "Point", "coordinates": [ 77.6409587, 12.9107956 ] } },
{ "type": "Feature", "properties": { "osm_id": "node/13075442930", "amenity": "bench", "shop": null, "office": null, "tourism": null, "healthcare": null, "craft": null, "name": null, "addr:housenumber": null, "addr:street": null }, "geometry": { "type": "Point", "coordinates": [ 77.6409526, 12.9106992 ] } },
{ "type": "Feature", "properties": { "osm_id": "node/13075442931", "amenity": "bench", "shop": null, "office": null, "tourism": null, "healthcare": null, "craft": null, "name": null, "addr:housenumber": null, "addr:street": null }, "geometry": { "type": "Point", "coordinates": [ 77.6408494, 12.9107052 ] } },
{ "type": "Feature", "properties": { "osm_id": "node/13075442932", "amenity": "bench", "shop": null, "office": null, "tourism": null, "healthcare": null, "craft": null, "name": null, "addr:housenumber": null, "addr:street": null }, "geometry": { "type": "Point", "coordinates": [ 77.6408508, 12.9107967 ] } },
{ "type": "Feature", "properties": { "osm_id": "node/13075442933", "amenity": "bench", "shop": null, "office": null, "tourism": null, "healthcare": null, "craft": null, "name": null, "addr:housenumber": null, "addr:street": null }, "geometry": { "type": "Point", "coordinates": [ 77.6406223, 12.9108007 ] } },
{ "type": "Feature", "properties": { "osm_id": "node/13075442934", "amenity": "bench", "shop": null, "office": null, "tourism": null, "healthcare": null, "craft": null, "name": null, "addr:housenumber": null, "addr:street": null }, "geometry": { "type": "Point", "coordinates": [ 77.6403798, 12.910813 ] } },
{ "type": "Feature", "properties": { "osm_id": "node/13075442935", "amenity": "bench", "shop": null, "office": null, "tourism": null, "healthcare": null, "craft": null, "name": null, "addr:housenumber": null, "addr:street": null }, "geometry": { "type": "Point", "coordinates": [ 77.6404518, 12.9115119 ] } },
{ "type": "Feature", "properties": { "osm_id": "node/13075442936", "amenity": "bench", "shop": null, "office": null, "tourism": null, "healthcare": null, "craft": null, "name": null, "addr:housenumber": null, "addr:street": null }, "geometry": { "type": "Point", "coordinates": [ 77.6408549, 12.9111739 ] } },
{ "type": "Feature", "properties": { "osm_id": "node/13075442937", "amenity": "bench", "shop": null, "office": null, "tourism": null, "healthcare": null, "craft": null, "name": null, "addr:housenumber": null, "addr:street": null }, "geometry": { "type": "Point", "coordinates": [ 77.6408629, 12.9109659 ] } },
{ "type": "Feature", "properties": { "osm_id": "node/13075442938", "amenity": "bench", "shop": null, "office": null, "tourism": null, "healthcare": null, "craft": null, "name": null, "addr:housenumber": null, "addr:street": null }, "geometry": { "type": "Point", "coordinates": [ 77.6415654, 12.9109228 ] } },
{ "type": "Feature", "properties": { "osm_id": "node/13075442939", "amenity": "bench", "shop": null, "office": null, "tourism": null, "healthcare": null, "craft": null, "name": null, "addr:housenumber": null, "addr:street": null }, "geometry": { "type": "Point", "coordinates": [ 77.6408431, 12.9103642 ] } },
{ "type": "Feature", "properties": { "osm_id": "node/13097022856", "amenity": "pharmacy", "shop": null, "office": null, "tourism": null, "healthcare": "pharmacy", "craft": null, "name": "Yash Chemist and Druggist", "addr:housenumber": null, "addr:street": null }, "geometry": { "type": "Point", "coordinates": [ 77.6491547, 12.9193973 ] } },
{ "type": "Feature", "properties": { "osm_id": "node/13106136871", "amenity": null, "shop": null, "office": "company", "tourism": null, "healthcare": null, "craft": null, "name": "South Park Commons", "addr:housenumber": null, "addr:street": null }, "geometry": { "type": "Point", "coordinates": [ 77.6449862, 12.9149968 ] } },
{ "type": "Feature", "properties": { "osm_id": "node/13108370790", "amenity": "restaurant", "shop": null, "office": null, "tourism": null, "healthcare": null, "craft": null, "name": "Mast Marathi", "addr:housenumber": null, "addr:street": null }, "geometry": { "type": "Point", "coordinates": [ 77.6443062, 12.9114081 ] } },
{ "type": "Feature", "properties": { "osm_id": "node/13108399900", "amenity": null, "shop": "beauty", "office": null, "tourism": null, "healthcare": null, "craft": null, "name": null, "addr:housenumber": null, "addr:street": null }, "geometry": { "type": "Point", "coordinates": [ 77.6442748, 12.9113981 ] } },
{ "type": "Feature", "properties": { "osm_id": "node/13130906992", "amenity": "cafe", "shop": null, "office": null, "tourism": null, "healthcare": null, "craft": null, "name": "Marseli Cafe & Patisserie", "addr:housenumber": null, "addr:street": "24th Main Rd, 1st Sector, HSR Layout" }, "geometry": { "type": "Point", "coordinates": [ 77.6492743, 12.9162344 ] } },
{ "type": "Feature", "properties": { "osm_id": "node/13175147184", "amenity": "cafe", "shop": null, "office": null, "tourism": null, "healthcare": null, "craft": null, "name": "Blue Tokai", "addr:housenumber": null, "addr:street": null }, "geometry": { "type": "Point", "coordinates": [ 77.6448505, 12.912761 ] } },
{ "type": "Feature", "properties": { "osm_id": "node/13175147185", "amenity": "restaurant", "shop": null, "office": null, "tourism": null, "healthcare": null, "craft": null, "name": "The Pizza Bakery", "addr:housenumber": null, "addr:street": null }, "geometry": { "type": "Point", "coordinates": [ 77.6471927, 12.9121235 ] } },
{ "type": "Feature", "properties": { "osm_id": "node/13175147186", "amenity": "cafe", "shop": null, "office": null, "tourism": null, "healthcare": null, "craft": null, "name": "Mannheim", "addr:housenumber": null, "addr:street": null }, "geometry": { "type": "Point", "coordinates": [ 77.6471643, 12.9121736 ] } },
{ "type": "Feature", "properties": { "osm_id": "node/13175147187", "amenity": null, "shop": "jewelry", "office": null, "tourism": null, "healthcare": null, "craft": null, "name": "Cosmos", "addr:housenumber": null, "addr:street": null }, "geometry": { "type": "Point", "coordinates": [ 77.6473977, 12.9120718 ] } },
{ "type": "Feature", "properties": { "osm_id": "node/13175147189", "amenity": null, "shop": "optician", "office": null, "tourism": null, "healthcare": null, "craft": null, "name": "Optics Nest", "addr:housenumber": null, "addr:street": null }, "geometry": { "type": "Point", "coordinates": [ 77.6478955, 12.9120499 ] } },
{ "type": "Feature", "properties": { "osm_id": "node/13175147190", "amenity": null, "shop": null, "office": null, "tourism": "information", "healthcare": null, "craft": null, "name": null, "addr:housenumber": null, "addr:street": null }, "geometry": { "type": "Point", "coordinates": [ 77.6489796, 12.9120246 ] } },
{ "type": "Feature", "properties": { "osm_id": "node/13175147191", "amenity": null, "shop": "hairdresser", "office": null, "tourism": null, "healthcare": null, "craft": null, "name": "BBLUNT", "addr:housenumber": null, "addr:street": null }, "geometry": { "type": "Point", "coordinates": [ 77.6503543, 12.9117784 ] } },
{ "type": "Feature", "properties": { "osm_id": "node/13175211583", "amenity": "restaurant", "shop": null, "office": null, "tourism": null, "healthcare": null, "craft": null, "name": "Make Di Hatti", "addr:housenumber": null, "addr:street": null }, "geometry": { "type": "Point", "coordinates": [ 77.6496658, 12.9121363 ] } },
{ "type": "Feature", "properties": { "osm_id": "node/13175359554", "amenity": "bench", "shop": null, "office": null, "tourism": null, "healthcare": null, "craft": null, "name": null, "addr:housenumber": null, "addr:street": null }, "geometry": { "type": "Point", "coordinates": [ 77.6521705, 12.9180183 ] } },
{ "type": "Feature", "properties": { "osm_id": "node/13175359555", "amenity": "bench", "shop": null, "office": null, "tourism": null, "healthcare": null, "craft": null, "name": null, "addr:housenumber": null, "addr:street": null }, "geometry": { "type": "Point", "coordinates": [ 77.652136, 12.9180141 ] } },
{ "type": "Feature", "properties": { "osm_id": "node/13175359556", "amenity": "bench", "shop": null, "office": null, "tourism": null, "healthcare": null, "craft": null, "name": null, "addr:housenumber": null, "addr:street": null }, "geometry": { "type": "Point", "coordinates": [ 77.6521713, 12.9180277 ] } },
{ "type": "Feature", "properties": { "osm_id": "node/13175359557", "amenity": "bench", "shop": null, "office": null, "tourism": null, "healthcare": null, "craft": null, "name": null, "addr:housenumber": null, "addr:street": null }, "geometry": { "type": "Point", "coordinates": [ 77.6521381, 12.9180303 ] } },
{ "type": "Feature", "properties": { "osm_id": "node/13175470562", "amenity": "bench", "shop": null, "office": null, "tourism": null, "healthcare": null, "craft": null, "name": null, "addr:housenumber": null, "addr:street": null }, "geometry": { "type": "Point", "coordinates": [ 77.6521705, 12.9180182 ] } },
{ "type": "Feature", "properties": { "osm_id": "node/13175470563", "amenity": "bench", "shop": null, "office": null, "tourism": null, "healthcare": null, "craft": null, "name": null, "addr:housenumber": null, "addr:street": null }, "geometry": { "type": "Point", "coordinates": [ 77.652136, 12.9180141 ] } },
{ "type": "Feature", "properties": { "osm_id": "node/13175470564", "amenity": "bench", "shop": null, "office": null, "tourism": null, "healthcare": null, "craft": null, "name": null, "addr:housenumber": null, "addr:street": null }, "geometry": { "type": "Point", "coordinates": [ 77.6521713, 12.9180277 ] } },
{ "type": "Feature", "properties": { "osm_id": "node/13175470565", "amenity": "bench", "shop": null, "office": null, "tourism": null, "healthcare": null, "craft": null, "name": null, "addr:housenumber": null, "addr:street": null }, "geometry": { "type": "Point", "coordinates": [ 77.652138, 12.9180302 ] } },
{ "type": "Feature", "properties": { "osm_id": "node/13183594901", "amenity": null, "shop": null, "office": "company", "tourism": null, "healthcare": null, "craft": null, "name": "Magnum Networks Support Pvt. Ltd.", "addr:housenumber": "511", "addr:street": "15th Cross Road" }, "geometry": { "type": "Point", "coordinates": [ 77.6413001, 12.9140257 ] } },
{ "type": "Feature", "properties": { "osm_id": "node/13207053073", "amenity": null, "shop": null, "office": "company", "tourism": null, "healthcare": null, "craft": null, "name": "KeenSemi", "addr:housenumber": null, "addr:street": null }, "geometry": { "type": "Point", "coordinates": [ 77.6520739, 12.9099419 ] } },
{ "type": "Feature", "properties": { "osm_id": "node/13227328937", "amenity": null, "shop": null, "office": "company", "tourism": null, "healthcare": null, "craft": null, "name": "Shipsy", "addr:housenumber": "481", "addr:street": "27th Main Road" }, "geometry": { "type": "Point", "coordinates": [ 77.6517042, 12.9115431 ] } },
{ "type": "Feature", "properties": { "osm_id": "node/13227707085", "amenity": "cafe", "shop": null, "office": null, "tourism": null, "healthcare": null, "craft": null, "name": "The Faith Cafe", "addr:housenumber": null, "addr:street": null }, "geometry": { "type": "Point", "coordinates": [ 77.6419506, 12.9124394 ] } },
{ "type": "Feature", "properties": { "osm_id": "node/13227707086", "amenity": "fast_food", "shop": null, "office": null, "tourism": null, "healthcare": null, "craft": null, "name": "Frozen Bottle", "addr:housenumber": null, "addr:street": null }, "geometry": { "type": "Point", "coordinates": [ 77.6384218, 12.9124724 ] } },
{ "type": "Feature", "properties": { "osm_id": "node/13227707087", "amenity": null, "shop": "mobile_phone", "office": null, "tourism": null, "healthcare": null, "craft": null, "name": "Sangeetha", "addr:housenumber": null, "addr:street": null }, "geometry": { "type": "Point", "coordinates": [ 77.6383097, 12.9124581 ] } },
{ "type": "Feature", "properties": { "osm_id": "node/13288585454", "amenity": "cafe", "shop": null, "office": null, "tourism": null, "healthcare": null, "craft": null, "name": "Tribes Coffee", "addr:housenumber": null, "addr:street": null }, "geometry": { "type": "Point", "coordinates": [ 77.6434796, 12.908973 ] } },
{ "type": "Feature", "properties": { "osm_id": "node/13305153654", "amenity": "bank", "shop": null, "office": null, "tourism": null, "healthcare": null, "craft": null, "name": "RBL Bank", "addr:housenumber": null, "addr:street": null }, "geometry": { "type": "Point", "coordinates": [ 77.6378957, 12.9091636 ] } },
{ "type": "Feature", "properties": { "osm_id": "node/13329988395", "amenity": null, "shop": "shoes", "office": null, "tourism": null, "healthcare": null, "craft": null, "name": "Metro", "addr:housenumber": null, "addr:street": null }, "geometry": { "type": "Point", "coordinates": [ 77.6517787, 12.9200385 ] } },
{ "type": "Feature", "properties": { "osm_id": "node/13330005337", "amenity": null, "shop": null, "office": "financial", "tourism": null, "healthcare": null, "craft": null, "name": "Muthoot Finance", "addr:housenumber": null, "addr:street": null }, "geometry": { "type": "Point", "coordinates": [ 77.6519289, 12.9175286 ] } },
{ "type": "Feature", "properties": { "osm_id": "node/13330013101", "amenity": null, "shop": "puncture", "office": null, "tourism": null, "healthcare": null, "craft": null, "name": "A1 Puncture", "addr:housenumber": null, "addr:street": null }, "geometry": { "type": "Point", "coordinates": [ 77.6516255, 12.9226137 ] } },
{ "type": "Feature", "properties": { "osm_id": "node/13338743101", "amenity": "restaurant", "shop": null, "office": null, "tourism": null, "healthcare": null, "craft": null, "name": "Oyster, Bar & Kitchen", "addr:housenumber": null, "addr:street": null }, "geometry": { "type": "Point", "coordinates": [ 77.6379048, 12.9119044 ] } },
{ "type": "Feature", "properties": { "osm_id": "node/13366228002", "amenity": "cafe", "shop": null, "office": null, "tourism": null, "healthcare": null, "craft": null, "name": "Silaa The Garden Cafe", "addr:housenumber": null, "addr:street": null }, "geometry": { "type": "Point", "coordinates": [ 77.6393698, 12.9125001 ] } },
{ "type": "Feature", "properties": { "osm_id": "node/13366228003", "amenity": "cafe", "shop": null, "office": null, "tourism": null, "healthcare": null, "craft": null, "name": "Brewtroots Cafe", "addr:housenumber": null, "addr:street": null }, "geometry": { "type": "Point", "coordinates": [ 77.6392853, 12.9118881 ] } },
{ "type": "Feature", "properties": { "osm_id": "node/13368666901", "amenity": "restaurant", "shop": null, "office": null, "tourism": null, "healthcare": null, "craft": null, "name": "Chakum Chukum", "addr:housenumber": "1704", "addr:street": "19th Main Road" }, "geometry": { "type": "Point", "coordinates": [ 77.64458, 12.9058091 ] } },
{ "type": "Feature", "properties": { "osm_id": "node/13374172536", "amenity": null, "shop": null, "office": null, "tourism": "information", "healthcare": null, "craft": null, "name": null, "addr:housenumber": null, "addr:street": null }, "geometry": { "type": "Point", "coordinates": [ 77.6382618, 12.9147269 ] } },
{ "type": "Feature", "properties": { "osm_id": "node/13374172537", "amenity": "fast_food", "shop": null, "office": null, "tourism": null, "healthcare": null, "craft": null, "name": "Pizza Hut Delivery", "addr:housenumber": null, "addr:street": null }, "geometry": { "type": "Point", "coordinates": [ 77.6383643, 12.9147253 ] } },
{ "type": "Feature", "properties": { "osm_id": "node/13374172538", "amenity": "restaurant", "shop": null, "office": null, "tourism": null, "healthcare": null, "craft": null, "name": "Taiki", "addr:housenumber": null, "addr:street": null }, "geometry": { "type": "Point", "coordinates": [ 77.6384313, 12.9148654 ] } },
{ "type": "Feature", "properties": { "osm_id": "node/13401666866", "amenity": "restaurant", "shop": null, "office": null, "tourism": null, "healthcare": null, "craft": null, "name": "Annapoorani", "addr:housenumber": null, "addr:street": null }, "geometry": { "type": "Point", "coordinates": [ 77.6510171, 12.9159788 ] } },
{ "type": "Feature", "properties": { "osm_id": "node/13408359321", "amenity": null, "shop": "clothes", "office": null, "tourism": null, "healthcare": null, "craft": null, "name": "MotoProGear", "addr:housenumber": null, "addr:street": null }, "geometry": { "type": "Point", "coordinates": [ 77.6520212, 12.9090098 ] } },
{ "type": "Feature", "properties": { "osm_id": "node/13415110878", "amenity": "fast_food", "shop": null, "office": null, "tourism": null, "healthcare": null, "craft": null, "name": "Indira Canteen", "addr:housenumber": null, "addr:street": null }, "geometry": { "type": "Point", "coordinates": [ 77.6382918, 12.9204507 ] } },
{ "type": "Feature", "properties": { "osm_id": "node/13430304762", "amenity": "clinic", "shop": null, "office": null, "tourism": null, "healthcare": null, "craft": null, "name": "Orange Health Labs", "addr:housenumber": null, "addr:street": null }, "geometry": { "type": "Point", "coordinates": [ 77.6329359, 12.9126004 ] } },
{ "type": "Feature", "properties": { "osm_id": "node/13430324452", "amenity": "pharmacy", "shop": null, "office": null, "tourism": null, "healthcare": "pharmacy", "craft": null, "name": "MedPlus", "addr:housenumber": null, "addr:street": null }, "geometry": { "type": "Point", "coordinates": [ 77.6328303, 12.912582 ] } },
{ "type": "Feature", "properties": { "osm_id": "node/13438473392", "amenity": null, "shop": "greengrocer", "office": null, "tourism": null, "healthcare": null, "craft": null, "name": "MyMarket", "addr:housenumber": null, "addr:street": null }, "geometry": { "type": "Point", "coordinates": [ 77.6326573, 12.908902 ] } },
{ "type": "Feature", "properties": { "osm_id": "node/13438477154", "amenity": null, "shop": "car_parts", "office": null, "tourism": null, "healthcare": null, "craft": null, "name": "NVM Protection", "addr:housenumber": null, "addr:street": null }, "geometry": { "type": "Point", "coordinates": [ 77.6326559, 12.9089627 ] } },
{ "type": "Feature", "properties": { "osm_id": "node/13438486599", "amenity": null, "shop": "clothes", "office": null, "tourism": null, "healthcare": null, "craft": null, "name": "Shopper's Value", "addr:housenumber": null, "addr:street": null }, "geometry": { "type": "Point", "coordinates": [ 77.6326593, 12.9090411 ] } },
{ "type": "Feature", "properties": { "osm_id": "node/13438511397", "amenity": "restaurant", "shop": null, "office": null, "tourism": null, "healthcare": null, "craft": null, "name": "Nishy's Neer Dosa", "addr:housenumber": null, "addr:street": null }, "geometry": { "type": "Point", "coordinates": [ 77.632668, 12.9088246 ] } },
{ "type": "Feature", "properties": { "osm_id": "node/13468177653", "amenity": "bar", "shop": null, "office": null, "tourism": null, "healthcare": null, "craft": null, "name": "Don't Tell Mama", "addr:housenumber": null, "addr:street": null }, "geometry": { "type": "Point", "coordinates": [ 77.6344907, 12.9158426 ] } },
{ "type": "Feature", "properties": { "osm_id": "node/13468177654", "amenity": null, "shop": "bakery", "office": null, "tourism": null, "healthcare": null, "craft": null, "name": "Mama Jay's Baking Studio", "addr:housenumber": null, "addr:street": null }, "geometry": { "type": "Point", "coordinates": [ 77.6343526, 12.9158556 ] } },
{ "type": "Feature", "properties": { "osm_id": "node/13513823023", "amenity": "cafe", "shop": null, "office": null, "tourism": null, "healthcare": null, "craft": null, "name": "Dome Cafe", "addr:housenumber": null, "addr:street": null }, "geometry": { "type": "Point", "coordinates": [ 77.6357893, 12.9121669 ] } },
{ "type": "Feature", "properties": { "osm_id": "node/13546510501", "amenity": "restaurant", "shop": null, "office": null, "tourism": null, "healthcare": null, "craft": null, "name": "Babai Tiffins", "addr:housenumber": "8", "addr:street": "18th Main Road" }, "geometry": { "type": "Point", "coordinates": [ 77.6447299, 12.9182479 ] } },
{ "type": "Feature", "properties": { "osm_id": "node/13563529760", "amenity": null, "shop": null, "office": null, "tourism": "hostel", "healthcare": null, "craft": null, "name": "Hosteller", "addr:housenumber": "66", "addr:street": "11th Main Road" }, "geometry": { "type": "Point", "coordinates": [ 77.636336, 12.9132871 ] } },
{ "type": "Feature", "properties": { "osm_id": "node/13566435717", "amenity": "cafe", "shop": null, "office": null, "tourism": null, "healthcare": null, "craft": null, "name": "Tim Hortons", "addr:housenumber": null, "addr:street": null }, "geometry": { "type": "Point", "coordinates": [ 77.647761, 12.9120206 ] } },
{ "type": "Feature", "properties": { "osm_id": "node/13607447601", "amenity": null, "shop": "video_games", "office": null, "tourism": null, "healthcare": null, "craft": null, "name": "SIM RACING HQ", "addr:housenumber": null, "addr:street": null }, "geometry": { "type": "Point", "coordinates": [ 77.6510491, 12.9054581 ] } },
{ "type": "Feature", "properties": { "osm_id": "node/13811113845", "amenity": "cafe", "shop": null, "office": null, "tourism": null, "healthcare": null, "craft": null, "name": "Bubble Tea", "addr:housenumber": null, "addr:street": null }, "geometry": { "type": "Point", "coordinates": [ 77.6448007, 12.9089825 ] } },
{ "type": "Feature", "properties": { "osm_id": "node/13821019822", "amenity": "hospital", "shop": null, "office": null, "tourism": null, "healthcare": "hospital", "craft": null, "name": "Healing Hands Clinic - HSR Layout, Bengaluru", "addr:housenumber": "1st Floor, Krishna Complex", "addr:street": "17th Cross Road" }, "geometry": { "type": "Point", "coordinates": [ 77.6479898, 12.9120415 ] } },
{ "type": "Feature", "properties": { "osm_id": "node/13926095701", "amenity": null, "shop": "bag", "office": null, "tourism": null, "healthcare": null, "craft": null, "name": "Safari (Luggages and Bags)", "addr:housenumber": "1350", "addr:street": "17th Cross Road" }, "geometry": { "type": "Point", "coordinates": [ 77.6447906, 12.9120079 ] } },
{ "type": "Feature", "properties": { "osm_id": "node/13959538001", "amenity": "restaurant", "shop": null, "office": null, "tourism": null, "healthcare": null, "craft": null, "name": "Goan POIEE", "addr:housenumber": null, "addr:street": null }, "geometry": { "type": "Point", "coordinates": [ 77.6490788, 12.913639 ] } },
{ "type": "Feature", "properties": { "osm_id": "node/13994610601", "amenity": null, "shop": null, "office": "company", "tourism": null, "healthcare": null, "craft": null, "name": "Airtory interactive private limited", "addr:housenumber": "1579", "addr:street": "26th Cross Road" }, "geometry": { "type": "Point", "coordinates": [ 77.6509656, 12.9050933 ] } },
{ "type": "Feature", "properties": { "osm_id": "node/14075972902", "amenity": "theatre", "shop": null, "office": null, "tourism": null, "healthcare": null, "craft": null, "name": "Samarthanam Auditorium - Theatrenama", "addr:housenumber": null, "addr:street": null }, "geometry": { "type": "Point", "coordinates": [ 77.6414928, 12.91491 ] } },
{ "type": "Feature", "properties": { "osm_id": "node/14085177502", "amenity": "pub", "shop": null, "office": null, "tourism": null, "healthcare": null, "craft": null, "name": "The Biere Club", "addr:housenumber": "9", "addr:street": "17th Cross Road" }, "geometry": { "type": "Point", "coordinates": [ 77.6367866, 12.9121593 ] } },
{ "type": "Feature", "properties": { "osm_id": "node/14116197344", "amenity": "car_rental", "shop": null, "office": null, "tourism": null, "healthcare": null, "craft": null, "name": "Mychoize", "addr:housenumber": null, "addr:street": null }, "geometry": { "type": "Point", "coordinates": [ 77.6469865, 12.9228463 ] } },
{ "type": "Feature", "properties": { "osm_id": "node/14122448120", "amenity": "cafe", "shop": null, "office": null, "tourism": null, "healthcare": null, "craft": null, "name": "GOT Tea", "addr:housenumber": null, "addr:street": null }, "geometry": { "type": "Point", "coordinates": [ 77.6531026, 12.9160465 ] } },
{ "type": "Feature", "properties": { "osm_id": "node/14130387210", "amenity": "restaurant", "shop": null, "office": null, "tourism": null, "healthcare": null, "craft": null, "name": "California Burrito", "addr:housenumber": null, "addr:street": null }, "geometry": { "type": "Point", "coordinates": [ 77.6449553, 12.9141532 ] } },
{ "type": "Feature", "properties": { "osm_id": "node/14130387278", "amenity": null, "shop": "copyshop", "office": null, "tourism": null, "healthcare": null, "craft": null, "name": "SK Raju Xerox", "addr:housenumber": null, "addr:street": null }, "geometry": { "type": "Point", "coordinates": [ 77.6434656, 12.9160054 ] } },
{ "type": "Feature", "properties": { "osm_id": "node/14130387279", "amenity": "fast_food", "shop": null, "office": null, "tourism": null, "healthcare": null, "craft": null, "name": "Also Bawarchi Biryani", "addr:housenumber": null, "addr:street": null }, "geometry": { "type": "Point", "coordinates": [ 77.6434833, 12.9160923 ] } },
{ "type": "Feature", "properties": { "osm_id": "node/14130409651", "amenity": null, "shop": null, "office": "coworking", "tourism": null, "healthcare": null, "craft": null, "name": "HustleHub", "addr:housenumber": null, "addr:street": null }, "geometry": { "type": "Point", "coordinates": [ 77.6445936, 12.9146759 ] } },
{ "type": "Feature", "properties": { "osm_id": "node/14130409652", "amenity": "bank", "shop": null, "office": null, "tourism": null, "healthcare": null, "craft": null, "name": "State Bank of India", "addr:housenumber": null, "addr:street": null }, "geometry": { "type": "Point", "coordinates": [ 77.6446063, 12.9145663 ] } },
{ "type": "Feature", "properties": { "osm_id": "node/14133768378", "amenity": "hospital", "shop": null, "office": null, "tourism": null, "healthcare": "hospital", "craft": null, "name": "Ovum Women & Child Speciality Hospital", "addr:housenumber": null, "addr:street": null }, "geometry": { "type": "Point", "coordinates": [ 77.64555, 12.9072685 ] } },
{ "type": "Feature", "properties": { "osm_id": "node/14133768379", "amenity": "pharmacy", "shop": null, "office": null, "tourism": null, "healthcare": "pharmacy", "craft": null, "name": "Ovum Pharmacy", "addr:housenumber": null, "addr:street": null }, "geometry": { "type": "Point", "coordinates": [ 77.6456192, 12.9073327 ] } },
{ "type": "Feature", "properties": { "osm_id": "node/14133768380", "amenity": "cafe", "shop": null, "office": null, "tourism": null, "healthcare": null, "craft": null, "name": "Mixnosh Art Cafe", "addr:housenumber": null, "addr:street": null }, "geometry": { "type": "Point", "coordinates": [ 77.6455529, 12.9075262 ] } },
{ "type": "Feature", "properties": { "osm_id": "node/14135014001", "amenity": null, "shop": null, "office": "yes", "tourism": null, "healthcare": null, "craft": null, "name": "GreedyGame media pvt ltd", "addr:housenumber": "L-169", "addr:street": "13th Cross Road" }, "geometry": { "type": "Point", "coordinates": [ 77.6309768, 12.9161569 ] } },
{ "type": "Feature", "properties": { "osm_id": "node/14170125707", "amenity": null, "shop": null, "office": "company", "tourism": null, "healthcare": null, "craft": null, "name": "Nous Infosystems", "addr:housenumber": null, "addr:street": null }, "geometry": { "type": "Point", "coordinates": [ 77.6501575, 12.9194451 ] } },
{ "type": "Feature", "properties": { "osm_id": "node/14177297526", "amenity": null, "shop": "coffee", "office": null, "tourism": null, "healthcare": null, "craft": null, "name": "Hamesha cafe", "addr:housenumber": "400", "addr:street": "15th Cross, 5th Main Rd, Sector 6, HSR Layout" }, "geometry": { "type": "Point", "coordinates": [ 77.6301236, 12.9138042 ] } },
{ "type": "Feature", "properties": { "osm_id": "node/14177298323", "amenity": "cafe", "shop": "coffee", "office": null, "tourism": null, "healthcare": null, "craft": null, "name": "Third Wave Coffee Roasters", "addr:housenumber": "919", "addr:street": "4th main road" }, "geometry": { "type": "Point", "coordinates": [ 77.6326991, 12.9095138 ] } },
{ "type": "Feature", "properties": { "osm_id": "node/14177299345", "amenity": null, "shop": null, "office": null, "tourism": "apartment", "healthcare": null, "craft": null, "name": "Vijayamala Apartments", "addr:housenumber": "258/3B", "addr:street": "4th main road, Rajiv gandhi nagar, HSR Layout, Sector 7" }, "geometry": { "type": "Point", "coordinates": [ 77.6320534, 12.9093976 ] } },
{ "type": "Feature", "properties": { "osm_id": "node/14177305707", "amenity": null, "shop": null, "office": "it", "tourism": null, "healthcare": null, "craft": null, "name": "Reckonsys Tech Labs Pvt Ltd", "addr:housenumber": null, "addr:street": "First Floor, Incubex HSR28, No. L-169, 13th Cross Rd, Sector 6, HSR Layout" }, "geometry": { "type": "Point", "coordinates": [ 77.6310153, 12.916165 ] } },
{ "type": "Feature", "properties": { "osm_id": "node/14208259435", "amenity": "restaurant", "shop": null, "office": null, "tourism": null, "healthcare": null, "craft": null, "name": "Mezziki", "addr:housenumber": null, "addr:street": null }, "geometry": { "type": "Point", "coordinates": [ 77.6399302, 12.911806 ] } },
{ "type": "Feature", "properties": { "osm_id": "node/14232167334", "amenity": null, "shop": "car", "office": null, "tourism": null, "healthcare": null, "craft": null, "name": "Carsbuddy", "addr:housenumber": null, "addr:street": null }, "geometry": { "type": "Point", "coordinates": [ 77.6400384, 12.9240113 ] } },
{ "type": "Feature", "properties": { "osm_id": "relation/8544927", "amenity": "parking", "shop": null, "office": null, "tourism": null, "healthcare": null, "craft": null, "name": null, "addr:housenumber": null, "addr:street": null }, "geometry": { "type": "Polygon", "coordinates": [ [ [ 77.6379854, 12.9144191 ], [ 77.6379439, 12.9130059 ], [ 77.6369557, 12.9130334 ], [ 77.6369972, 12.9144467 ], [ 77.6379854, 12.9144191 ] ], [ [ 77.6371587, 12.9131191 ], [ 77.6377729, 12.9131191 ], [ 77.6378078, 12.9143557 ], [ 77.6372124, 12.914374 ], [ 77.6371587, 12.9131191 ] ] ] } },
{ "type": "Feature", "properties": { "osm_id": "way/28262977", "amenity": "school", "shop": null, "office": null, "tourism": null, "healthcare": null, "craft": null, "name": "Gnan Shrishti School of Excellence", "addr:housenumber": null, "addr:street": null }, "geometry": { "type": "Polygon", "coordinates": [ [ [ 77.6458423, 12.912161 ], [ 77.6457312, 12.9121673 ], [ 77.6447577, 12.9122433 ], [ 77.6447542, 12.9125516 ], [ 77.6458653, 12.9125241 ], [ 77.6458423, 12.912161 ] ] ] } },
{ "type": "Feature", "properties": { "osm_id": "way/112692995", "amenity": "community_centre", "shop": null, "office": null, "tourism": null, "healthcare": null, "craft": null, "name": "HSR Residents Welfare Association", "addr:housenumber": null, "addr:street": null }, "geometry": { "type": "Polygon", "coordinates": [ [ [ 77.6505067, 12.9178743 ], [ 77.6505941, 12.9178718 ], [ 77.6505919, 12.9177984 ], [ 77.6505045, 12.9178009 ], [ 77.6505067, 12.9178743 ] ] ] } },
{ "type": "Feature", "properties": { "osm_id": "way/133820242", "amenity": "college", "shop": null, "office": null, "tourism": null, "healthcare": null, "craft": null, "name": "Vidhya Bharathi College", "addr:housenumber": null, "addr:street": null }, "geometry": { "type": "Polygon", "coordinates": [ [ [ 77.6343085, 12.9168584 ], [ 77.6348834, 12.9169375 ], [ 77.6349186, 12.9165248 ], [ 77.6345272, 12.9165529 ], [ 77.6342664, 12.916613 ], [ 77.6340714, 12.9166254 ], [ 77.634125, 12.9167496 ], [ 77.6343085, 12.9168584 ] ] ] } },
{ "type": "Feature", "properties": { "osm_id": "way/156682848", "amenity": "public_building", "shop": null, "office": null, "tourism": null, "healthcare": null, "craft": null, "name": "KPTCL", "addr:housenumber": null, "addr:street": null }, "geometry": { "type": "Polygon", "coordinates": [ [ [ 77.6488272, 12.9117362 ], [ 77.6488478, 12.911599 ], [ 77.6489457, 12.9116129 ], [ 77.6489251, 12.9117501 ], [ 77.6488272, 12.9117362 ] ] ] } },
{ "type": "Feature", "properties": { "osm_id": "way/232044884", "amenity": "college", "shop": null, "office": null, "tourism": null, "healthcare": null, "craft": null, "name": "National Institute of Fashion Technology", "addr:housenumber": null, "addr:street": "27th Main" }, "geometry": { "type": "Polygon", "coordinates": [ [ [ 77.6519784, 12.9114421 ], [ 77.653455, 12.9114657 ], [ 77.653503, 12.9124031 ], [ 77.6535082, 12.9125049 ], [ 77.6521083, 12.9124791 ], [ 77.6519543, 12.9124691 ], [ 77.6519784, 12.9114421 ] ] ] } },
{ "type": "Feature", "properties": { "osm_id": "way/232237163", "amenity": "school", "shop": null, "office": null, "tourism": null, "healthcare": null, "craft": null, "name": "Carmel Garden Public School", "addr:housenumber": null, "addr:street": null }, "geometry": { "type": "Polygon", "coordinates": [ [ [ 77.6322341, 12.917328 ], [ 77.6321756, 12.9171231 ], [ 77.6321518, 12.9170399 ], [ 77.6322698, 12.9170096 ], [ 77.632197, 12.9167716 ], [ 77.6317496, 12.9168189 ], [ 77.6319005, 12.9174212 ], [ 77.6322341, 12.917328 ] ] ] } },
{ "type": "Feature", "properties": { "osm_id": "way/232238371", "amenity": "place_of_worship", "shop": null, "office": null, "tourism": null, "healthcare": null, "craft": null, "name": "Agara Shri Ayyappaswamy Temple", "addr:housenumber": null, "addr:street": null }, "geometry": { "type": "Polygon", "coordinates": [ [ [ 77.6487443, 12.9251183 ], [ 77.6487715, 12.9247651 ], [ 77.6483677, 12.9247242 ], [ 77.6483613, 12.9247683 ], [ 77.6483193, 12.9250567 ], [ 77.6487443, 12.9251183 ] ] ] } },
{ "type": "Feature", "properties": { "osm_id": "way/232239123", "amenity": "fuel", "shop": null, "office": null, "tourism": null, "healthcare": null, "craft": null, "name": "Sowbhagya Fuel Station", "addr:housenumber": null, "addr:street": null }, "geometry": { "type": "Polygon", "coordinates": [ [ [ 77.6449394, 12.9212409 ], [ 77.6449424, 12.9217853 ], [ 77.6444912, 12.9212477 ], [ 77.6449394, 12.9212409 ] ] ] } },
{ "type": "Feature", "properties": { "osm_id": "way/236814769", "amenity": "fuel", "shop": null, "office": null, "tourism": null, "healthcare": null, "craft": null, "name": "HP", "addr:housenumber": null, "addr:street": null }, "geometry": { "type": "Polygon", "coordinates": [ [ [ 77.6386247, 12.9151817 ], [ 77.6382972, 12.9152141 ], [ 77.638325, 12.9155146 ], [ 77.638655, 12.9154686 ], [ 77.6386247, 12.9151817 ] ] ] } },
{ "type": "Feature", "properties": { "osm_id": "way/236967890", "amenity": null, "shop": "car", "office": null, "tourism": null, "healthcare": null, "craft": null, "name": "Nandi Toyota", "addr:housenumber": null, "addr:street": null }, "geometry": { "type": "Polygon", "coordinates": [ [ [ 77.6273801, 12.9081928 ], [ 77.627358, 12.907588 ], [ 77.6278724, 12.9075356 ], [ 77.6279681, 12.9081552 ], [ 77.6273801, 12.9081928 ] ] ] } },
{ "type": "Feature", "properties": { "osm_id": "way/240662779", "amenity": "school", "shop": null, "office": null, "tourism": null, "healthcare": null, "craft": null, "name": "National Public School HSR", "addr:housenumber": null, "addr:street": null }, "geometry": { "type": "Polygon", "coordinates": [ [ [ 77.6427019, 12.9167934 ], [ 77.6433595, 12.9167647 ], [ 77.6433298, 12.9162258 ], [ 77.6426789, 12.9163093 ], [ 77.6427019, 12.9167934 ] ] ] } },
{ "type": "Feature", "properties": { "osm_id": "way/240663075", "amenity": "college", "shop": null, "office": null, "tourism": null, "healthcare": null, "craft": null, "name": "Oxford Management College", "addr:housenumber": null, "addr:street": null }, "geometry": { "type": "Polygon", "coordinates": [ [ [ 77.642442, 12.9163319 ], [ 77.6426789, 12.9163093 ], [ 77.6433298, 12.9162258 ], [ 77.6433126, 12.9155041 ], [ 77.6424056, 12.9156365 ], [ 77.642442, 12.9163319 ] ] ] } },
{ "type": "Feature", "properties": { "osm_id": "way/240665267", "amenity": "college", "shop": null, "office": null, "tourism": null, "healthcare": null, "craft": null, "name": "Shakuntala Devi International Institute of Management Sciences and PreUniversity", "addr:housenumber": null, "addr:street": null }, "geometry": { "type": "Polygon", "coordinates": [ [ [ 77.6424611, 12.9168011 ], [ 77.6427019, 12.9167934 ], [ 77.6426789, 12.9163093 ], [ 77.642442, 12.9163319 ], [ 77.6424611, 12.9168011 ] ] ] } },
{ "type": "Feature", "properties": { "osm_id": "way/240665269", "amenity": null, "shop": null, "office": null, "tourism": "hostel", "healthcare": null, "craft": null, "name": "Government Classified Boys Hostel", "addr:housenumber": "208", "addr:street": "11th Cross Rd, Sector 4, HSR Layout" }, "geometry": { "type": "Polygon", "coordinates": [ [ [ 77.6425454, 12.9170452 ], [ 77.6433004, 12.917019 ], [ 77.6432966, 12.9169149 ], [ 77.6429397, 12.9169272 ], [ 77.6429385, 12.9168929 ], [ 77.6431143, 12.9168868 ], [ 77.6431113, 12.9168047 ], [ 77.6427275, 12.9168179 ], [ 77.642728, 12.9168333 ], [ 77.6425382, 12.9168399 ], [ 77.64254, 12.9168909 ], [ 77.6427299, 12.9168844 ], [ 77.6427305, 12.9169001 ], [ 77.6429062, 12.916894 ], [ 77.6429075, 12.9169284 ], [ 77.6425416, 12.916941 ], [ 77.6425454, 12.9170452 ] ] ] } },
{ "type": "Feature", "properties": { "osm_id": "way/255762670", "amenity": null, "shop": null, "office": null, "tourism": "hostel", "healthcare": null, "craft": null, "name": "Royal Luxury PG For Gents", "addr:housenumber": "30", "addr:street": "1st Ave, Teacher's Colony, Jakkasandra, 1st Block Koramangala, HSR Layout 5th Sector" }, "geometry": { "type": "Polygon", "coordinates": [ [ [ 77.6321976, 12.9185875 ], [ 77.6323154, 12.9185581 ], [ 77.6322738, 12.9183997 ], [ 77.6321561, 12.918429 ], [ 77.6321976, 12.9185875 ] ] ] } },
{ "type": "Feature", "properties": { "osm_id": "way/286440340", "amenity": "school", "shop": null, "office": null, "tourism": null, "healthcare": null, "craft": null, "name": "Lawerence School", "addr:housenumber": null, "addr:street": null }, "geometry": { "type": "Polygon", "coordinates": [ [ [ 77.6347779, 12.9139881 ], [ 77.6347601, 12.9135194 ], [ 77.6351892, 12.9135039 ], [ 77.6351903, 12.9135347 ], [ 77.635207, 12.9139726 ], [ 77.6347779, 12.9139881 ] ] ] } },
{ "type": "Feature", "properties": { "osm_id": "way/313827394", "amenity": "school", "shop": null, "office": null, "tourism": null, "healthcare": null, "craft": null, "name": "JSS EHPS School", "addr:housenumber": null, "addr:street": "14th Main Road" }, "geometry": { "type": "Polygon", "coordinates": [ [ [ 77.6369566, 12.9155243 ], [ 77.6380293, 12.9154386 ], [ 77.6380327, 12.9149707 ], [ 77.6380363, 12.9144823 ], [ 77.6369353, 12.9145039 ], [ 77.6369463, 12.9150303 ], [ 77.6369566, 12.9155243 ] ] ] } },
{ "type": "Feature", "properties": { "osm_id": "way/323089966", "amenity": "school", "shop": null, "office": null, "tourism": null, "healthcare": null, "craft": null, "name": "Cambridge Public School, BBMP Agara", "addr:housenumber": null, "addr:street": null }, "geometry": { "type": "Polygon", "coordinates": [ [ [ 77.6471374, 12.918719 ], [ 77.6476427, 12.9186425 ], [ 77.6476343, 12.9183127 ], [ 77.6471277, 12.9183725 ], [ 77.6471374, 12.918719 ] ] ] } },
{ "type": "Feature", "properties": { "osm_id": "way/323089967", "amenity": "school", "shop": null, "office": null, "tourism": null, "healthcare": null, "craft": null, "name": "Freedom International School", "addr:housenumber": null, "addr:street": null }, "geometry": { "type": "Polygon", "coordinates": [ [ [ 77.6419275, 12.9172428 ], [ 77.6418515, 12.915739 ], [ 77.6422916, 12.9156726 ], [ 77.642378, 12.9172198 ], [ 77.6419275, 12.9172428 ] ] ] } },
{ "type": "Feature", "properties": { "osm_id": "way/323094323", "amenity": "school", "shop": null, "office": null, "tourism": null, "healthcare": null, "craft": null, "name": "Sri Chaitanya School", "addr:housenumber": null, "addr:street": null }, "geometry": { "type": "Polygon", "coordinates": [ [ [ 77.6458765, 12.9045243 ], [ 77.6455941, 12.9045946 ], [ 77.6459237, 12.9055646 ], [ 77.6461732, 12.9054472 ], [ 77.6458765, 12.9045243 ] ] ] } },
{ "type": "Feature", "properties": { "osm_id": "way/323699641", "amenity": "events_venue", "shop": null, "office": null, "tourism": null, "healthcare": null, "craft": null, "name": "White Housse Banquet", "addr:housenumber": null, "addr:street": null }, "geometry": { "type": "Polygon", "coordinates": [ [ [ 77.6378948, 12.9129232 ], [ 77.6374338, 12.9129395 ], [ 77.6374233, 12.9126564 ], [ 77.6378843, 12.9126401 ], [ 77.6378948, 12.9129232 ] ] ] } },
{ "type": "Feature", "properties": { "osm_id": "way/325139577", "amenity": "school", "shop": null, "office": null, "tourism": null, "healthcare": null, "craft": null, "name": "Government High School Agara", "addr:housenumber": null, "addr:street": null }, "geometry": { "type": "Polygon", "coordinates": [ [ [ 77.6499357, 12.9230796 ], [ 77.6498426, 12.9227077 ], [ 77.6499337, 12.9226927 ], [ 77.6499245, 12.9225656 ], [ 77.6504359, 12.9225123 ], [ 77.6503624, 12.9235119 ], [ 77.6503037, 12.9239482 ], [ 77.6499054, 12.9238554 ], [ 77.6499647, 12.9234292 ], [ 77.6499357, 12.9230796 ] ] ] } },
{ "type": "Feature", "properties": { "osm_id": "way/330318578", "amenity": "place_of_worship", "shop": null, "office": null, "tourism": null, "healthcare": null, "craft": null, "name": "Sri Basaveshwara Gayatri Temple", "addr:housenumber": null, "addr:street": "17th Cross Rd, 2nd Sector, Vanganahalli, Sector 2, HSR Layout" }, "geometry": { "type": "Polygon", "coordinates": [ [ [ 77.6475703, 12.9115175 ], [ 77.6477556, 12.9115242 ], [ 77.6477541, 12.9115643 ], [ 77.6477828, 12.9115653 ], [ 77.6477803, 12.911629 ], [ 77.6477547, 12.911628 ], [ 77.6477532, 12.9116664 ], [ 77.6475648, 12.9116595 ], [ 77.6475703, 12.9115175 ] ] ] } },
{ "type": "Feature", "properties": { "osm_id": "way/335043199", "amenity": "hospital", "shop": null, "office": null, "tourism": null, "healthcare": "hospital", "craft": null, "name": "Greenview Hospital", "addr:housenumber": null, "addr:street": null }, "geometry": { "type": "Polygon", "coordinates": [ [ [ 77.6380084, 12.9193427 ], [ 77.6382471, 12.9193342 ], [ 77.6382363, 12.9190429 ], [ 77.6379975, 12.9190513 ], [ 77.6380084, 12.9193427 ] ] ] } },
{ "type": "Feature", "properties": { "osm_id": "way/343601280", "amenity": null, "shop": null, "office": null, "tourism": "hostel", "healthcare": null, "craft": null, "name": "Stanza Living Cork House", "addr:housenumber": null, "addr:street": null }, "geometry": { "type": "Polygon", "coordinates": [ [ [ 77.6296244, 12.9106832 ], [ 77.6297991, 12.9106911 ], [ 77.6298053, 12.9105602 ], [ 77.6296305, 12.9105524 ], [ 77.6296244, 12.9106832 ] ] ] } },
{ "type": "Feature", "properties": { "osm_id": "way/343640702", "amenity": null, "shop": null, "office": "educational_institution", "tourism": null, "healthcare": null, "craft": null, "name": "Fiitjee", "addr:housenumber": null, "addr:street": null }, "geometry": { "type": "Polygon", "coordinates": [ [ [ 77.6337177, 12.9159346 ], [ 77.6338316, 12.9159286 ], [ 77.6338203, 12.9157237 ], [ 77.6337064, 12.9157297 ], [ 77.6337177, 12.9159346 ] ] ] } },
{ "type": "Feature", "properties": { "osm_id": "way/343645335", "amenity": null, "shop": null, "office": "government", "tourism": null, "healthcare": null, "craft": null, "name": "BBMP Office", "addr:housenumber": null, "addr:street": null }, "geometry": { "type": "Polygon", "coordinates": [ [ [ 77.6351358, 12.9147851 ], [ 77.6352146, 12.914783 ], [ 77.6352092, 12.9145928 ], [ 77.6351304, 12.9145949 ], [ 77.6351358, 12.9147851 ] ] ] } },
{ "type": "Feature", "properties": { "osm_id": "way/343648710", "amenity": null, "shop": "electronics", "office": null, "tourism": null, "healthcare": null, "craft": null, "name": "Reliance Digital", "addr:housenumber": null, "addr:street": null }, "geometry": { "type": "Polygon", "coordinates": [ [ [ 77.6335759, 12.9127661 ], [ 77.6336953, 12.9127659 ], [ 77.6336948, 12.9125601 ], [ 77.6335754, 12.9125603 ], [ 77.6335759, 12.9127661 ] ] ] } },
{ "type": "Feature", "properties": { "osm_id": "way/343648711", "amenity": null, "shop": "jewelry", "office": null, "tourism": null, "healthcare": null, "craft": null, "name": "Gazana", "addr:housenumber": null, "addr:street": null }, "geometry": { "type": "Polygon", "coordinates": [ [ [ 77.6337265, 12.9127626 ], [ 77.63386, 12.9127615 ], [ 77.6338582, 12.9125578 ], [ 77.6337248, 12.9125589 ], [ 77.6337265, 12.9127626 ] ] ] } },
{ "type": "Feature", "properties": { "osm_id": "way/343649633", "amenity": null, "shop": "supermarket", "office": null, "tourism": null, "healthcare": null, "craft": null, "name": "MK Ahmed", "addr:housenumber": null, "addr:street": "HSR Layout" }, "geometry": { "type": "Polygon", "coordinates": [ [ [ 77.6365311, 12.912622 ], [ 77.6366934, 12.9126246 ], [ 77.6366961, 12.9124691 ], [ 77.6365338, 12.9124664 ], [ 77.6365311, 12.912622 ] ] ] } },
{ "type": "Feature", "properties": { "osm_id": "way/343674954", "amenity": null, "shop": "baby_goods", "office": null, "tourism": null, "healthcare": null, "craft": null, "name": "Born Babies", "addr:housenumber": null, "addr:street": "22nd Cross" }, "geometry": { "type": "Polygon", "coordinates": [ [ [ 77.6381334, 12.9092208 ], [ 77.6381339, 12.9091599 ], [ 77.638243, 12.9091606 ], [ 77.6382426, 12.9092216 ], [ 77.6381334, 12.9092208 ] ] ] } },
{ "type": "Feature", "properties": { "osm_id": "way/343678672", "amenity": "restaurant", "shop": null, "office": null, "tourism": null, "healthcare": null, "craft": null, "name": "Parika", "addr:housenumber": null, "addr:street": null }, "geometry": { "type": "Polygon", "coordinates": [ [ [ 77.6396255, 12.9118904 ], [ 77.6397497, 12.9118807 ], [ 77.6397337, 12.9116849 ], [ 77.6396095, 12.9116945 ], [ 77.6396255, 12.9118904 ] ] ] } },
{ "type": "Feature", "properties": { "osm_id": "way/347168084", "amenity": null, "shop": null, "office": null, "tourism": "artwork", "healthcare": null, "craft": null, "name": null, "addr:housenumber": null, "addr:street": null }, "geometry": { "type": "Polygon", "coordinates": [ [ [ 77.6495568, 12.9237557 ], [ 77.6496758, 12.9237715 ], [ 77.649688, 12.9236844 ], [ 77.649691, 12.9236627 ], [ 77.649572, 12.9236469 ], [ 77.6495568, 12.9237557 ] ] ] } },
{ "type": "Feature", "properties": { "osm_id": "way/347415826", "amenity": null, "shop": null, "office": "coworking", "tourism": null, "healthcare": null, "craft": null, "name": "Flexi Space", "addr:housenumber": "7", "addr:street": null }, "geometry": { "type": "Polygon", "coordinates": [ [ [ 77.6445615, 12.9181745 ], [ 77.6445726, 12.9181739 ], [ 77.6447647, 12.9181638 ], [ 77.6447786, 12.9181631 ], [ 77.6447716, 12.9180366 ], [ 77.6445545, 12.9180481 ], [ 77.6445615, 12.9181745 ] ] ] } },
{ "type": "Feature", "properties": { "osm_id": "way/347415933", "amenity": "restaurant", "shop": null, "office": null, "tourism": null, "healthcare": null, "craft": null, "name": "MTR", "addr:housenumber": "169;170", "addr:street": "19th Main Road, Sector 4, HSR Layout" }, "geometry": { "type": "Polygon", "coordinates": [ [ [ 77.6444848, 12.9164083 ], [ 77.6445425, 12.9164056 ], [ 77.6445413, 12.9163833 ], [ 77.6445734, 12.9163817 ], [ 77.6445742, 12.9163987 ], [ 77.6446672, 12.9163942 ], [ 77.6446654, 12.9163588 ], [ 77.6446347, 12.9163603 ], [ 77.6446315, 12.9162955 ], [ 77.6446108, 12.9162966 ], [ 77.6446115, 12.9163106 ], [ 77.6445799, 12.9163121 ], [ 77.6445792, 12.9162981 ], [ 77.6444795, 12.9163029 ], [ 77.6444848, 12.9164083 ] ] ] } },
{ "type": "Feature", "properties": { "osm_id": "way/347416788", "amenity": null, "shop": null, "office": "yes", "tourism": null, "healthcare": null, "craft": null, "name": "Urban Vault", "addr:housenumber": "1498", "addr:street": null }, "geometry": { "type": "Polygon", "coordinates": [ [ [ 77.6450454, 12.9184465 ], [ 77.6452565, 12.9184341 ], [ 77.6452489, 12.9183116 ], [ 77.6450378, 12.9183241 ], [ 77.6450454, 12.9184465 ] ] ] } },
{ "type": "Feature", "properties": { "osm_id": "way/347501955", "amenity": "pharmacy", "shop": null, "office": null, "tourism": null, "healthcare": "pharmacy", "craft": null, "name": "Jan Aushadhi", "addr:housenumber": null, "addr:street": null }, "geometry": { "type": "Polygon", "coordinates": [ [ [ 77.6413797, 12.9053787 ], [ 77.6414152, 12.9053737 ], [ 77.6414082, 12.9053262 ], [ 77.6413728, 12.9053312 ], [ 77.6413797, 12.9053787 ] ] ] } },
{ "type": "Feature", "properties": { "osm_id": "way/347515397", "amenity": null, "shop": null, "office": "coworking", "tourism": null, "healthcare": null, "craft": null, "name": "Workshaala", "addr:housenumber": null, "addr:street": null }, "geometry": { "type": "Polygon", "coordinates": [ [ [ 77.6368071, 12.9163473 ], [ 77.6368264, 12.9165232 ], [ 77.636943, 12.916511 ], [ 77.6369237, 12.9163351 ], [ 77.6368071, 12.9163473 ] ] ] } },
{ "type": "Feature", "properties": { "osm_id": "way/347515438", "amenity": null, "shop": null, "office": "coworking", "tourism": null, "healthcare": null, "craft": null, "name": "Hustlehub", "addr:housenumber": null, "addr:street": null }, "geometry": { "type": "Polygon", "coordinates": [ [ [ 77.6366644, 12.9163561 ], [ 77.6366907, 12.916562 ], [ 77.6368064, 12.916548 ], [ 77.63678, 12.916342 ], [ 77.6366644, 12.9163561 ] ] ] } },
{ "type": "Feature", "properties": { "osm_id": "way/347544364", "amenity": null, "shop": null, "office": "it", "tourism": null, "healthcare": null, "craft": null, "name": "Unizen Technologies", "addr:housenumber": null, "addr:street": null }, "geometry": { "type": "Polygon", "coordinates": [ [ [ 77.6277739, 12.9173317 ], [ 77.6278224, 12.9175219 ], [ 77.627949, 12.9174912 ], [ 77.6279005, 12.9173011 ], [ 77.6277739, 12.9173317 ] ] ] } },
{ "type": "Feature", "properties": { "osm_id": "way/348094902", "amenity": "place_of_worship", "shop": null, "office": null, "tourism": null, "healthcare": null, "craft": null, "name": "Shri Lakshmi Venkateshwara Swamy Temple", "addr:housenumber": null, "addr:street": "Agara Village" }, "geometry": { "type": "Polygon", "coordinates": [ [ [ 77.6477042, 12.9235091 ], [ 77.6479731, 12.9235836 ], [ 77.6480063, 12.9234696 ], [ 77.6477374, 12.9233952 ], [ 77.6477042, 12.9235091 ] ] ] } },
{ "type": "Feature", "properties": { "osm_id": "way/348119736", "amenity": null, "shop": "convenience", "office": null, "tourism": null, "healthcare": null, "craft": null, "name": "In & Out", "addr:housenumber": null, "addr:street": null }, "geometry": { "type": "Polygon", "coordinates": [ [ [ 77.6512492, 12.9200716 ], [ 77.6514417, 12.9200765 ], [ 77.6514435, 12.9200089 ], [ 77.651251, 12.920004 ], [ 77.6512492, 12.9200716 ] ] ] } },
{ "type": "Feature", "properties": { "osm_id": "way/348120773", "amenity": null, "shop": "clothes", "office": null, "tourism": null, "healthcare": null, "craft": null, "name": "Mugdhaa", "addr:housenumber": "2321", "addr:street": "17th Cross Road" }, "geometry": { "type": "Polygon", "coordinates": [ [ [ 77.6510488, 12.9122854 ], [ 77.6511744, 12.9122875 ], [ 77.6511781, 12.9120745 ], [ 77.6510525, 12.9120724 ], [ 77.6510488, 12.9122854 ] ] ] } },
{ "type": "Feature", "properties": { "osm_id": "way/348121196", "amenity": "cinema", "shop": null, "office": null, "tourism": null, "healthcare": null, "craft": null, "name": "Sri Thirumala Theatre", "addr:housenumber": null, "addr:street": null }, "geometry": { "type": "Polygon", "coordinates": [ [ [ 77.6495495, 12.9200573 ], [ 77.6499409, 12.9199874 ], [ 77.649907, 12.9198074 ], [ 77.6495157, 12.9198773 ], [ 77.6495495, 12.9200573 ] ] ] } },
{ "type": "Feature", "properties": { "osm_id": "way/348151436", "amenity": "fast_food", "shop": null, "office": null, "tourism": null, "healthcare": null, "craft": null, "name": "Go Pizza", "addr:housenumber": "2610", "addr:street": null }, "geometry": { "type": "Polygon", "coordinates": [ [ [ 77.6516027, 12.9130063 ], [ 77.6517046, 12.9130078 ], [ 77.651706, 12.9129107 ], [ 77.6516042, 12.9129093 ], [ 77.6516027, 12.9130063 ] ] ] } },
{ "type": "Feature", "properties": { "osm_id": "way/348182203", "amenity": "cafe", "shop": null, "office": null, "tourism": null, "healthcare": null, "craft": null, "name": "Chai House", "addr:housenumber": null, "addr:street": null }, "geometry": { "type": "Polygon", "coordinates": [ [ [ 77.6536155, 12.9127431 ], [ 77.6537162, 12.912736 ], [ 77.6537131, 12.9126933 ], [ 77.6536123, 12.9127004 ], [ 77.6536155, 12.9127431 ] ] ] } },
{ "type": "Feature", "properties": { "osm_id": "way/348182237", "amenity": null, "shop": null, "office": null, "tourism": "hostel", "healthcare": null, "craft": null, "name": "Castor Co-Living", "addr:housenumber": "106", "addr:street": null }, "geometry": { "type": "Polygon", "coordinates": [ [ [ 77.6529607, 12.921256 ], [ 77.6530582, 12.9212478 ], [ 77.6530447, 12.9210949 ], [ 77.6529472, 12.9211031 ], [ 77.6529607, 12.921256 ] ] ] } },
{ "type": "Feature", "properties": { "osm_id": "way/348312260", "amenity": null, "shop": null, "office": null, "tourism": "hotel", "healthcare": null, "craft": null, "name": "FabHotel 4 Seasons", "addr:housenumber": null, "addr:street": null }, "geometry": { "type": "Polygon", "coordinates": [ [ [ 77.6240454, 12.9180281 ], [ 77.6241838, 12.9180334 ], [ 77.624192, 12.9178298 ], [ 77.6240536, 12.9178244 ], [ 77.6240454, 12.9180281 ] ] ] } },
{ "type": "Feature", "properties": { "osm_id": "way/348838962", "amenity": null, "shop": null, "office": "company", "tourism": null, "healthcare": null, "craft": null, "name": "Unbxd", "addr:housenumber": "2732", "addr:street": "16th Cross Road" }, "geometry": { "type": "Polygon", "coordinates": [ [ [ 77.6525347, 12.9127782 ], [ 77.6526322, 12.9127803 ], [ 77.6526361, 12.9126086 ], [ 77.6525386, 12.9126065 ], [ 77.6525347, 12.9127782 ] ] ] } },
{ "type": "Feature", "properties": { "osm_id": "way/348947557", "amenity": "childcare", "shop": null, "office": null, "tourism": null, "healthcare": null, "craft": null, "name": "Footprints", "addr:housenumber": "1", "addr:street": "14th Main Road" }, "geometry": { "type": "Polygon", "coordinates": [ [ [ 77.6384795, 12.9149458 ], [ 77.6383011, 12.9149516 ], [ 77.6383049, 12.9150595 ], [ 77.6384832, 12.9150536 ], [ 77.6384795, 12.9149458 ] ] ] } },
{ "type": "Feature", "properties": { "osm_id": "way/349721443", "amenity": "clinic", "shop": null, "office": null, "tourism": null, "healthcare": "clinic", "craft": null, "name": "Janya Fertility", "addr:housenumber": "2nd Floor, 2317", "addr:street": "27th Main Road" }, "geometry": { "type": "Polygon", "coordinates": [ [ [ 77.6515794, 12.9176261 ], [ 77.6515805, 12.917525 ], [ 77.6514361, 12.9175235 ], [ 77.651435, 12.9176246 ], [ 77.6515794, 12.9176261 ] ] ] } },
{ "type": "Feature", "properties": { "osm_id": "way/349797921", "amenity": null, "shop": null, "office": "company", "tourism": null, "healthcare": null, "craft": null, "name": "Exponent Energy", "addr:housenumber": "611,612", "addr:street": "15th Main Road" }, "geometry": { "type": "Polygon", "coordinates": [ [ [ 77.6400403, 12.9146386 ], [ 77.6401496, 12.9146398 ], [ 77.6401504, 12.9145647 ], [ 77.6400412, 12.9145635 ], [ 77.6400403, 12.9146386 ] ] ] } },
{ "type": "Feature", "properties": { "osm_id": "way/352285555", "amenity": null, "shop": null, "office": null, "tourism": "apartment", "healthcare": null, "craft": null, "name": "Aston Service Apartments", "addr:housenumber": null, "addr:street": null }, "geometry": { "type": "Polygon", "coordinates": [ [ [ 77.651528, 12.923655 ], [ 77.6515146, 12.9235506 ], [ 77.6513211, 12.9235753 ], [ 77.651332, 12.923679 ], [ 77.651528, 12.923655 ] ] ] } },
{ "type": "Feature", "properties": { "osm_id": "way/439766477", "amenity": "toilets", "shop": null, "office": null, "tourism": null, "healthcare": null, "craft": null, "name": null, "addr:housenumber": null, "addr:street": null }, "geometry": { "type": "Polygon", "coordinates": [ [ [ 77.6441646, 12.9216096 ], [ 77.6441887, 12.921637 ], [ 77.6442357, 12.9215977 ], [ 77.6442117, 12.9215703 ], [ 77.6441646, 12.9216096 ] ] ] } },
{ "type": "Feature", "properties": { "osm_id": "way/440070555", "amenity": "grave_yard", "shop": null, "office": null, "tourism": null, "healthcare": null, "craft": null, "name": null, "addr:housenumber": null, "addr:street": null }, "geometry": { "type": "Polygon", "coordinates": [ [ [ 77.6417511, 12.9061086 ], [ 77.6417423, 12.9056537 ], [ 77.641739, 12.9054817 ], [ 77.641966, 12.9054306 ], [ 77.6425736, 12.9053007 ], [ 77.6426031, 12.9061478 ], [ 77.6417511, 12.9061086 ] ] ] } },
{ "type": "Feature", "properties": { "osm_id": "way/440070556", "amenity": "grave_yard", "shop": null, "office": null, "tourism": null, "healthcare": null, "craft": null, "name": null, "addr:housenumber": null, "addr:street": null }, "geometry": { "type": "Polygon", "coordinates": [ [ [ 77.642422, 12.9051392 ], [ 77.642366, 12.9049658 ], [ 77.6423295, 12.9048529 ], [ 77.6418306, 12.9048412 ], [ 77.6418574, 12.9052529 ], [ 77.642422, 12.9051392 ] ] ] } },
{ "type": "Feature", "properties": { "osm_id": "way/609531878", "amenity": "restaurant", "shop": null, "office": null, "tourism": null, "healthcare": null, "craft": null, "name": "Namaste", "addr:housenumber": null, "addr:street": null }, "geometry": { "type": "Polygon", "coordinates": [ [ [ 77.6397488, 12.9116923 ], [ 77.6397636, 12.9119015 ], [ 77.6398899, 12.911893 ], [ 77.639875, 12.9116838 ], [ 77.6397488, 12.9116923 ] ] ] } },
{ "type": "Feature", "properties": { "osm_id": "way/609531882", "amenity": null, "shop": "clothes", "office": null, "tourism": null, "healthcare": null, "craft": null, "name": "Max", "addr:housenumber": "1091", "addr:street": null }, "geometry": { "type": "Polygon", "coordinates": [ [ [ 77.6382166, 12.911703 ], [ 77.6383331, 12.9117003 ], [ 77.6383285, 12.9115084 ], [ 77.638212, 12.9115111 ], [ 77.6382166, 12.911703 ] ] ] } },
{ "type": "Feature", "properties": { "osm_id": "way/610166000", "amenity": "parking", "shop": null, "office": null, "tourism": null, "healthcare": null, "craft": null, "name": null, "addr:housenumber": null, "addr:street": null }, "geometry": { "type": "Polygon", "coordinates": [ [ [ 77.6400492, 12.9244693 ], [ 77.6401351, 12.9244537 ], [ 77.6401525, 12.9244929 ], [ 77.6402182, 12.9244589 ], [ 77.6401512, 12.9242223 ], [ 77.6399996, 12.9242654 ], [ 77.6399835, 12.924285 ], [ 77.6400492, 12.9244693 ] ] ] } },
{ "type": "Feature", "properties": { "osm_id": "way/610388966", "amenity": "parking", "shop": null, "office": null, "tourism": null, "healthcare": null, "craft": null, "name": null, "addr:housenumber": null, "addr:street": null }, "geometry": { "type": "Polygon", "coordinates": [ [ [ 77.6520414, 12.9136791 ], [ 77.6521876, 12.9136809 ], [ 77.6521898, 12.9135057 ], [ 77.6520436, 12.913504 ], [ 77.6520414, 12.9136791 ] ] ] } },
{ "type": "Feature", "properties": { "osm_id": "way/610388969", "amenity": "police", "shop": null, "office": null, "tourism": null, "healthcare": null, "craft": null, "name": "HSR Police station", "addr:housenumber": null, "addr:street": null }, "geometry": { "type": "Polygon", "coordinates": [ [ [ 77.6514175, 12.9202326 ], [ 77.6511906, 12.9202352 ], [ 77.6511892, 12.920122 ], [ 77.6513652, 12.9201199 ], [ 77.6513659, 12.9201771 ], [ 77.6514168, 12.9201765 ], [ 77.6514175, 12.9202326 ] ] ] } },
{ "type": "Feature", "properties": { "osm_id": "way/611698410", "amenity": "hospital", "shop": null, "office": null, "tourism": null, "healthcare": "hospital", "craft": null, "name": "touchwood", "addr:housenumber": "1587", "addr:street": null }, "geometry": { "type": "Polygon", "coordinates": [ [ [ 77.6510534, 12.9060582 ], [ 77.6512042, 12.9060412 ], [ 77.6511923, 12.9059408 ], [ 77.6510415, 12.9059578 ], [ 77.6510534, 12.9060582 ] ] ] } },
{ "type": "Feature", "properties": { "osm_id": "way/631197946", "amenity": "fuel", "shop": null, "office": null, "tourism": null, "healthcare": null, "craft": null, "name": "Petronas", "addr:housenumber": null, "addr:street": null }, "geometry": { "type": "Polygon", "coordinates": [ [ [ 77.640719, 12.9240966 ], [ 77.6409094, 12.9240496 ], [ 77.6408007, 12.9236825 ], [ 77.6406224, 12.9237542 ], [ 77.640719, 12.9240966 ] ] ] } },
{ "type": "Feature", "properties": { "osm_id": "way/631319101", "amenity": null, "shop": "convenience", "office": null, "tourism": null, "healthcare": null, "craft": null, "name": null, "addr:housenumber": null, "addr:street": null }, "geometry": { "type": "Polygon", "coordinates": [ [ [ 77.6384304, 12.9152858 ], [ 77.6385282, 12.9152862 ], [ 77.6385285, 12.9152137 ], [ 77.6384307, 12.9152133 ], [ 77.6384304, 12.9152858 ] ] ] } },
{ "type": "Feature", "properties": { "osm_id": "way/655022860", "amenity": "fuel", "shop": null, "office": null, "tourism": null, "healthcare": null, "craft": null, "name": "Samahita Fuelling Station", "addr:housenumber": "415", "addr:street": "27th Main Road" }, "geometry": { "type": "Polygon", "coordinates": [ [ [ 77.6514929, 12.9200956 ], [ 77.6511576, 12.9201087 ], [ 77.6511576, 12.9197884 ], [ 77.6514982, 12.9197767 ], [ 77.6514929, 12.9200956 ] ] ] } },
{ "type": "Feature", "properties": { "osm_id": "way/655022868", "amenity": "restaurant", "shop": null, "office": null, "tourism": null, "healthcare": null, "craft": null, "name": "Al-Daaz", "addr:housenumber": "64,65", "addr:street": null }, "geometry": { "type": "Polygon", "coordinates": [ [ [ 77.651378, 12.9209881 ], [ 77.6514706, 12.9209847 ], [ 77.6514651, 12.9209008 ], [ 77.6514641, 12.9208521 ], [ 77.6514737, 12.9207712 ], [ 77.6514769, 12.9207141 ], [ 77.6514729, 12.9206563 ], [ 77.6513655, 12.9206665 ], [ 77.651378, 12.9209881 ] ] ] } },
{ "type": "Feature", "properties": { "osm_id": "way/662821262", "amenity": null, "shop": "furniture", "office": null, "tourism": null, "healthcare": null, "craft": null, "name": "Pepperfry", "addr:housenumber": "491", "addr:street": "17th Cross Road" }, "geometry": { "type": "Polygon", "coordinates": [ [ [ 77.6504394, 12.9118127 ], [ 77.6503321, 12.9118113 ], [ 77.6503347, 12.9116296 ], [ 77.6504419, 12.911631 ], [ 77.6504394, 12.9118127 ] ] ] } },
{ "type": "Feature", "properties": { "osm_id": "way/781283907", "amenity": null, "shop": null, "office": null, "tourism": "hotel", "healthcare": null, "craft": null, "name": "Inn@Silicon Valley", "addr:housenumber": null, "addr:street": null }, "geometry": { "type": "Polygon", "coordinates": [ [ [ 77.6238648, 12.9179546 ], [ 77.6238518, 12.9179538 ], [ 77.6238497, 12.9179863 ], [ 77.6237653, 12.9179813 ], [ 77.6237671, 12.9179541 ], [ 77.6237524, 12.9179532 ], [ 77.6237552, 12.9179074 ], [ 77.6237371, 12.9179063 ], [ 77.6237451, 12.9177794 ], [ 77.6238753, 12.9177872 ], [ 77.6238648, 12.9179546 ] ] ] } },
{ "type": "Feature", "properties": { "osm_id": "way/781287754", "amenity": "place_of_worship", "shop": null, "office": null, "tourism": null, "healthcare": null, "craft": null, "name": null, "addr:housenumber": null, "addr:street": null }, "geometry": { "type": "Polygon", "coordinates": [ [ [ 77.6481397, 12.9238651 ], [ 77.6478912, 12.923854 ], [ 77.6478838, 12.9240117 ], [ 77.6481323, 12.9240228 ], [ 77.6481397, 12.9238651 ] ] ] } },
{ "type": "Feature", "properties": { "osm_id": "way/1037897709", "amenity": null, "shop": null, "office": "it", "tourism": null, "healthcare": null, "craft": null, "name": "TruEstate (IQOL Technologies)", "addr:housenumber": "1579", "addr:street": "27th Main Rd, Sector 2, HSR Layout" }, "geometry": { "type": "Polygon", "coordinates": [ [ [ 77.6508354, 12.9050686 ], [ 77.6508579, 12.9051269 ], [ 77.6509964, 12.9051137 ], [ 77.6509612, 12.9050225 ], [ 77.6508354, 12.9050686 ] ] ] } },
{ "type": "Feature", "properties": { "osm_id": "way/1050019895", "amenity": "college", "shop": null, "office": null, "tourism": null, "healthcare": null, "craft": null, "name": "Government First Grade College", "addr:housenumber": null, "addr:street": null }, "geometry": { "type": "Polygon", "coordinates": [ [ [ 77.6502338, 12.914998 ], [ 77.6508723, 12.9150021 ], [ 77.6509166, 12.9144962 ], [ 77.6502368, 12.9144843 ], [ 77.6502338, 12.914998 ] ] ] } },
{ "type": "Feature", "properties": { "osm_id": "way/1050019898", "amenity": "kindergarten", "shop": null, "office": null, "tourism": null, "healthcare": null, "craft": null, "name": "Sanfort Play School", "addr:housenumber": null, "addr:street": null }, "geometry": { "type": "Polygon", "coordinates": [ [ [ 77.6502338, 12.914998 ], [ 77.649806, 12.9149956 ], [ 77.6498089, 12.914482 ], [ 77.6502368, 12.9144843 ], [ 77.6502338, 12.914998 ] ] ] } },
{ "type": "Feature", "properties": { "osm_id": "way/1050019902", "amenity": null, "shop": null, "office": "government", "tourism": null, "healthcare": null, "craft": null, "name": "BESCOM", "addr:housenumber": null, "addr:street": null }, "geometry": { "type": "Polygon", "coordinates": [ [ [ 77.6479453, 12.9117798 ], [ 77.6489728, 12.9118205 ], [ 77.6490927, 12.9108557 ], [ 77.6471548, 12.911036 ], [ 77.6470773, 12.9118182 ], [ 77.6474918, 12.911783 ], [ 77.6474991, 12.9114965 ], [ 77.6479502, 12.9115013 ], [ 77.6479453, 12.9117798 ] ] ] } },
{ "type": "Feature", "properties": { "osm_id": "way/1050019908", "amenity": "events_venue", "shop": null, "office": null, "tourism": null, "healthcare": null, "craft": null, "name": "Siddhartha Convention Center", "addr:housenumber": null, "addr:street": null }, "geometry": { "type": "Polygon", "coordinates": [ [ [ 77.6502912, 12.9057079 ], [ 77.6498088, 12.9057301 ], [ 77.6497914, 12.9052987 ], [ 77.6502241, 12.9052817 ], [ 77.6502912, 12.9057079 ] ] ] } },
{ "type": "Feature", "properties": { "osm_id": "way/1066726710", "amenity": "bus_station", "shop": null, "office": null, "tourism": null, "healthcare": null, "craft": null, "name": null, "addr:housenumber": null, "addr:street": null }, "geometry": { "type": "Polygon", "coordinates": [ [ [ 77.6230715, 12.9185454 ], [ 77.6238111, 12.9183247 ], [ 77.623841, 12.9180242 ], [ 77.623727, 12.9180216 ], [ 77.6237351, 12.9177563 ], [ 77.6235661, 12.917717 ], [ 77.6235499, 12.9178133 ], [ 77.6230135, 12.917898 ], [ 77.6227515, 12.918243 ], [ 77.6225202, 12.9181787 ], [ 77.6223441, 12.9184434 ], [ 77.6230715, 12.9185454 ] ] ] } },
{ "type": "Feature", "properties": { "osm_id": "way/1066915258", "amenity": null, "shop": null, "office": null, "tourism": null, "healthcare": "laboratory", "craft": null, "name": "Anand Diagnostic Lab", "addr:housenumber": "511", "addr:street": null }, "geometry": { "type": "Polygon", "coordinates": [ [ [ 77.6412384, 12.9140917 ], [ 77.6412153, 12.9139896 ], [ 77.6413622, 12.9139581 ], [ 77.6413852, 12.9140602 ], [ 77.6412384, 12.9140917 ] ] ] } },
{ "type": "Feature", "properties": { "osm_id": "way/1069600848", "amenity": "community_centre", "shop": null, "office": null, "tourism": null, "healthcare": null, "craft": null, "name": "Samudaya Bhavan", "addr:housenumber": null, "addr:street": null }, "geometry": { "type": "Polygon", "coordinates": [ [ [ 77.6223441, 12.9184434 ], [ 77.6230715, 12.9185454 ], [ 77.6238111, 12.9183247 ], [ 77.624014, 12.9188778 ], [ 77.6239752, 12.9189039 ], [ 77.6234213, 12.9192595 ], [ 77.6227648, 12.9193302 ], [ 77.6224764, 12.9193639 ], [ 77.6214941, 12.9194948 ], [ 77.6223441, 12.9184434 ] ] ] } },
{ "type": "Feature", "properties": { "osm_id": "way/1071442327", "amenity": null, "shop": "clothes", "office": null, "tourism": null, "healthcare": null, "craft": null, "name": "Snitch", "addr:housenumber": "1099", "addr:street": null }, "geometry": { "type": "Polygon", "coordinates": [ [ [ 77.6382084, 12.911173 ], [ 77.6383239, 12.9111692 ], [ 77.6383159, 12.9109397 ], [ 77.6382004, 12.9109435 ], [ 77.6382084, 12.911173 ] ] ] } },
{ "type": "Feature", "properties": { "osm_id": "way/1071442339", "amenity": null, "shop": "dairy", "office": null, "tourism": null, "healthcare": null, "craft": null, "name": "Nandini Milk Shop", "addr:housenumber": null, "addr:street": null }, "geometry": { "type": "Polygon", "coordinates": [ [ [ 77.6379432, 12.913928 ], [ 77.6380039, 12.9139262 ], [ 77.6380025, 12.9138783 ], [ 77.6379417, 12.9138801 ], [ 77.6379432, 12.913928 ] ] ] } },
{ "type": "Feature", "properties": { "osm_id": "way/1071642356", "amenity": null, "shop": "clothes", "office": null, "tourism": null, "healthcare": null, "craft": null, "name": "Reliance Trends", "addr:housenumber": null, "addr:street": null }, "geometry": { "type": "Polygon", "coordinates": [ [ [ 77.6341808, 12.9127534 ], [ 77.6343115, 12.9127542 ], [ 77.6343128, 12.9125501 ], [ 77.6341821, 12.9125493 ], [ 77.6341808, 12.9127534 ] ] ] } },
{ "type": "Feature", "properties": { "osm_id": "way/1089884358", "amenity": "restaurant", "shop": null, "office": null, "tourism": null, "healthcare": null, "craft": null, "name": "Rashtrakutas", "addr:housenumber": "1791", "addr:street": null }, "geometry": { "type": "Polygon", "coordinates": [ [ [ 77.64483, 12.9135393 ], [ 77.6448332, 12.9136632 ], [ 77.6450559, 12.9136576 ], [ 77.6450527, 12.9135338 ], [ 77.64483, 12.9135393 ] ] ] } },
{ "type": "Feature", "properties": { "osm_id": "way/1089884368", "amenity": "hospital", "shop": null, "office": null, "tourism": null, "healthcare": "hospital", "craft": null, "name": "Phoenix Hospital", "addr:housenumber": null, "addr:street": null }, "geometry": { "type": "Polygon", "coordinates": [ [ [ 77.6449292, 12.9166964 ], [ 77.6451801, 12.9166878 ], [ 77.6451742, 12.9165238 ], [ 77.6449233, 12.9165324 ], [ 77.6449292, 12.9166964 ] ] ] } },
{ "type": "Feature", "properties": { "osm_id": "way/1089884373", "amenity": "cafe", "shop": null, "office": null, "tourism": null, "healthcare": null, "craft": null, "name": "Irani Chai", "addr:housenumber": null, "addr:street": null }, "geometry": { "type": "Polygon", "coordinates": [ [ [ 77.644209, 12.9138288 ], [ 77.6443709, 12.913814 ], [ 77.6443613, 12.9137151 ], [ 77.6441995, 12.9137299 ], [ 77.644209, 12.9138288 ] ] ] } },
{ "type": "Feature", "properties": { "osm_id": "way/1097511843", "amenity": "toilets", "shop": null, "office": null, "tourism": null, "healthcare": null, "craft": null, "name": null, "addr:housenumber": null, "addr:street": null }, "geometry": { "type": "Polygon", "coordinates": [ [ [ 77.6516362, 12.9218246 ], [ 77.6516616, 12.9218243 ], [ 77.6516607, 12.9217321 ], [ 77.6516353, 12.9217323 ], [ 77.6516362, 12.9218246 ] ] ] } },
{ "type": "Feature", "properties": { "osm_id": "way/1097519302", "amenity": null, "shop": "jewelry", "office": null, "tourism": null, "healthcare": null, "craft": null, "name": "Malabar Gold", "addr:housenumber": "2320", "addr:street": "17th Cross Road" }, "geometry": { "type": "Polygon", "coordinates": [ [ [ 77.6511853, 12.9122843 ], [ 77.6513247, 12.9122862 ], [ 77.6513276, 12.9120881 ], [ 77.6511882, 12.9120862 ], [ 77.6511853, 12.9122843 ] ] ] } },
{ "type": "Feature", "properties": { "osm_id": "way/1097519305", "amenity": "pub", "shop": null, "office": null, "tourism": null, "healthcare": null, "craft": null, "name": "Hangover", "addr:housenumber": "2324", "addr:street": null }, "geometry": { "type": "Polygon", "coordinates": [ [ [ 77.6506066, 12.9122658 ], [ 77.650745, 12.9122675 ], [ 77.6507478, 12.9120539 ], [ 77.6506094, 12.9120522 ], [ 77.6506066, 12.9122658 ] ] ] } },
{ "type": "Feature", "properties": { "osm_id": "way/1097519307", "amenity": "hospital", "shop": null, "office": null, "tourism": null, "healthcare": "hospital", "craft": null, "name": "Bhoomi Diagnostics", "addr:housenumber": null, "addr:street": null }, "geometry": { "type": "Polygon", "coordinates": [ [ [ 77.6494731, 12.9118088 ], [ 77.6494764, 12.9115865 ], [ 77.649615, 12.9115885 ], [ 77.6496117, 12.9118108 ], [ 77.6494731, 12.9118088 ] ] ] } },
{ "type": "Feature", "properties": { "osm_id": "way/1097526523", "amenity": "kindergarten", "shop": null, "office": null, "tourism": null, "healthcare": null, "craft": null, "name": "Little Millenium Preschool", "addr:housenumber": null, "addr:street": null }, "geometry": { "type": "Polygon", "coordinates": [ [ [ 77.6392585, 12.9127937 ], [ 77.6392539, 12.9126048 ], [ 77.6393971, 12.9126015 ], [ 77.6394017, 12.9127904 ], [ 77.6392585, 12.9127937 ] ] ] } },
{ "type": "Feature", "properties": { "osm_id": "way/1097526524", "amenity": "kindergarten", "shop": null, "office": null, "tourism": null, "healthcare": null, "craft": null, "name": "Oxford International Preschool", "addr:housenumber": null, "addr:street": null }, "geometry": { "type": "Polygon", "coordinates": [ [ [ 77.639112, 12.9127981 ], [ 77.6392585, 12.9127937 ], [ 77.6392539, 12.9126048 ], [ 77.639112, 12.9126012 ], [ 77.639112, 12.9127981 ] ] ] } },
{ "type": "Feature", "properties": { "osm_id": "way/1099659542", "amenity": "shelter", "shop": null, "office": null, "tourism": null, "healthcare": null, "craft": null, "name": null, "addr:housenumber": null, "addr:street": null }, "geometry": { "type": "Polygon", "coordinates": [ [ [ 77.6411781, 12.9109899 ], [ 77.6411682, 12.9109768 ], [ 77.6411545, 12.9109674 ], [ 77.6411385, 12.9109628 ], [ 77.6411218, 12.9109634 ], [ 77.6411062, 12.9109691 ], [ 77.6410932, 12.9109794 ], [ 77.6410843, 12.9109931 ], [ 77.6410804, 12.9110089 ], [ 77.6410818, 12.9110252 ], [ 77.6410884, 12.9110401 ], [ 77.6411004, 12.9110529 ], [ 77.6411162, 12.9110609 ], [ 77.6411338, 12.9110633 ], [ 77.6411512, 12.9110597 ], [ 77.6411664, 12.9110506 ], [ 77.6411774, 12.911037 ], [ 77.641183, 12.9110217 ], [ 77.6411832, 12.9110054 ], [ 77.6411781, 12.9109899 ] ] ] } },
{ "type": "Feature", "properties": { "osm_id": "way/1099659544", "amenity": "shelter", "shop": null, "office": null, "tourism": null, "healthcare": null, "craft": null, "name": null, "addr:housenumber": null, "addr:street": null }, "geometry": { "type": "Polygon", "coordinates": [ [ [ 77.6402824, 12.9111 ], [ 77.6402683, 12.9110891 ], [ 77.640238, 12.9110886 ], [ 77.6402206, 12.911113 ], [ 77.6402229, 12.9111217 ], [ 77.6402272, 12.9111385 ], [ 77.6402423, 12.9111474 ], [ 77.640272, 12.9111463 ], [ 77.6402874, 12.9111244 ], [ 77.6402824, 12.9111 ] ] ] } },
{ "type": "Feature", "properties": { "osm_id": "way/1099659545", "amenity": null, "shop": "dairy", "office": null, "tourism": null, "healthcare": null, "craft": null, "name": "Nandini", "addr:housenumber": null, "addr:street": null }, "geometry": { "type": "Polygon", "coordinates": [ [ [ 77.6416322, 12.9115504 ], [ 77.6416778, 12.9115514 ], [ 77.6416798, 12.9114704 ], [ 77.6416343, 12.9114693 ], [ 77.6416322, 12.9115504 ] ] ] } },
{ "type": "Feature", "properties": { "osm_id": "way/1099659549", "amenity": "kindergarten", "shop": null, "office": null, "tourism": null, "healthcare": null, "craft": null, "name": "Hive Preschool", "addr:housenumber": null, "addr:street": null }, "geometry": { "type": "Polygon", "coordinates": [ [ [ 77.6390145, 12.912596 ], [ 77.6391552, 12.9125939 ], [ 77.6391523, 12.9124118 ], [ 77.6390115, 12.912414 ], [ 77.6390145, 12.912596 ] ] ] } },
{ "type": "Feature", "properties": { "osm_id": "way/1099659564", "amenity": null, "shop": "interior_decoration", "office": null, "tourism": null, "healthcare": null, "craft": null, "name": "Amber Home Interior", "addr:housenumber": null, "addr:street": null }, "geometry": { "type": "Polygon", "coordinates": [ [ [ 77.6395588, 12.9091566 ], [ 77.6397162, 12.9091528 ], [ 77.6397137, 12.9090534 ], [ 77.6395562, 12.9090572 ], [ 77.6395588, 12.9091566 ] ] ] } },
{ "type": "Feature", "properties": { "osm_id": "way/1099659590", "amenity": "fuel", "shop": null, "office": null, "tourism": null, "healthcare": null, "craft": null, "name": "Shell", "addr:housenumber": null, "addr:street": null }, "geometry": { "type": "Polygon", "coordinates": [ [ [ 77.6438637, 12.9087667 ], [ 77.6438791, 12.9090717 ], [ 77.6442151, 12.9090556 ], [ 77.6441997, 12.9087507 ], [ 77.6438637, 12.9087667 ] ] ] } },
{ "type": "Feature", "properties": { "osm_id": "way/1099665394", "amenity": "fuel", "shop": null, "office": null, "tourism": null, "healthcare": null, "craft": null, "name": "Indian Oil", "addr:housenumber": null, "addr:street": "19th Main" }, "geometry": { "type": "Polygon", "coordinates": [ [ [ 77.6446034, 12.9074768 ], [ 77.6445947, 12.9071884 ], [ 77.6450412, 12.9071706 ], [ 77.6450577, 12.9074337 ], [ 77.6446034, 12.9074768 ] ] ] } },
{ "type": "Feature", "properties": { "osm_id": "way/1099665401", "amenity": "school", "shop": null, "office": null, "tourism": null, "healthcare": null, "craft": null, "name": "Cambridge School ICSE", "addr:housenumber": null, "addr:street": null }, "geometry": { "type": "Polygon", "coordinates": [ [ [ 77.6450262, 12.9082542 ], [ 77.644988, 12.9075093 ], [ 77.6454037, 12.9074701 ], [ 77.6455068, 12.9082304 ], [ 77.6450262, 12.9082542 ] ] ] } },
{ "type": "Feature", "properties": { "osm_id": "way/1099665412", "amenity": "hospital", "shop": null, "office": null, "tourism": null, "healthcare": "hospital", "craft": null, "name": "Narayana Multispeciality Hospital", "addr:housenumber": null, "addr:street": null }, "geometry": { "type": "Polygon", "coordinates": [ [ [ 77.6434064, 12.907887 ], [ 77.6434301, 12.9084693 ], [ 77.6436156, 12.9084622 ], [ 77.6435919, 12.9078798 ], [ 77.6434064, 12.907887 ] ] ] } },
{ "type": "Feature", "properties": { "osm_id": "way/1099665569", "amenity": "restaurant", "shop": null, "office": null, "tourism": null, "healthcare": null, "craft": null, "name": "Udupi Food Park", "addr:housenumber": "521/A", "addr:street": null }, "geometry": { "type": "Polygon", "coordinates": [ [ [ 77.6439254, 12.9050118 ], [ 77.6440649, 12.9050072 ], [ 77.6440619, 12.9049217 ], [ 77.6439224, 12.9049263 ], [ 77.6439254, 12.9050118 ] ] ] } },
{ "type": "Feature", "properties": { "osm_id": "way/1112431147", "amenity": "place_of_worship", "shop": null, "office": null, "tourism": null, "healthcare": null, "craft": null, "name": "Sri Muneshwara & Saptha Matruka Temple", "addr:housenumber": null, "addr:street": null }, "geometry": { "type": "Polygon", "coordinates": [ [ [ 77.6407494, 12.9141982 ], [ 77.6407102, 12.9138437 ], [ 77.6410847, 12.9137969 ], [ 77.6411123, 12.9141107 ], [ 77.6407494, 12.9141982 ] ] ] } },
{ "type": "Feature", "properties": { "osm_id": "way/1112431148", "amenity": "place_of_worship", "shop": null, "office": null, "tourism": null, "healthcare": null, "craft": null, "name": null, "addr:housenumber": null, "addr:street": null }, "geometry": { "type": "Polygon", "coordinates": [ [ [ 77.6407737, 12.9139883 ], [ 77.6410984, 12.9139453 ], [ 77.6410808, 12.9138192 ], [ 77.6407561, 12.9138621 ], [ 77.6407737, 12.9139883 ] ] ] } },
{ "type": "Feature", "properties": { "osm_id": "way/1118421373", "amenity": null, "shop": null, "office": "government", "tourism": null, "healthcare": null, "craft": null, "name": "HSR Layout BSNL Office", "addr:housenumber": null, "addr:street": null }, "geometry": { "type": "Polygon", "coordinates": [ [ [ 77.6536967, 12.9121158 ], [ 77.6535961, 12.9121184 ], [ 77.6535813, 12.9116753 ], [ 77.6540761, 12.9116671 ], [ 77.6540293, 12.9121028 ], [ 77.6536967, 12.9121158 ] ] ] } },
{ "type": "Feature", "properties": { "osm_id": "way/1125988168", "amenity": null, "shop": null, "office": "government", "tourism": null, "healthcare": null, "craft": null, "name": "BWSSB", "addr:housenumber": null, "addr:street": null }, "geometry": { "type": "Polygon", "coordinates": [ [ [ 77.6396379, 12.9256331 ], [ 77.6402468, 12.9256171 ], [ 77.6402454, 12.9255612 ], [ 77.6402145, 12.9246162 ], [ 77.6396084, 12.9246449 ], [ 77.6396379, 12.9256331 ] ] ] } },
{ "type": "Feature", "properties": { "osm_id": "way/1125988175", "amenity": null, "shop": null, "office": "government", "tourism": null, "healthcare": null, "craft": null, "name": "HSR Layout RTO", "addr:housenumber": null, "addr:street": null }, "geometry": { "type": "Polygon", "coordinates": [ [ [ 77.6459652, 12.9215901 ], [ 77.6459518, 12.9215529 ], [ 77.6468429, 12.92143 ], [ 77.6467404, 12.9222267 ], [ 77.6459652, 12.9215901 ] ] ] } },
{ "type": "Feature", "properties": { "osm_id": "way/1126736127", "amenity": "community_centre", "shop": null, "office": null, "tourism": null, "healthcare": null, "craft": null, "name": "Samarthana Trust for the Disabled", "addr:housenumber": null, "addr:street": null }, "geometry": { "type": "Polygon", "coordinates": [ [ [ 77.6412351, 12.9149955 ], [ 77.6415905, 12.9149864 ], [ 77.6415624, 12.9141694 ], [ 77.641215, 12.9142583 ], [ 77.6412351, 12.9149955 ] ] ] } },
{ "type": "Feature", "properties": { "osm_id": "way/1141416726", "amenity": "school", "shop": null, "office": null, "tourism": null, "healthcare": null, "craft": null, "name": null, "addr:housenumber": null, "addr:street": null }, "geometry": { "type": "Polygon", "coordinates": [ [ [ 77.6417511, 12.9061086 ], [ 77.6412901, 12.9060778 ], [ 77.6412794, 12.905602 ], [ 77.641739, 12.9054817 ], [ 77.6417423, 12.9056537 ], [ 77.6417511, 12.9061086 ] ] ] } },
{ "type": "Feature", "properties": { "osm_id": "way/1167472784", "amenity": null, "shop": null, "office": "government", "tourism": null, "healthcare": null, "craft": null, "name": "Central Ground Water Board", "addr:housenumber": null, "addr:street": null }, "geometry": { "type": "Polygon", "coordinates": [ [ [ 77.6503506, 12.9206137 ], [ 77.6507342, 12.9205902 ], [ 77.650525, 12.9198739 ], [ 77.6501307, 12.9198216 ], [ 77.6503506, 12.9206137 ] ] ] } },
{ "type": "Feature", "properties": { "osm_id": "way/1182171971", "amenity": null, "shop": null, "office": "coworking", "tourism": null, "healthcare": null, "craft": null, "name": "315 Work Avenue", "addr:housenumber": null, "addr:street": null }, "geometry": { "type": "Polygon", "coordinates": [ [ [ 77.6325313, 12.9129985 ], [ 77.6327202, 12.9129968 ], [ 77.6327181, 12.9127808 ], [ 77.6325292, 12.9127825 ], [ 77.6325313, 12.9129985 ] ] ] } },
{ "type": "Feature", "properties": { "osm_id": "way/1188968077", "amenity": "school", "shop": null, "office": null, "tourism": null, "healthcare": null, "craft": null, "name": null, "addr:housenumber": null, "addr:street": null }, "geometry": { "type": "Polygon", "coordinates": [ [ [ 77.6469516, 12.901511 ], [ 77.6471045, 12.9010037 ], [ 77.6485188, 12.9012105 ], [ 77.6484937, 12.9017335 ], [ 77.6469516, 12.901511 ] ] ] } },
{ "type": "Feature", "properties": { "osm_id": "way/1196119399", "amenity": "place_of_worship", "shop": null, "office": null, "tourism": null, "healthcare": null, "craft": null, "name": null, "addr:housenumber": null, "addr:street": null }, "geometry": { "type": "Polygon", "coordinates": [ [ [ 77.6497565, 12.923943 ], [ 77.6494431, 12.9237945 ], [ 77.6494735, 12.9235692 ], [ 77.6498276, 12.9236319 ], [ 77.6497565, 12.923943 ] ] ] } },
{ "type": "Feature", "properties": { "osm_id": "way/1196119400", "amenity": "place_of_worship", "shop": null, "office": null, "tourism": null, "healthcare": null, "craft": null, "name": null, "addr:housenumber": null, "addr:street": null }, "geometry": { "type": "Polygon", "coordinates": [ [ [ 77.650071, 12.924243 ], [ 77.649489, 12.924226 ], [ 77.6494903, 12.9239116 ], [ 77.6500757, 12.9241783 ], [ 77.650071, 12.924243 ] ] ] } },
{ "type": "Feature", "properties": { "osm_id": "way/1196119401", "amenity": "place_of_worship", "shop": null, "office": null, "tourism": null, "healthcare": null, "craft": null, "name": null, "addr:housenumber": null, "addr:street": null }, "geometry": { "type": "Polygon", "coordinates": [ [ [ 77.6502407, 12.9241704 ], [ 77.6498571, 12.9239809 ], [ 77.6499054, 12.9238554 ], [ 77.6503037, 12.9239482 ], [ 77.6502407, 12.9241704 ] ] ] } },
{ "type": "Feature", "properties": { "osm_id": "way/1206400796", "amenity": "toilets", "shop": null, "office": null, "tourism": null, "healthcare": null, "craft": null, "name": null, "addr:housenumber": null, "addr:street": null }, "geometry": { "type": "Polygon", "coordinates": [ [ [ 77.645058, 12.9108166 ], [ 77.6452122, 12.9108012 ], [ 77.6452068, 12.9107502 ], [ 77.6450526, 12.9107657 ], [ 77.645058, 12.9108166 ] ] ] } },
{ "type": "Feature", "properties": { "osm_id": "way/1206400799", "amenity": "toilets", "shop": null, "office": null, "tourism": null, "healthcare": null, "craft": null, "name": null, "addr:housenumber": null, "addr:street": null }, "geometry": { "type": "Polygon", "coordinates": [ [ [ 77.6451735, 12.9119486 ], [ 77.6453417, 12.9119387 ], [ 77.6453376, 12.9118712 ], [ 77.6451693, 12.9118812 ], [ 77.6451735, 12.9119486 ] ] ] } },
{ "type": "Feature", "properties": { "osm_id": "way/1213822197", "amenity": "parking", "shop": null, "office": null, "tourism": null, "healthcare": null, "craft": null, "name": null, "addr:housenumber": null, "addr:street": null }, "geometry": { "type": "Polygon", "coordinates": [ [ [ 77.652461, 12.9136474 ], [ 77.6527071, 12.9136509 ], [ 77.6527081, 12.9135803 ], [ 77.6524621, 12.9135768 ], [ 77.652461, 12.9136474 ] ] ] } },
{ "type": "Feature", "properties": { "osm_id": "way/1214393457", "amenity": null, "shop": null, "office": "company", "tourism": null, "healthcare": null, "craft": null, "name": "Dukaan", "addr:housenumber": null, "addr:street": null }, "geometry": { "type": "Polygon", "coordinates": [ [ [ 77.6327403, 12.9127654 ], [ 77.6328681, 12.9127646 ], [ 77.6328668, 12.9125559 ], [ 77.632739, 12.9125567 ], [ 77.6327403, 12.9127654 ] ] ] } },
{ "type": "Feature", "properties": { "osm_id": "way/1214393458", "amenity": null, "shop": null, "office": "yes", "tourism": null, "healthcare": null, "craft": null, "name": null, "addr:housenumber": null, "addr:street": null }, "geometry": { "type": "Polygon", "coordinates": [ [ [ 77.6332929, 12.9134422 ], [ 77.6334023, 12.913441 ], [ 77.6334007, 12.9132934 ], [ 77.6332913, 12.9132945 ], [ 77.6332929, 12.9134422 ] ] ] } },
{ "type": "Feature", "properties": { "osm_id": "way/1215278393", "amenity": null, "shop": "jewelry", "office": null, "tourism": null, "healthcare": null, "craft": null, "name": "Neelakanthi", "addr:housenumber": null, "addr:street": null }, "geometry": { "type": "Polygon", "coordinates": [ [ [ 77.6338715, 12.9127557 ], [ 77.6340026, 12.9127555 ], [ 77.6340022, 12.9125635 ], [ 77.6338712, 12.9125637 ], [ 77.6338715, 12.9127557 ] ] ] } },
{ "type": "Feature", "properties": { "osm_id": "way/1219736767", "amenity": null, "shop": "plant_nursery", "office": null, "tourism": null, "healthcare": null, "craft": null, "name": null, "addr:housenumber": null, "addr:street": null }, "geometry": { "type": "Polygon", "coordinates": [ [ [ 77.6280028, 12.9135654 ], [ 77.6281477, 12.913535 ], [ 77.6281895, 12.9137241 ], [ 77.6280445, 12.9137545 ], [ 77.6280028, 12.9135654 ] ] ] } },
{ "type": "Feature", "properties": { "osm_id": "way/1222502578", "amenity": "cafe", "shop": null, "office": null, "tourism": null, "healthcare": null, "craft": null, "name": "Third Wave Coffee", "addr:housenumber": null, "addr:street": null }, "geometry": { "type": "Polygon", "coordinates": [ [ [ 77.6501674, 12.9118163 ], [ 77.6502055, 12.9118167 ], [ 77.6502889, 12.9118175 ], [ 77.6502899, 12.911732 ], [ 77.6501677, 12.9117312 ], [ 77.6501674, 12.9118163 ] ] ] } },
{ "type": "Feature", "properties": { "osm_id": "way/1236087650", "amenity": "restaurant", "shop": null, "office": null, "tourism": null, "healthcare": null, "craft": null, "name": "Silbatti", "addr:housenumber": "171", "addr:street": null }, "geometry": { "type": "Polygon", "coordinates": [ [ [ 77.6444616, 12.9162811 ], [ 77.6447013, 12.9162757 ], [ 77.6446984, 12.9161524 ], [ 77.6444587, 12.9161578 ], [ 77.6444616, 12.9162811 ] ] ] } },
{ "type": "Feature", "properties": { "osm_id": "way/1236087654", "amenity": "parking", "shop": null, "office": null, "tourism": null, "healthcare": null, "craft": null, "name": "Urbanrise Parking", "addr:housenumber": null, "addr:street": null }, "geometry": { "type": "Polygon", "coordinates": [ [ [ 77.6440957, 12.9154589 ], [ 77.644081, 12.915355 ], [ 77.6439241, 12.9153792 ], [ 77.6439402, 12.9154609 ], [ 77.6440957, 12.9154589 ] ] ] } },
{ "type": "Feature", "properties": { "osm_id": "way/1241299216", "amenity": "place_of_worship", "shop": null, "office": null, "tourism": null, "healthcare": null, "craft": null, "name": "Sri Seetharama Temple", "addr:housenumber": null, "addr:street": null }, "geometry": { "type": "Polygon", "coordinates": [ [ [ 77.6500187, 12.9240195 ], [ 77.6502263, 12.9240888 ], [ 77.6502672, 12.9239725 ], [ 77.6500596, 12.9239031 ], [ 77.6500187, 12.9240195 ] ] ] } },
{ "type": "Feature", "properties": { "osm_id": "way/1252339219", "amenity": "shelter", "shop": null, "office": null, "tourism": null, "healthcare": null, "craft": null, "name": null, "addr:housenumber": null, "addr:street": null }, "geometry": { "type": "Polygon", "coordinates": [ [ [ 77.6441438, 12.9215774 ], [ 77.6441652, 12.9215854 ], [ 77.6441873, 12.9215666 ], [ 77.6441852, 12.9215417 ], [ 77.6441569, 12.9215316 ], [ 77.6441397, 12.9215505 ], [ 77.6441438, 12.9215774 ] ] ] } },
{ "type": "Feature", "properties": { "osm_id": "way/1254626816", "amenity": "shelter", "shop": null, "office": null, "tourism": null, "healthcare": null, "craft": null, "name": null, "addr:housenumber": null, "addr:street": null }, "geometry": { "type": "Polygon", "coordinates": [ [ [ 77.6398359, 12.9110214 ], [ 77.6398772, 12.9110209 ], [ 77.6399284, 12.9110204 ], [ 77.6399273, 12.9109271 ], [ 77.6398348, 12.9109281 ], [ 77.6398359, 12.9110214 ] ] ] } },
{ "type": "Feature", "properties": { "osm_id": "way/1272669581", "amenity": "toilets", "shop": null, "office": null, "tourism": null, "healthcare": null, "craft": null, "name": null, "addr:housenumber": null, "addr:street": null }, "geometry": { "type": "Polygon", "coordinates": [ [ [ 77.6414389, 12.9103936 ], [ 77.641505, 12.9103925 ], [ 77.6415046, 12.9103722 ], [ 77.6415043, 12.9103556 ], [ 77.6414382, 12.9103568 ], [ 77.6414386, 12.9103764 ], [ 77.6414389, 12.9103936 ] ] ] } },
{ "type": "Feature", "properties": { "osm_id": "way/1272669587", "amenity": "motorcycle_parking", "shop": null, "office": null, "tourism": null, "healthcare": null, "craft": null, "name": null, "addr:housenumber": null, "addr:street": null }, "geometry": { "type": "Polygon", "coordinates": [ [ [ 77.6382888, 12.9121313 ], [ 77.6382908, 12.9121104 ], [ 77.6385374, 12.9121067 ], [ 77.6416889, 12.9120101 ], [ 77.6416948, 12.9120442 ], [ 77.6382888, 12.9121313 ] ] ] } },
{ "type": "Feature", "properties": { "osm_id": "way/1272669588", "amenity": "motorcycle_parking", "shop": null, "office": null, "tourism": null, "healthcare": null, "craft": null, "name": null, "addr:housenumber": null, "addr:street": null }, "geometry": { "type": "Polygon", "coordinates": [ [ [ 77.6418402, 12.9120311 ], [ 77.6418397, 12.9120075 ], [ 77.6426425, 12.9119929 ], [ 77.6426429, 12.9120163 ], [ 77.6418402, 12.9120311 ] ] ] } },
{ "type": "Feature", "properties": { "osm_id": "way/1272669593", "amenity": "shelter", "shop": null, "office": null, "tourism": null, "healthcare": null, "craft": null, "name": null, "addr:housenumber": null, "addr:street": null }, "geometry": { "type": "Polygon", "coordinates": [ [ [ 77.6414697, 12.9104894 ], [ 77.641498, 12.9104883 ], [ 77.6414968, 12.9104576 ], [ 77.6414685, 12.9104587 ], [ 77.6414697, 12.9104894 ] ] ] } },
{ "type": "Feature", "properties": { "osm_id": "way/1274231235", "amenity": "parking", "shop": null, "office": null, "tourism": null, "healthcare": null, "craft": null, "name": null, "addr:housenumber": null, "addr:street": null }, "geometry": { "type": "Polygon", "coordinates": [ [ [ 77.6518183, 12.9210607 ], [ 77.6517963, 12.9210179 ], [ 77.6522459, 12.920974 ], [ 77.6522691, 12.9210179 ], [ 77.6518183, 12.9210607 ] ] ] } },
{ "type": "Feature", "properties": { "osm_id": "way/1279060660", "amenity": null, "shop": null, "office": "company", "tourism": null, "healthcare": null, "craft": null, "name": "Bhagyalakshmi Square", "addr:housenumber": "17L", "addr:street": "18th cross, 19th main, Sector 3, HSRlayout" }, "geometry": { "type": "Polygon", "coordinates": [ [ [ 77.643054, 12.911837 ], [ 77.6431935, 12.911831 ], [ 77.6431845, 12.9116339 ], [ 77.643045, 12.91164 ], [ 77.643054, 12.911837 ] ] ] } },
{ "type": "Feature", "properties": { "osm_id": "way/1285831937", "amenity": "parking", "shop": null, "office": null, "tourism": null, "healthcare": null, "craft": null, "name": null, "addr:housenumber": null, "addr:street": null }, "geometry": { "type": "Polygon", "coordinates": [ [ [ 77.6372348, 12.916493 ], [ 77.6373718, 12.9164711 ], [ 77.6373331, 12.9162415 ], [ 77.6371961, 12.9162634 ], [ 77.6372348, 12.916493 ] ] ] } },
{ "type": "Feature", "properties": { "osm_id": "way/1302986399", "amenity": "toilets", "shop": null, "office": null, "tourism": null, "healthcare": null, "craft": null, "name": null, "addr:housenumber": null, "addr:street": null }, "geometry": { "type": "Polygon", "coordinates": [ [ [ 77.6382462, 12.9196665 ], [ 77.6382651, 12.9196654 ], [ 77.6382609, 12.919599 ], [ 77.638242, 12.9196001 ], [ 77.6382462, 12.9196665 ] ] ] } },
{ "type": "Feature", "properties": { "osm_id": "way/1318351693", "amenity": "shelter", "shop": null, "office": null, "tourism": null, "healthcare": null, "craft": null, "name": null, "addr:housenumber": null, "addr:street": null }, "geometry": { "type": "Polygon", "coordinates": [ [ [ 77.6387689, 12.9190913 ], [ 77.6388032, 12.9190897 ], [ 77.6388006, 12.9190362 ], [ 77.6387663, 12.9190378 ], [ 77.6387689, 12.9190913 ] ] ] } },
{ "type": "Feature", "properties": { "osm_id": "way/1425967093", "amenity": null, "shop": "car_repair", "office": null, "tourism": null, "healthcare": null, "craft": null, "name": null, "addr:housenumber": null, "addr:street": null }, "geometry": { "type": "Polygon", "coordinates": [ [ [ 77.6443163, 12.918797 ], [ 77.6429655, 12.9193368 ], [ 77.6432535, 12.9196961 ], [ 77.6433071, 12.9196673 ], [ 77.6446478, 12.9195825 ], [ 77.6446426, 12.9195151 ], [ 77.6445022, 12.9191531 ], [ 77.644445, 12.9191568 ], [ 77.6443163, 12.918797 ] ] ] } },
{ "type": "Feature", "properties": { "osm_id": "way/1446044500", "amenity": "place_of_worship", "shop": null, "office": null, "tourism": null, "healthcare": null, "craft": null, "name": null, "addr:housenumber": null, "addr:street": null }, "geometry": { "type": "Polygon", "coordinates": [ [ [ 77.6333951, 12.9188588 ], [ 77.6334535, 12.9188678 ], [ 77.6335551, 12.918862 ], [ 77.633589, 12.9188417 ], [ 77.6335704, 12.918732 ], [ 77.6333738, 12.9187682 ], [ 77.6333951, 12.9188588 ] ] ] } },
{ "type": "Feature", "properties": { "osm_id": "way/1446044638", "amenity": "place_of_worship", "shop": null, "office": null, "tourism": null, "healthcare": null, "craft": null, "name": "Sri Kaveramma and Munishwara Temple", "addr:housenumber": null, "addr:street": null }, "geometry": { "type": "Polygon", "coordinates": [ [ [ 77.6322698, 12.9170096 ], [ 77.6324424, 12.9169569 ], [ 77.6323958, 12.9167506 ], [ 77.632197, 12.9167716 ], [ 77.6322698, 12.9170096 ] ] ] } },
{ "type": "Feature", "properties": { "osm_id": "way/1446203059", "amenity": "school", "shop": null, "office": null, "tourism": null, "healthcare": null, "craft": null, "name": "Grammer Public HPS Venkarapura, Madiwala", "addr:housenumber": null, "addr:street": null }, "geometry": { "type": "Polygon", "coordinates": [ [ [ 77.6323339, 12.9196097 ], [ 77.6323693, 12.9195993 ], [ 77.6327091, 12.9194997 ], [ 77.6326757, 12.9193461 ], [ 77.6323062, 12.919423 ], [ 77.6322737, 12.9194314 ], [ 77.6323339, 12.9196097 ] ] ] } },
{ "type": "Feature", "properties": { "osm_id": "way/1462039294", "amenity": "place_of_worship", "shop": null, "office": null, "tourism": null, "healthcare": null, "craft": null, "name": null, "addr:housenumber": null, "addr:street": null }, "geometry": { "type": "Polygon", "coordinates": [ [ [ 77.6337672, 12.9211693 ], [ 77.6337812, 12.9212124 ], [ 77.6339503, 12.9211621 ], [ 77.6341508, 12.9210974 ], [ 77.6340555, 12.9208712 ], [ 77.6339389, 12.9208477 ], [ 77.6336586, 12.9209026 ], [ 77.6337672, 12.9211693 ] ] ] } },
{ "type": "Feature", "properties": { "osm_id": "way/1462502465", "amenity": "parking", "shop": null, "office": null, "tourism": null, "healthcare": null, "craft": null, "name": null, "addr:housenumber": null, "addr:street": null }, "geometry": { "type": "Polygon", "coordinates": [ [ [ 77.6362163, 12.9221488 ], [ 77.6365559, 12.9220408 ], [ 77.6365197, 12.9219377 ], [ 77.6361949, 12.9220493 ], [ 77.6361927, 12.9220536 ], [ 77.6362163, 12.9221488 ] ] ] } },
{ "type": "Feature", "properties": { "osm_id": "way/1462502467", "amenity": "place_of_worship", "shop": null, "office": null, "tourism": null, "healthcare": null, "craft": null, "name": null, "addr:housenumber": null, "addr:street": null }, "geometry": { "type": "Polygon", "coordinates": [ [ [ 77.6382277, 12.9205984 ], [ 77.6381577, 12.92036 ], [ 77.6379142, 12.9204274 ], [ 77.6380542, 12.9206539 ], [ 77.6382277, 12.9205984 ] ] ] } },
{ "type": "Feature", "properties": { "osm_id": "way/1463643863", "amenity": "school", "shop": null, "office": "educational_institution", "tourism": null, "healthcare": null, "craft": null, "name": "New Baldwin international school", "addr:housenumber": "837", "addr:street": "26th Main Road, 2nd Sector, HSR Layout" }, "geometry": { "type": "Polygon", "coordinates": [ [ [ 77.6505209, 12.905266 ], [ 77.6502241, 12.9052817 ], [ 77.6502912, 12.9057079 ], [ 77.6505759, 12.9056935 ], [ 77.6505209, 12.905266 ] ] ] } },
{ "type": "Feature", "properties": { "osm_id": "way/1561653643", "amenity": "place_of_worship", "shop": null, "office": null, "tourism": null, "healthcare": null, "craft": null, "name": "Sri Varasiddhi Vinayaka Temple", "addr:housenumber": null, "addr:street": "19th Cross Rd, Sector 7, HSR Layout" }, "geometry": { "type": "Polygon", "coordinates": [ [ [ 77.6364233, 12.9110085 ], [ 77.636029, 12.9110204 ], [ 77.6360464, 12.9113785 ], [ 77.6364474, 12.9113715 ], [ 77.6364233, 12.9110085 ] ] ] } },
{ "type": "Feature", "properties": { "osm_id": "way/1561885440", "amenity": "fuel", "shop": null, "office": null, "tourism": null, "healthcare": null, "craft": null, "name": null, "addr:housenumber": null, "addr:street": null }, "geometry": { "type": "Polygon", "coordinates": [ [ [ 77.6450412, 12.9071706 ], [ 77.6450577, 12.9074337 ], [ 77.6453442, 12.9074065 ], [ 77.645328, 12.9071537 ], [ 77.6450412, 12.9071706 ] ] ] } },
{ "type": "Feature", "properties": { "osm_id": "way/1561885582", "amenity": "place_of_worship", "shop": null, "office": null, "tourism": null, "healthcare": null, "craft": null, "name": null, "addr:housenumber": null, "addr:street": null }, "geometry": { "type": "Polygon", "coordinates": [ [ [ 77.6391175, 12.9076896 ], [ 77.6391082, 12.9074569 ], [ 77.6388748, 12.9075053 ], [ 77.6389848, 12.9076935 ], [ 77.6391175, 12.9076896 ] ] ] } }
]
}
